[ {
  "inode" : "002d9c20-bddf-4199-a634-738c546e9a50",
  "identifier" : "869adf9f53fc58e391e98dd316906145",
  "contentType" : "d6fed088b09d1aef8f8817661d43841a",
  "modDate" : "2025-06-22T22:36:15.728Z",
  "baseType" : "CONTENT",
  "showOnMenu" : false,
  "modUser" : "dotcms.org.1",
  "languageId" : 1,
  "owner" : "dotcms.org.1",
  "sortOrder" : 0,
  "disabledWysiwyg" : [ "        " ],
  "fields" : {
    "titulo" : {
      "value" : "Cerveza",
      "type" : "Text"
    },
    "destacado" : {
      "value" : "si",
      "type" : "Text-Radio"
    },
    "precio" : {
      "value" : "1700",
      "type" : "Text"
    },
    "descripcion" : {
      "value" : "<p>Cervezas</p>",
      "type" : "Wysiwyg"
    },
    "imagen1" : {
      "value" : "NuevaIdentidadImperial_02.jpeg",
      "metadata" : {
        "isImage" : true,
        "sha256" : "f7f091e22ef05312570e4ca077e1e465eb9fbf2d3a2fd4c62627f0b79108b0c5",
        "name" : "NuevaIdentidadImperial_02.jpeg",
        "contentType" : "image/jpeg"
      },
      "type" : "Binary"
    }
  },
  "modelVersion" : "2"
}, {
  "inode" : "00c6b359-e0a3-4590-8d10-7b15fa1d7417",
  "identifier" : "ebbc4df0f247b8d917cb2cc34e4c9ebf",
  "contentType" : "d6fed088b09d1aef8f8817661d43841a",
  "modDate" : "2025-06-22T23:16:31.695Z",
  "baseType" : "CONTENT",
  "showOnMenu" : false,
  "modUser" : "dotcms.org.1",
  "languageId" : 1,
  "owner" : "dotcms.org.1",
  "sortOrder" : 0,
  "disabledWysiwyg" : [ "  " ],
  "fields" : {
    "titulo" : {
      "value" : "Arroz con Pollo",
      "type" : "Text"
    },
    "destacado" : {
      "value" : "no",
      "type" : "Text-Radio"
    },
    "precio" : {
      "value" : "4000",
      "type" : "Text"
    },
    "descripcion" : {
      "value" : "<p>Arroz con pollo</p>",
      "type" : "Wysiwyg"
    }
  },
  "modelVersion" : "2"
}, {
  "inode" : "03999d16-00b0-414f-82b9-342403b31f02",
  "identifier" : "869adf9f53fc58e391e98dd316906145",
  "contentType" : "d6fed088b09d1aef8f8817661d43841a",
  "modDate" : "2025-06-20T06:03:32.968Z",
  "baseType" : "CONTENT",
  "showOnMenu" : false,
  "modUser" : "dotcms.org.1",
  "languageId" : 1,
  "owner" : "dotcms.org.1",
  "sortOrder" : 0,
  "disabledWysiwyg" : [ "    " ],
  "fields" : {
    "titulo" : {
      "value" : "Cerveza",
      "type" : "Text"
    },
    "destacado" : {
      "value" : "no",
      "type" : "Text-Radio"
    },
    "precio" : {
      "value" : "1700",
      "type" : "Text"
    },
    "descripcion" : {
      "value" : "<p>Cervezas</p>",
      "type" : "Wysiwyg"
    }
  },
  "modelVersion" : "2"
}, {
  "inode" : "06af1cd4-cddd-4b38-9114-81b97f4d628f",
  "identifier" : "7e2fd94025600f4f4a222f7ea71b9b83",
  "contentType" : "f2a3721bde8451663a4ca05f1abf921c",
  "modDate" : "2025-05-27T04:17:47.905Z",
  "baseType" : "CONTENT",
  "showOnMenu" : false,
  "modUser" : "dotcms.org.1",
  "languageId" : 1,
  "owner" : "dotcms.org.1",
  "sortOrder" : 0,
  "disabledWysiwyg" : [ "" ],
  "fields" : {
    "titulo" : {
      "value" : "Bebida",
      "type" : "Text"
    },
    "orden" : {
      "value" : 0,
      "type" : "Long"
    }
  },
  "modelVersion" : "2"
}, {
  "inode" : "09cd9e0c-fda0-4d53-98d2-e9fcd0be37de",
  "identifier" : "5bef0604a46f33e1c81f3bfe3152d99b",
  "contentType" : "d6fed088b09d1aef8f8817661d43841a",
  "modDate" : "2025-06-22T21:18:15.368Z",
  "baseType" : "CONTENT",
  "showOnMenu" : false,
  "modUser" : "dotcms.org.1",
  "languageId" : 1,
  "owner" : "dotcms.org.1",
  "sortOrder" : 0,
  "disabledWysiwyg" : [ "" ],
  "fields" : {
    "titulo" : {
      "value" : "Refresco Natural en Agua",
      "type" : "Text"
    },
    "destacado" : {
      "value" : "no",
      "type" : "Text-Radio"
    },
    "precio" : {
      "value" : "1500",
      "type" : "Text"
    },
    "descripcion" : {
      "value" : "<p>Natural:&nbsp; Tamarindo, Limon, Guanabana</p>",
      "type" : "Wysiwyg"
    }
  },
  "modelVersion" : "2"
}, {
  "inode" : "0a98358b-0654-430b-ac4a-c834183421e0",
  "identifier" : "bc77076c27b378501bf3d1651a3d0f17",
  "contentType" : "d6fed088b09d1aef8f8817661d43841a",
  "modDate" : "2025-05-26T00:49:16.595Z",
  "baseType" : "CONTENT",
  "showOnMenu" : false,
  "modUser" : "dotcms.org.1",
  "languageId" : 1,
  "owner" : "dotcms.org.1",
  "sortOrder" : 0,
  "disabledWysiwyg" : [ "  " ],
  "fields" : {
    "titulo" : {
      "value" : "Ceviche de Pescado",
      "type" : "Text"
    },
    "destacado" : {
      "value" : "no",
      "type" : "Text-Radio"
    },
    "precio" : {
      "value" : "2500",
      "type" : "Text"
    },
    "descripcion" : {
      "value" : "<p>Cl&aacute;sico ceviche de pescado fresco con lim&oacute;n, cebolla y culantro.</p>",
      "type" : "Wysiwyg"
    }
  },
  "modelVersion" : "2"
}, {
  "inode" : "0c33ecda-90c7-42b7-93e4-ab1693382499",
  "identifier" : "711ebf8c015bb795c7093ce57023f60c",
  "contentType" : "d6fed088b09d1aef8f8817661d43841a",
  "modDate" : "2025-06-22T22:36:18.125Z",
  "baseType" : "CONTENT",
  "showOnMenu" : false,
  "modUser" : "dotcms.org.1",
  "languageId" : 1,
  "owner" : "dotcms.org.1",
  "sortOrder" : 0,
  "disabledWysiwyg" : [ "" ],
  "fields" : {
    "titulo" : {
      "value" : "Yuca Frita",
      "type" : "Text"
    },
    "destacado" : {
      "value" : "no",
      "type" : "Text-Radio"
    },
    "precio" : {
      "value" : "2000",
      "type" : "Text"
    },
    "descripcion" : {
      "value" : "<p>Yuca Frita</p>",
      "type" : "Wysiwyg"
    }
  },
  "modelVersion" : "2"
}, {
  "inode" : "0cf99ba9-fcbd-4a5f-8922-c53db852f278",
  "identifier" : "f80462f82f4789f46652fec4cdc28874",
  "contentType" : "f2a3721bde8451663a4ca05f1abf921c",
  "modDate" : "2025-06-22T17:52:19.167Z",
  "baseType" : "CONTENT",
  "showOnMenu" : false,
  "modUser" : "dotcms.org.1",
  "languageId" : 1,
  "owner" : "dotcms.org.1",
  "sortOrder" : 0,
  "disabledWysiwyg" : [ "    " ],
  "fields" : {
    "titulo" : {
      "value" : "Principal",
      "type" : "Text"
    },
    "orden" : {
      "value" : 3,
      "type" : "Long"
    }
  },
  "modelVersion" : "2"
}, {
  "inode" : "0e3d7999-751e-4929-829f-c17fd8dfba2a",
  "identifier" : "44fae59d2fce7413ddfc63c6fd8df1aa",
  "contentType" : "f2a3721bde8451663a4ca05f1abf921c",
  "modDate" : "2025-05-27T05:11:27.049Z",
  "baseType" : "CONTENT",
  "showOnMenu" : false,
  "modUser" : "dotcms.org.1",
  "languageId" : 1,
  "owner" : "dotcms.org.1",
  "sortOrder" : 0,
  "disabledWysiwyg" : [ "" ],
  "fields" : {
    "titulo" : {
      "value" : "Postre",
      "type" : "Text"
    },
    "orden" : {
      "value" : 0,
      "type" : "Long"
    }
  },
  "modelVersion" : "2"
}, {
  "inode" : "109e8060-9c1f-4cfb-a676-764bbc041461",
  "identifier" : "869adf9f53fc58e391e98dd316906145",
  "contentType" : "d6fed088b09d1aef8f8817661d43841a",
  "modDate" : "2025-06-22T17:46:03.096Z",
  "baseType" : "CONTENT",
  "showOnMenu" : false,
  "modUser" : "dotcms.org.1",
  "languageId" : 1,
  "owner" : "dotcms.org.1",
  "sortOrder" : 0,
  "disabledWysiwyg" : [ "      " ],
  "fields" : {
    "titulo" : {
      "value" : "Cerveza",
      "type" : "Text"
    },
    "destacado" : {
      "value" : "no",
      "type" : "Text-Radio"
    },
    "precio" : {
      "value" : "1700",
      "type" : "Text"
    },
    "descripcion" : {
      "value" : "<p>Cervezas</p>",
      "type" : "Wysiwyg"
    },
    "imagen1" : {
      "value" : "NuevaIdentidadImperial_02.jpeg",
      "metadata" : {
        "isImage" : true,
        "sha256" : "f7f091e22ef05312570e4ca077e1e465eb9fbf2d3a2fd4c62627f0b79108b0c5",
        "name" : "NuevaIdentidadImperial_02.jpeg",
        "contentType" : "image/jpeg"
      },
      "type" : "Binary"
    }
  },
  "modelVersion" : "2"
}, {
  "inode" : "13ce2660-48b3-43db-9fda-0fa4eac63d9e",
  "identifier" : "44fae59d2fce7413ddfc63c6fd8df1aa",
  "contentType" : "f2a3721bde8451663a4ca05f1abf921c",
  "modDate" : "2025-06-22T17:46:05.081Z",
  "baseType" : "CONTENT",
  "showOnMenu" : false,
  "modUser" : "dotcms.org.1",
  "languageId" : 1,
  "owner" : "dotcms.org.1",
  "sortOrder" : 0,
  "disabledWysiwyg" : [ "  " ],
  "fields" : {
    "titulo" : {
      "value" : "Postre",
      "type" : "Text"
    },
    "orden" : {
      "value" : 0,
      "type" : "Long"
    }
  },
  "modelVersion" : "2"
}, {
  "inode" : "14747583-961b-401a-8e4b-a1b8992e86b0",
  "identifier" : "0e29d502b504dc8853482cca23064839",
  "contentType" : "d6fed088b09d1aef8f8817661d43841a",
  "modDate" : "2025-06-22T22:36:17.187Z",
  "baseType" : "CONTENT",
  "showOnMenu" : false,
  "modUser" : "dotcms.org.1",
  "languageId" : 1,
  "owner" : "dotcms.org.1",
  "sortOrder" : 0,
  "disabledWysiwyg" : [ "" ],
  "fields" : {
    "titulo" : {
      "value" : "Chocolate Frio",
      "type" : "Text"
    },
    "destacado" : {
      "value" : "no",
      "type" : "Text-Radio"
    },
    "precio" : {
      "value" : "1500",
      "type" : "Text"
    },
    "descripcion" : {
      "value" : "<p>Chocolate Frio</p>",
      "type" : "Wysiwyg"
    }
  },
  "modelVersion" : "2"
}, {
  "inode" : "1995d621-48a6-4e78-860a-6b7098ffe280",
  "identifier" : "1c67e9124578780060d3dd818f7502b4",
  "contentType" : "d6fed088b09d1aef8f8817661d43841a",
  "modDate" : "2025-06-22T21:13:00.396Z",
  "baseType" : "CONTENT",
  "showOnMenu" : false,
  "modUser" : "dotcms.org.1",
  "languageId" : 1,
  "owner" : "dotcms.org.1",
  "sortOrder" : 0,
  "disabledWysiwyg" : [ "  " ],
  "fields" : {
    "titulo" : {
      "value" : "Queque de Chocolate",
      "type" : "Text"
    },
    "destacado" : {
      "value" : "no",
      "type" : "Text-Radio"
    },
    "precio" : {
      "value" : "2500",
      "type" : "Text"
    },
    "descripcion" : {
      "value" : "<p>Queque de Chocolate</p>",
      "type" : "Wysiwyg"
    }
  },
  "modelVersion" : "2"
}, {
  "inode" : "1a707929-ce13-49c3-9678-24abd9e5fc3b",
  "identifier" : "a083e942-5fb0-47ef-9619-6f8f40593474",
  "contentType" : "f2d8a1c7-2b77-2081-bcf1-b5348988c08d",
  "modDate" : "2025-06-22T17:46:17.378Z",
  "baseType" : "DOTASSET",
  "showOnMenu" : false,
  "modUser" : "dotcms.org.1",
  "languageId" : 1,
  "owner" : "system",
  "sortOrder" : 0,
  "disabledWysiwyg" : [ ],
  "fields" : {
    "asset" : {
      "value" : "company_logo.png",
      "metadata" : {
        "isImage" : true,
        "sha256" : "6f59e8d34e7b67b14948f228110f14ef13bf2f19d949dc19ea3da08cd7ef74d0",
        "name" : "company_logo.png",
        "contentType" : "image/png"
      },
      "type" : "Binary"
    }
  },
  "modelVersion" : "2"
}, {
  "inode" : "1ad27943-dde6-4f21-a0fd-37d77e5bd4a9",
  "identifier" : "bc77076c27b378501bf3d1651a3d0f17",
  "contentType" : "d6fed088b09d1aef8f8817661d43841a",
  "modDate" : "2025-06-22T17:46:06.047Z",
  "baseType" : "CONTENT",
  "showOnMenu" : false,
  "modUser" : "dotcms.org.1",
  "languageId" : 1,
  "owner" : "dotcms.org.1",
  "sortOrder" : 0,
  "disabledWysiwyg" : [ "    " ],
  "fields" : {
    "titulo" : {
      "value" : "Ceviche de Pescado",
      "type" : "Text"
    },
    "destacado" : {
      "value" : "no",
      "type" : "Text-Radio"
    },
    "precio" : {
      "value" : "2500",
      "type" : "Text"
    },
    "descripcion" : {
      "value" : "<p>Cl&aacute;sico ceviche de pescado fresco con lim&oacute;n, cebolla y culantro.</p>",
      "type" : "Wysiwyg"
    },
    "imagen1" : {
      "value" : "DSC_0318.jpg",
      "metadata" : {
        "isImage" : true,
        "sha256" : "b149248ee420bd24a531bbf1915f16b431549463326903d9999b14dc12f9979e",
        "name" : "DSC_0318.jpg",
        "contentType" : "image/jpeg"
      },
      "type" : "Binary"
    }
  },
  "modelVersion" : "2"
}, {
  "inode" : "1b407535-67e3-4f21-ad00-8ef5ef492d64",
  "identifier" : "8a7d5e23-da1e-420a-b4f0-471e7da8ea2d",
  "contentType" : "855a2d72-f2f3-4169-8b04-ac5157c4380c",
  "modDate" : "2023-05-25T21:56:50.282Z",
  "baseType" : "CONTENT",
  "showOnMenu" : false,
  "modUser" : "dotcms.org.1",
  "languageId" : 1,
  "owner" : "dotcms.org.1",
  "sortOrder" : 0,
  "disabledWysiwyg" : [ ],
  "fields" : {
    "hostName" : {
      "value" : "default",
      "type" : "Text"
    },
    "tagStorage" : {
      "value" : "8a7d5e23-da1e-420a-b4f0-471e7da8ea2d",
      "type" : "Custom"
    },
    "isDefault" : {
      "value" : true,
      "type" : "Bool-Hidden"
    },
    "isSystemHost" : {
      "value" : false,
      "type" : "Bool-Hidden"
    },
    "runDashboard" : {
      "value" : false,
      "type" : "Bool-Radio"
    }
  },
  "modelVersion" : "2"
}, {
  "inode" : "22176901-2fc4-472b-bae5-fc7049092f61",
  "identifier" : "7e2fd94025600f4f4a222f7ea71b9b83",
  "contentType" : "f2a3721bde8451663a4ca05f1abf921c",
  "modDate" : "2025-06-22T17:46:02.593Z",
  "baseType" : "CONTENT",
  "showOnMenu" : false,
  "modUser" : "dotcms.org.1",
  "languageId" : 1,
  "owner" : "dotcms.org.1",
  "sortOrder" : 0,
  "disabledWysiwyg" : [ "      " ],
  "fields" : {
    "titulo" : {
      "value" : "Bebida",
      "type" : "Text"
    },
    "orden" : {
      "value" : 0,
      "type" : "Long"
    }
  },
  "modelVersion" : "2"
}, {
  "inode" : "2965c5af-50d2-4c13-81c3-da8398fb14bd",
  "identifier" : "1c67e9124578780060d3dd818f7502b4",
  "contentType" : "d6fed088b09d1aef8f8817661d43841a",
  "modDate" : "2025-06-22T23:12:56.868Z",
  "baseType" : "CONTENT",
  "showOnMenu" : false,
  "modUser" : "dotcms.org.1",
  "languageId" : 1,
  "owner" : "dotcms.org.1",
  "sortOrder" : 0,
  "disabledWysiwyg" : [ "    " ],
  "fields" : {
    "titulo" : {
      "value" : "Queque de Chocolate",
      "type" : "Text"
    },
    "destacado" : {
      "value" : "no",
      "type" : "Text-Radio"
    },
    "precio" : {
      "value" : "2500",
      "type" : "Text"
    },
    "descripcion" : {
      "value" : "<p>Queque de Chocolate</p>",
      "type" : "Wysiwyg"
    }
  },
  "modelVersion" : "2"
}, {
  "inode" : "2dd47964-bf11-4c5a-b1e0-0ff631270111",
  "identifier" : "ebbc4df0f247b8d917cb2cc34e4c9ebf",
  "contentType" : "d6fed088b09d1aef8f8817661d43841a",
  "modDate" : "2025-06-22T22:36:15.728Z",
  "baseType" : "CONTENT",
  "showOnMenu" : false,
  "modUser" : "dotcms.org.1",
  "languageId" : 1,
  "owner" : "dotcms.org.1",
  "sortOrder" : 0,
  "disabledWysiwyg" : [ "" ],
  "fields" : {
    "titulo" : {
      "value" : "Arroz con Pollo",
      "type" : "Text"
    },
    "destacado" : {
      "value" : "no",
      "type" : "Text-Radio"
    },
    "precio" : {
      "value" : "4000",
      "type" : "Text"
    },
    "descripcion" : {
      "value" : "<p>Arroz con pollo</p>",
      "type" : "Wysiwyg"
    }
  },
  "modelVersion" : "2"
}, {
  "inode" : "302dc99b-30f1-4e3b-a078-5bb8f143b0bb",
  "identifier" : "ff6cafba20d7b8ed81659b194636d0e2",
  "contentType" : "d6fed088b09d1aef8f8817661d43841a",
  "modDate" : "2025-06-22T21:17:14.638Z",
  "baseType" : "CONTENT",
  "showOnMenu" : false,
  "modUser" : "dotcms.org.1",
  "languageId" : 1,
  "owner" : "dotcms.org.1",
  "sortOrder" : 0,
  "disabledWysiwyg" : [ "" ],
  "fields" : {
    "titulo" : {
      "value" : "Cafe Frio",
      "type" : "Text"
    },
    "destacado" : {
      "value" : "no",
      "type" : "Text-Radio"
    },
    "precio" : {
      "value" : "1500",
      "type" : "Text"
    },
    "descripcion" : {
      "value" : "<p>Cafe Frio</p>",
      "type" : "Wysiwyg"
    }
  },
  "modelVersion" : "2"
}, {
  "inode" : "3534732a-6df1-4f23-b823-a035f367d001",
  "identifier" : "9a57e9fa7d2087764d4bb773bfe3fdd5",
  "contentType" : "f2a3721bde8451663a4ca05f1abf921c",
  "modDate" : "2025-06-22T17:52:26.062Z",
  "baseType" : "CONTENT",
  "showOnMenu" : false,
  "modUser" : "dotcms.org.1",
  "languageId" : 1,
  "owner" : "dotcms.org.1",
  "sortOrder" : 0,
  "disabledWysiwyg" : [ "      " ],
  "fields" : {
    "titulo" : {
      "value" : "Entrada",
      "type" : "Text"
    },
    "orden" : {
      "value" : 2,
      "type" : "Long"
    }
  },
  "modelVersion" : "2"
}, {
  "inode" : "35d09939-0cdb-4f15-9548-ab3f885bd829",
  "identifier" : "1c67e9124578780060d3dd818f7502b4",
  "contentType" : "d6fed088b09d1aef8f8817661d43841a",
  "modDate" : "2025-06-22T23:14:11.380Z",
  "baseType" : "CONTENT",
  "showOnMenu" : false,
  "modUser" : "dotcms.org.1",
  "languageId" : 1,
  "owner" : "dotcms.org.1",
  "sortOrder" : 0,
  "disabledWysiwyg" : [ "      " ],
  "fields" : {
    "titulo" : {
      "value" : "Queque de Chocolate",
      "type" : "Text"
    },
    "destacado" : {
      "value" : "no",
      "type" : "Text-Radio"
    },
    "precio" : {
      "value" : "2500",
      "type" : "Text"
    },
    "descripcion" : {
      "value" : "<p>Queque de Chocolate</p>",
      "type" : "Wysiwyg"
    }
  },
  "modelVersion" : "2"
}, {
  "inode" : "35d66034-2f95-4631-9142-9016d7361856",
  "identifier" : "18dd9bb9b45b9da5fa7852523b561b0b",
  "contentType" : "d6fed088b09d1aef8f8817661d43841a",
  "modDate" : "2025-05-26T00:49:08.375Z",
  "baseType" : "CONTENT",
  "showOnMenu" : false,
  "modUser" : "dotcms.org.1",
  "languageId" : 1,
  "owner" : "dotcms.org.1",
  "sortOrder" : 0,
  "disabledWysiwyg" : [ "  " ],
  "fields" : {
    "titulo" : {
      "value" : "Gaseosas",
      "type" : "Text"
    },
    "destacado" : {
      "value" : "no",
      "type" : "Text-Radio"
    },
    "precio" : {
      "value" : "1000",
      "type" : "Text"
    },
    "descripcion" : {
      "value" : "<p>Coca-cola, Fanta Naranja, Fanta Kolita, etc</p>",
      "type" : "Wysiwyg"
    }
  },
  "modelVersion" : "2"
}, {
  "inode" : "3b493b25-68b2-49ab-aa34-12f2998b7d1d",
  "identifier" : "0c7104291a673c2d49155b11c11c7a6e",
  "contentType" : "d6fed088b09d1aef8f8817661d43841a",
  "modDate" : "2025-06-22T22:36:18.588Z",
  "baseType" : "CONTENT",
  "showOnMenu" : false,
  "modUser" : "dotcms.org.1",
  "languageId" : 1,
  "owner" : "dotcms.org.1",
  "sortOrder" : 0,
  "disabledWysiwyg" : [ "" ],
  "fields" : {
    "titulo" : {
      "value" : "Ceviche de Camaron",
      "type" : "Text"
    },
    "destacado" : {
      "value" : "no",
      "type" : "Text-Radio"
    },
    "precio" : {
      "value" : "2000",
      "type" : "Text"
    },
    "descripcion" : {
      "value" : "<p>Ceviche de Camaron</p>",
      "type" : "Wysiwyg"
    }
  },
  "modelVersion" : "2"
}, {
  "inode" : "3bfb2a49-74eb-415e-bdc3-47b9c967c72d",
  "identifier" : "7e2fd94025600f4f4a222f7ea71b9b83",
  "contentType" : "f2a3721bde8451663a4ca05f1abf921c",
  "modDate" : "2025-06-22T17:52:32.663Z",
  "baseType" : "CONTENT",
  "showOnMenu" : false,
  "modUser" : "dotcms.org.1",
  "languageId" : 1,
  "owner" : "dotcms.org.1",
  "sortOrder" : 0,
  "disabledWysiwyg" : [ "        " ],
  "fields" : {
    "titulo" : {
      "value" : "Bebida",
      "type" : "Text"
    },
    "orden" : {
      "value" : 1,
      "type" : "Long"
    }
  },
  "modelVersion" : "2"
}, {
  "inode" : "3fa24c86-4c44-4adc-b6cb-3928ede48e11",
  "identifier" : "869adf9f53fc58e391e98dd316906145",
  "contentType" : "d6fed088b09d1aef8f8817661d43841a",
  "modDate" : "2025-06-20T03:12:59.874Z",
  "baseType" : "CONTENT",
  "showOnMenu" : false,
  "modUser" : "dotcms.org.1",
  "languageId" : 1,
  "owner" : "dotcms.org.1",
  "sortOrder" : 0,
  "disabledWysiwyg" : [ "" ],
  "fields" : {
    "titulo" : {
      "value" : "Cerveza",
      "type" : "Text"
    },
    "destacado" : {
      "value" : "no",
      "type" : "Text-Radio"
    },
    "precio" : {
      "value" : "1500",
      "type" : "Text"
    },
    "descripcion" : {
      "value" : "<p>Cervezas</p>",
      "type" : "Wysiwyg"
    }
  },
  "modelVersion" : "2"
}, {
  "inode" : "3fbda471-5081-4886-999c-f014456e15b4",
  "identifier" : "8a7d5e23-da1e-420a-b4f0-471e7da8ea2d",
  "contentType" : "855a2d72-f2f3-4169-8b04-ac5157c4380c",
  "modDate" : "+52273-02-25T21:31:35Z",
  "baseType" : "CONTENT",
  "showOnMenu" : false,
  "modUser" : "system",
  "languageId" : 1,
  "owner" : "dotcms.org.1",
  "sortOrder" : 0,
  "disabledWysiwyg" : [ ],
  "fields" : {
    "hostName" : {
      "value" : "default",
      "type" : "Text"
    },
    "tagStorage" : {
      "value" : "8a7d5e23-da1e-420a-b4f0-471e7da8ea2d",
      "type" : "Custom"
    },
    "isDefault" : {
      "value" : false,
      "type" : "Bool-Hidden"
    },
    "isSystemHost" : {
      "value" : false,
      "type" : "Bool-Hidden"
    },
    "runDashboard" : {
      "value" : false,
      "type" : "Bool-Radio"
    }
  },
  "modelVersion" : "2"
}, {
  "inode" : "4515d2b1-71cf-4e26-ba86-b58a83941448",
  "identifier" : "7ac8498f340f54645f72e8da33f57c71",
  "contentType" : "d6fed088b09d1aef8f8817661d43841a",
  "modDate" : "2025-06-22T22:36:17.196Z",
  "baseType" : "CONTENT",
  "showOnMenu" : false,
  "modUser" : "dotcms.org.1",
  "languageId" : 1,
  "owner" : "dotcms.org.1",
  "sortOrder" : 0,
  "disabledWysiwyg" : [ "          " ],
  "fields" : {
    "titulo" : {
      "value" : "Patacones",
      "type" : "Text"
    },
    "destacado" : {
      "value" : "no",
      "type" : "Text-Radio"
    },
    "precio" : {
      "value" : "4000",
      "type" : "Text"
    },
    "descripcion" : {
      "value" : "<p>Patacones</p>",
      "type" : "Wysiwyg"
    },
    "imagen1" : {
      "value" : "Patacones-o-tostones-caseros.jpg",
      "metadata" : {
        "isImage" : true,
        "sha256" : "ca1744c1a375c2342cf47f72bc0e6e176775da7e554cff6a637c5a879a28c805",
        "name" : "Patacones-o-tostones-caseros.jpg",
        "contentType" : "image/jpeg"
      },
      "type" : "Binary"
    }
  },
  "modelVersion" : "2"
}, {
  "inode" : "4756ade3-2b23-47b5-9fd7-dffea77ed941",
  "identifier" : "18506fe702147b518d51b68189be316a",
  "contentType" : "d6fed088b09d1aef8f8817661d43841a",
  "modDate" : "2025-06-22T21:14:28.619Z",
  "baseType" : "CONTENT",
  "showOnMenu" : false,
  "modUser" : "dotcms.org.1",
  "languageId" : 1,
  "owner" : "dotcms.org.1",
  "sortOrder" : 0,
  "disabledWysiwyg" : [ "" ],
  "fields" : {
    "titulo" : {
      "value" : "Arroz con Mariscos",
      "type" : "Text"
    },
    "destacado" : {
      "value" : "si",
      "type" : "Text-Radio"
    },
    "precio" : {
      "value" : "4500",
      "type" : "Text"
    },
    "descripcion" : {
      "value" : "<p>Arroz Con Mariscos</p>",
      "type" : "Wysiwyg"
    }
  },
  "modelVersion" : "2"
}, {
  "inode" : "4901870e-fcb5-4c53-948a-304b059e8bb0",
  "identifier" : "18dd9bb9b45b9da5fa7852523b561b0b",
  "contentType" : "d6fed088b09d1aef8f8817661d43841a",
  "modDate" : "2025-05-25T23:57:16.303Z",
  "baseType" : "CONTENT",
  "showOnMenu" : false,
  "modUser" : "dotcms.org.1",
  "languageId" : 1,
  "owner" : "dotcms.org.1",
  "sortOrder" : 0,
  "disabledWysiwyg" : [ "" ],
  "fields" : {
    "titulo" : {
      "value" : "Gaseosas",
      "type" : "Text"
    },
    "precio" : {
      "value" : "1000",
      "type" : "Text"
    },
    "descripcion" : {
      "value" : "<p>Coca-cola, Fanta Naranja, Fanta Kolita, etc</p>",
      "type" : "Wysiwyg"
    }
  },
  "modelVersion" : "2"
}, {
  "inode" : "4d046db5-e805-408f-b675-cb226b9274fb",
  "identifier" : "f80462f82f4789f46652fec4cdc28874",
  "contentType" : "f2a3721bde8451663a4ca05f1abf921c",
  "modDate" : "2025-06-22T23:15:22.726Z",
  "baseType" : "CONTENT",
  "showOnMenu" : false,
  "modUser" : "dotcms.org.1",
  "languageId" : 1,
  "owner" : "dotcms.org.1",
  "sortOrder" : 0,
  "disabledWysiwyg" : [ "      " ],
  "fields" : {
    "titulo" : {
      "value" : "Principal",
      "type" : "Text"
    },
    "orden" : {
      "value" : 3,
      "type" : "Long"
    }
  },
  "modelVersion" : "2"
}, {
  "inode" : "4e2c19d9-ed17-44a3-86d7-569a77de26bc",
  "identifier" : "7ac8498f340f54645f72e8da33f57c71",
  "contentType" : "d6fed088b09d1aef8f8817661d43841a",
  "modDate" : "2025-05-26T00:00:54.778Z",
  "baseType" : "CONTENT",
  "showOnMenu" : false,
  "modUser" : "dotcms.org.1",
  "languageId" : 1,
  "owner" : "dotcms.org.1",
  "sortOrder" : 0,
  "disabledWysiwyg" : [ "" ],
  "fields" : {
    "titulo" : {
      "value" : "Patacones",
      "type" : "Text"
    },
    "precio" : {
      "value" : "4000",
      "type" : "Text"
    },
    "descripcion" : {
      "value" : "<p>Patacones</p>",
      "type" : "Wysiwyg"
    }
  },
  "modelVersion" : "2"
}, {
  "inode" : "52f6c0e2-7978-483b-a0a2-c589044db9e7",
  "identifier" : "a083e942-5fb0-47ef-9619-6f8f40593474",
  "contentType" : "f2d8a1c7-2b77-2081-bcf1-b5348988c08d",
  "modDate" : "2023-05-25T21:56:50.282Z",
  "baseType" : "DOTASSET",
  "showOnMenu" : false,
  "modUser" : "system",
  "languageId" : 1,
  "owner" : "system",
  "sortOrder" : 0,
  "disabledWysiwyg" : [ ],
  "fields" : {
    "asset" : {
      "value" : "company_logo.png",
      "metadata" : {
        "isImage" : true,
        "sha256" : "6f59e8d34e7b67b14948f228110f14ef13bf2f19d949dc19ea3da08cd7ef74d0",
        "name" : "company_logo.png",
        "contentType" : "image/png"
      },
      "type" : "Binary"
    }
  },
  "modelVersion" : "2"
}, {
  "inode" : "538f2cfd-3e10-43d9-9c47-c8bb701241ad",
  "identifier" : "7e2fd94025600f4f4a222f7ea71b9b83",
  "contentType" : "f2a3721bde8451663a4ca05f1abf921c",
  "modDate" : "2025-06-22T17:38:57.496Z",
  "baseType" : "CONTENT",
  "showOnMenu" : false,
  "modUser" : "dotcms.org.1",
  "languageId" : 1,
  "owner" : "dotcms.org.1",
  "sortOrder" : 0,
  "disabledWysiwyg" : [ "      " ],
  "fields" : {
    "titulo" : {
      "value" : "Bebida",
      "type" : "Text"
    },
    "orden" : {
      "value" : 0,
      "type" : "Long"
    }
  },
  "modelVersion" : "2"
}, {
  "inode" : "5566e5bd-ab7b-4c43-830d-c8560b2a8796",
  "identifier" : "f80462f82f4789f46652fec4cdc28874",
  "contentType" : "f2a3721bde8451663a4ca05f1abf921c",
  "modDate" : "2025-06-22T17:46:04.594Z",
  "baseType" : "CONTENT",
  "showOnMenu" : false,
  "modUser" : "dotcms.org.1",
  "languageId" : 1,
  "owner" : "dotcms.org.1",
  "sortOrder" : 0,
  "disabledWysiwyg" : [ "  " ],
  "fields" : {
    "titulo" : {
      "value" : "Principal",
      "type" : "Text"
    },
    "orden" : {
      "value" : 0,
      "type" : "Long"
    }
  },
  "modelVersion" : "2"
}, {
  "inode" : "59d835d6-84ff-444a-86b6-e8ca04d85f5c",
  "identifier" : "5bef0604a46f33e1c81f3bfe3152d99b",
  "contentType" : "d6fed088b09d1aef8f8817661d43841a",
  "modDate" : "2025-06-22T22:36:16.244Z",
  "baseType" : "CONTENT",
  "showOnMenu" : false,
  "modUser" : "dotcms.org.1",
  "languageId" : 1,
  "owner" : "dotcms.org.1",
  "sortOrder" : 0,
  "disabledWysiwyg" : [ "  " ],
  "fields" : {
    "titulo" : {
      "value" : "Refresco Natural en Agua",
      "type" : "Text"
    },
    "destacado" : {
      "value" : "si",
      "type" : "Text-Radio"
    },
    "precio" : {
      "value" : "1500",
      "type" : "Text"
    },
    "descripcion" : {
      "value" : "<p>Natural:&nbsp; Tamarindo, Limon, Guanabana</p>",
      "type" : "Wysiwyg"
    }
  },
  "modelVersion" : "2"
}, {
  "inode" : "5bd9f724-cb9a-4542-8d3c-0bfef70644c6",
  "identifier" : "9a57e9fa7d2087764d4bb773bfe3fdd5",
  "contentType" : "f2a3721bde8451663a4ca05f1abf921c",
  "modDate" : "2025-06-22T17:42:56.933Z",
  "baseType" : "CONTENT",
  "showOnMenu" : false,
  "modUser" : "dotcms.org.1",
  "languageId" : 1,
  "owner" : "dotcms.org.1",
  "sortOrder" : 0,
  "disabledWysiwyg" : [ "    " ],
  "fields" : {
    "titulo" : {
      "value" : "Entrada",
      "type" : "Text"
    },
    "orden" : {
      "value" : 0,
      "type" : "Long"
    }
  },
  "modelVersion" : "2"
}, {
  "inode" : "622ef276-a50f-4aec-a249-5761e99ddbc2",
  "identifier" : "347c1236a88f2a779963b7ff24f876f1",
  "contentType" : "d6fed088b09d1aef8f8817661d43841a",
  "modDate" : "2025-06-22T22:36:16.724Z",
  "baseType" : "CONTENT",
  "showOnMenu" : false,
  "modUser" : "dotcms.org.1",
  "languageId" : 1,
  "owner" : "dotcms.org.1",
  "sortOrder" : 0,
  "disabledWysiwyg" : [ "    " ],
  "fields" : {
    "titulo" : {
      "value" : "Pesca Del Dia",
      "type" : "Text"
    },
    "destacado" : {
      "value" : "si",
      "type" : "Text-Radio"
    },
    "precio" : {
      "value" : "7500",
      "type" : "Text"
    },
    "descripcion" : {
      "value" : "<p>Del mar a tu mesa: pescado fresco del d&iacute;a, preparado con el sabor aut&eacute;ntico de la costa.</p>",
      "type" : "Wysiwyg"
    },
    "imagen1" : {
      "value" : "Captura-de-pantalla-2025-05-12-090749.webp",
      "metadata" : {
        "isImage" : true,
        "sha256" : "836ddfb2e61309f75c4e793bc30994eb9c9e2c80137b411794fa0d9cbd8b8dde",
        "name" : "Captura-de-pantalla-2025-05-12-090749.webp",
        "contentType" : "image/webp"
      },
      "type" : "Binary"
    }
  },
  "modelVersion" : "2"
}, {
  "inode" : "6283402d-75eb-4eae-bd78-8db0b7b1c1b5",
  "identifier" : "7ac8498f340f54645f72e8da33f57c71",
  "contentType" : "d6fed088b09d1aef8f8817661d43841a",
  "modDate" : "2025-05-26T00:48:59.114Z",
  "baseType" : "CONTENT",
  "showOnMenu" : false,
  "modUser" : "dotcms.org.1",
  "languageId" : 1,
  "owner" : "dotcms.org.1",
  "sortOrder" : 0,
  "disabledWysiwyg" : [ "  " ],
  "fields" : {
    "titulo" : {
      "value" : "Patacones",
      "type" : "Text"
    },
    "destacado" : {
      "value" : "no",
      "type" : "Text-Radio"
    },
    "precio" : {
      "value" : "4000",
      "type" : "Text"
    },
    "descripcion" : {
      "value" : "<p>Patacones</p>",
      "type" : "Wysiwyg"
    }
  },
  "modelVersion" : "2"
}, {
  "inode" : "631c0b53-5db1-47f3-b889-058e60f03dcd",
  "identifier" : "18dd9bb9b45b9da5fa7852523b561b0b",
  "contentType" : "d6fed088b09d1aef8f8817661d43841a",
  "modDate" : "2025-06-22T23:02:42.293Z",
  "baseType" : "CONTENT",
  "showOnMenu" : false,
  "modUser" : "dotcms.org.1",
  "languageId" : 1,
  "owner" : "dotcms.org.1",
  "sortOrder" : 0,
  "disabledWysiwyg" : [ "        " ],
  "fields" : {
    "titulo" : {
      "value" : "Gaseosas",
      "type" : "Text"
    },
    "destacado" : {
      "value" : "no",
      "type" : "Text-Radio"
    },
    "precio" : {
      "value" : "1000",
      "type" : "Text"
    },
    "descripcion" : {
      "value" : "<p>Coca-cola, Fanta Naranja, Fanta Kolita, etc</p>",
      "type" : "Wysiwyg"
    },
    "imagen1" : {
      "value" : "98.jpg",
      "metadata" : {
        "isImage" : true,
        "sha256" : "d82a854c008d026eb86d8e771b10c8693142a250cb7f9fd91b26ffadc95feca0",
        "name" : "98.jpg",
        "contentType" : "image/jpeg"
      },
      "type" : "Binary"
    }
  },
  "modelVersion" : "2"
}, {
  "inode" : "653d8037-571c-4264-8e5b-0e48b2cf85b2",
  "identifier" : "9a57e9fa7d2087764d4bb773bfe3fdd5",
  "contentType" : "f2a3721bde8451663a4ca05f1abf921c",
  "modDate" : "2025-06-22T17:46:02.070Z",
  "baseType" : "CONTENT",
  "showOnMenu" : false,
  "modUser" : "dotcms.org.1",
  "languageId" : 1,
  "owner" : "dotcms.org.1",
  "sortOrder" : 0,
  "disabledWysiwyg" : [ "    " ],
  "fields" : {
    "titulo" : {
      "value" : "Entrada",
      "type" : "Text"
    },
    "orden" : {
      "value" : 0,
      "type" : "Long"
    }
  },
  "modelVersion" : "2"
}, {
  "inode" : "661c847e-778d-4fc1-89f9-32b1a1474492",
  "identifier" : "7ac8498f340f54645f72e8da33f57c71",
  "contentType" : "d6fed088b09d1aef8f8817661d43841a",
  "modDate" : "2025-05-27T04:18:20.477Z",
  "baseType" : "CONTENT",
  "showOnMenu" : false,
  "modUser" : "dotcms.org.1",
  "languageId" : 1,
  "owner" : "dotcms.org.1",
  "sortOrder" : 0,
  "disabledWysiwyg" : [ "      " ],
  "fields" : {
    "titulo" : {
      "value" : "Patacones",
      "type" : "Text"
    },
    "destacado" : {
      "value" : "no",
      "type" : "Text-Radio"
    },
    "precio" : {
      "value" : "4000",
      "type" : "Text"
    },
    "descripcion" : {
      "value" : "<p>Patacones</p>",
      "type" : "Wysiwyg"
    }
  },
  "modelVersion" : "2"
}, {
  "inode" : "693a9c17-c201-4ada-a0eb-5a7d1402f975",
  "identifier" : "1c67e9124578780060d3dd818f7502b4",
  "contentType" : "d6fed088b09d1aef8f8817661d43841a",
  "modDate" : "2025-06-22T22:36:19.980Z",
  "baseType" : "CONTENT",
  "showOnMenu" : false,
  "modUser" : "dotcms.org.1",
  "languageId" : 1,
  "owner" : "dotcms.org.1",
  "sortOrder" : 0,
  "disabledWysiwyg" : [ "  " ],
  "fields" : {
    "titulo" : {
      "value" : "Queque de Chocolate",
      "type" : "Text"
    },
    "destacado" : {
      "value" : "no",
      "type" : "Text-Radio"
    },
    "precio" : {
      "value" : "2500",
      "type" : "Text"
    },
    "descripcion" : {
      "value" : "<p>Queque de Chocolate</p>",
      "type" : "Wysiwyg"
    }
  },
  "modelVersion" : "2"
}, {
  "inode" : "6a4eef6d-6d4d-416f-9e56-66c5bdaf1cc4",
  "identifier" : "f80462f82f4789f46652fec4cdc28874",
  "contentType" : "f2a3721bde8451663a4ca05f1abf921c",
  "modDate" : "2025-05-27T04:18:01.098Z",
  "baseType" : "CONTENT",
  "showOnMenu" : false,
  "modUser" : "dotcms.org.1",
  "languageId" : 1,
  "owner" : "dotcms.org.1",
  "sortOrder" : 0,
  "disabledWysiwyg" : [ "" ],
  "fields" : {
    "titulo" : {
      "value" : "Principal",
      "type" : "Text"
    },
    "orden" : {
      "value" : 0,
      "type" : "Long"
    }
  },
  "modelVersion" : "2"
}, {
  "inode" : "6bcbec3b-7c64-4486-9ea0-e807b41b3be3",
  "identifier" : "0c7104291a673c2d49155b11c11c7a6e",
  "contentType" : "d6fed088b09d1aef8f8817661d43841a",
  "modDate" : "2025-06-22T21:16:04.322Z",
  "baseType" : "CONTENT",
  "showOnMenu" : false,
  "modUser" : "dotcms.org.1",
  "languageId" : 1,
  "owner" : "dotcms.org.1",
  "sortOrder" : 0,
  "disabledWysiwyg" : [ "" ],
  "fields" : {
    "titulo" : {
      "value" : "Ceviche de Camaron",
      "type" : "Text"
    },
    "destacado" : {
      "value" : "no",
      "type" : "Text-Radio"
    },
    "precio" : {
      "value" : "2000",
      "type" : "Text"
    },
    "descripcion" : {
      "value" : "<p>Ceviche de Camaron</p>",
      "type" : "Wysiwyg"
    }
  },
  "modelVersion" : "2"
}, {
  "inode" : "702f6542-8f0b-4a07-957b-8808988d6675",
  "identifier" : "7e2fd94025600f4f4a222f7ea71b9b83",
  "contentType" : "f2a3721bde8451663a4ca05f1abf921c",
  "modDate" : "2025-05-27T05:13:36.150Z",
  "baseType" : "CONTENT",
  "showOnMenu" : false,
  "modUser" : "dotcms.org.1",
  "languageId" : 1,
  "owner" : "dotcms.org.1",
  "sortOrder" : 0,
  "disabledWysiwyg" : [ "  " ],
  "fields" : {
    "titulo" : {
      "value" : "Bebida",
      "type" : "Text"
    },
    "orden" : {
      "value" : 0,
      "type" : "Long"
    }
  },
  "modelVersion" : "2"
}, {
  "inode" : "70d8ab7f-b1bb-4646-a300-163bb327cca3",
  "identifier" : "869adf9f53fc58e391e98dd316906145",
  "contentType" : "d6fed088b09d1aef8f8817661d43841a",
  "modDate" : "2025-06-20T06:20:29.881Z",
  "baseType" : "CONTENT",
  "showOnMenu" : false,
  "modUser" : "dotcms.org.1",
  "languageId" : 1,
  "owner" : "dotcms.org.1",
  "sortOrder" : 0,
  "disabledWysiwyg" : [ "      " ],
  "fields" : {
    "titulo" : {
      "value" : "Cerveza",
      "type" : "Text"
    },
    "destacado" : {
      "value" : "no",
      "type" : "Text-Radio"
    },
    "precio" : {
      "value" : "1700",
      "type" : "Text"
    },
    "descripcion" : {
      "value" : "<p>Cervezas</p>",
      "type" : "Wysiwyg"
    },
    "imagen1" : {
      "value" : "NuevaIdentidadImperial_02.jpeg",
      "metadata" : {
        "isImage" : true,
        "sha256" : "f7f091e22ef05312570e4ca077e1e465eb9fbf2d3a2fd4c62627f0b79108b0c5",
        "name" : "NuevaIdentidadImperial_02.jpeg",
        "contentType" : "image/jpeg"
      },
      "type" : "Binary"
    }
  },
  "modelVersion" : "2"
}, {
  "inode" : "74a1e4ad-f51c-4841-89a7-0e0170fe784a",
  "identifier" : "869adf9f53fc58e391e98dd316906145",
  "contentType" : "d6fed088b09d1aef8f8817661d43841a",
  "modDate" : "2025-06-22T21:23:05.404Z",
  "baseType" : "CONTENT",
  "showOnMenu" : false,
  "modUser" : "dotcms.org.1",
  "languageId" : 1,
  "owner" : "dotcms.org.1",
  "sortOrder" : 0,
  "disabledWysiwyg" : [ "        " ],
  "fields" : {
    "titulo" : {
      "value" : "Cerveza",
      "type" : "Text"
    },
    "destacado" : {
      "value" : "si",
      "type" : "Text-Radio"
    },
    "precio" : {
      "value" : "1700",
      "type" : "Text"
    },
    "descripcion" : {
      "value" : "<p>Cervezas</p>",
      "type" : "Wysiwyg"
    },
    "imagen1" : {
      "value" : "NuevaIdentidadImperial_02.jpeg",
      "metadata" : {
        "isImage" : true,
        "sha256" : "f7f091e22ef05312570e4ca077e1e465eb9fbf2d3a2fd4c62627f0b79108b0c5",
        "name" : "NuevaIdentidadImperial_02.jpeg",
        "contentType" : "image/jpeg"
      },
      "type" : "Binary"
    }
  },
  "modelVersion" : "2"
}, {
  "inode" : "7648df75-36a3-402f-a017-0829706fcae3",
  "identifier" : "18506fe702147b518d51b68189be316a",
  "contentType" : "d6fed088b09d1aef8f8817661d43841a",
  "modDate" : "2025-06-22T22:36:19.052Z",
  "baseType" : "CONTENT",
  "showOnMenu" : false,
  "modUser" : "dotcms.org.1",
  "languageId" : 1,
  "owner" : "dotcms.org.1",
  "sortOrder" : 0,
  "disabledWysiwyg" : [ "" ],
  "fields" : {
    "titulo" : {
      "value" : "Arroz con Mariscos",
      "type" : "Text"
    },
    "destacado" : {
      "value" : "si",
      "type" : "Text-Radio"
    },
    "precio" : {
      "value" : "4500",
      "type" : "Text"
    },
    "descripcion" : {
      "value" : "<p>Arroz Con Mariscos</p>",
      "type" : "Wysiwyg"
    }
  },
  "modelVersion" : "2"
}, {
  "inode" : "78da6a60-0443-4328-8df5-44693126bb42",
  "identifier" : "7ac8498f340f54645f72e8da33f57c71",
  "contentType" : "d6fed088b09d1aef8f8817661d43841a",
  "modDate" : "2025-05-27T05:17:34.172Z",
  "baseType" : "CONTENT",
  "showOnMenu" : false,
  "modUser" : "dotcms.org.1",
  "languageId" : 1,
  "owner" : "dotcms.org.1",
  "sortOrder" : 0,
  "disabledWysiwyg" : [ "          " ],
  "fields" : {
    "titulo" : {
      "value" : "Patacones",
      "type" : "Text"
    },
    "destacado" : {
      "value" : "no",
      "type" : "Text-Radio"
    },
    "precio" : {
      "value" : "4000",
      "type" : "Text"
    },
    "descripcion" : {
      "value" : "<p>Patacones</p>",
      "type" : "Wysiwyg"
    },
    "imagen1" : {
      "value" : "Patacones-o-tostones-caseros.jpg",
      "metadata" : {
        "isImage" : true,
        "sha256" : "ca1744c1a375c2342cf47f72bc0e6e176775da7e554cff6a637c5a879a28c805",
        "name" : "Patacones-o-tostones-caseros.jpg",
        "contentType" : "image/jpeg"
      },
      "type" : "Binary"
    }
  },
  "modelVersion" : "2"
}, {
  "inode" : "7c9faa60-b3e2-44d1-be76-ceb18e587f84",
  "identifier" : "7ac8498f340f54645f72e8da33f57c71",
  "contentType" : "d6fed088b09d1aef8f8817661d43841a",
  "modDate" : "2025-05-27T03:26:15.333Z",
  "baseType" : "CONTENT",
  "showOnMenu" : false,
  "modUser" : "dotcms.org.1",
  "languageId" : 1,
  "owner" : "dotcms.org.1",
  "sortOrder" : 0,
  "disabledWysiwyg" : [ "    " ],
  "fields" : {
    "titulo" : {
      "value" : "Patacones",
      "type" : "Text"
    },
    "destacado" : {
      "value" : "no",
      "type" : "Text-Radio"
    },
    "precio" : {
      "value" : "4000",
      "type" : "Text"
    },
    "descripcion" : {
      "value" : "<p>Patacones</p>",
      "type" : "Wysiwyg"
    }
  },
  "modelVersion" : "2"
}, {
  "inode" : "80d5c1ff-8025-483f-af03-a7af6c654fd3",
  "identifier" : "347c1236a88f2a779963b7ff24f876f1",
  "contentType" : "d6fed088b09d1aef8f8817661d43841a",
  "modDate" : "2025-05-27T04:19:12.603Z",
  "baseType" : "CONTENT",
  "showOnMenu" : false,
  "modUser" : "dotcms.org.1",
  "languageId" : 1,
  "owner" : "dotcms.org.1",
  "sortOrder" : 0,
  "disabledWysiwyg" : [ "    " ],
  "fields" : {
    "titulo" : {
      "value" : "Pesca Del Dia",
      "type" : "Text"
    },
    "destacado" : {
      "value" : "si",
      "type" : "Text-Radio"
    },
    "precio" : {
      "value" : "7500",
      "type" : "Text"
    },
    "descripcion" : {
      "value" : "<p>Del mar a tu mesa: pescado fresco del d&iacute;a, preparado con el sabor aut&eacute;ntico de la costa.</p>",
      "type" : "Wysiwyg"
    },
    "imagen1" : {
      "value" : "Captura-de-pantalla-2025-05-12-090749.webp",
      "metadata" : {
        "isImage" : true,
        "sha256" : "836ddfb2e61309f75c4e793bc30994eb9c9e2c80137b411794fa0d9cbd8b8dde",
        "name" : "Captura-de-pantalla-2025-05-12-090749.webp",
        "contentType" : "image/webp"
      },
      "type" : "Binary"
    }
  },
  "modelVersion" : "2"
}, {
  "inode" : "83902504-6cd4-4142-a717-8d7938fc1810",
  "identifier" : "9a57e9fa7d2087764d4bb773bfe3fdd5",
  "contentType" : "f2a3721bde8451663a4ca05f1abf921c",
  "modDate" : "2025-05-27T05:13:43.282Z",
  "baseType" : "CONTENT",
  "showOnMenu" : false,
  "modUser" : "dotcms.org.1",
  "languageId" : 1,
  "owner" : "dotcms.org.1",
  "sortOrder" : 0,
  "disabledWysiwyg" : [ "  " ],
  "fields" : {
    "titulo" : {
      "value" : "Entrada",
      "type" : "Text"
    },
    "orden" : {
      "value" : 0,
      "type" : "Long"
    }
  },
  "modelVersion" : "2"
}, {
  "inode" : "84ca55b2-aa82-4e8b-84d9-6ed7edbead8f",
  "identifier" : "ff63d163-7958-41fc-b637-561e0aa9ac12",
  "contentType" : "d6fed088b09d1aef8f8817661d43841a",
  "modDate" : "2025-06-22T22:36:16.716Z",
  "baseType" : "CONTENT",
  "showOnMenu" : false,
  "modUser" : "dotcms.org.1",
  "languageId" : 1,
  "owner" : "dotcms.org.1",
  "sortOrder" : 0,
  "disabledWysiwyg" : [ "  " ],
  "fields" : {
    "titulo" : {
      "value" : "Refresco Natural en Leche",
      "type" : "Text"
    },
    "destacado" : {
      "value" : "no",
      "type" : "Text-Radio"
    },
    "precio" : {
      "value" : "1500",
      "type" : "Text"
    },
    "descripcion" : {
      "value" : "<p>Natural:&nbsp; Fresa, Mora, Guanabana</p>",
      "type" : "Wysiwyg"
    }
  },
  "modelVersion" : "2"
}, {
  "inode" : "863a61d2-a80b-4fcc-80bd-2b0e4fcbee8b",
  "identifier" : "347c1236a88f2a779963b7ff24f876f1",
  "contentType" : "d6fed088b09d1aef8f8817661d43841a",
  "modDate" : "2025-05-26T00:48:49.843Z",
  "baseType" : "CONTENT",
  "showOnMenu" : false,
  "modUser" : "dotcms.org.1",
  "languageId" : 1,
  "owner" : "dotcms.org.1",
  "sortOrder" : 0,
  "disabledWysiwyg" : [ "  " ],
  "fields" : {
    "titulo" : {
      "value" : "Pesca Del Dia",
      "type" : "Text"
    },
    "destacado" : {
      "value" : "si",
      "type" : "Text-Radio"
    },
    "precio" : {
      "value" : "7500",
      "type" : "Text"
    },
    "descripcion" : {
      "value" : "<p>Del mar a tu mesa: pescado fresco del d&iacute;a, preparado con el sabor aut&eacute;ntico de la costa.</p>",
      "type" : "Wysiwyg"
    }
  },
  "modelVersion" : "2"
}, {
  "inode" : "87300fcf-641e-4bfe-97d2-30056532b196",
  "identifier" : "7e2fd94025600f4f4a222f7ea71b9b83",
  "contentType" : "f2a3721bde8451663a4ca05f1abf921c",
  "modDate" : "2025-06-20T03:13:15.654Z",
  "baseType" : "CONTENT",
  "showOnMenu" : false,
  "modUser" : "dotcms.org.1",
  "languageId" : 1,
  "owner" : "dotcms.org.1",
  "sortOrder" : 0,
  "disabledWysiwyg" : [ "    " ],
  "fields" : {
    "titulo" : {
      "value" : "Bebida",
      "type" : "Text"
    },
    "orden" : {
      "value" : 0,
      "type" : "Long"
    }
  },
  "modelVersion" : "2"
}, {
  "inode" : "896b5a66-3582-4196-8f83-2237627c6aee",
  "identifier" : "ff63d163-7958-41fc-b637-561e0aa9ac12",
  "contentType" : "d6fed088b09d1aef8f8817661d43841a",
  "modDate" : "2025-06-22T21:18:40.423Z",
  "baseType" : "CONTENT",
  "showOnMenu" : false,
  "modUser" : "dotcms.org.1",
  "languageId" : 1,
  "owner" : "dotcms.org.1",
  "sortOrder" : 0,
  "disabledWysiwyg" : [ "  " ],
  "fields" : {
    "titulo" : {
      "value" : "Refresco Natural en Leche",
      "type" : "Text"
    },
    "destacado" : {
      "value" : "no",
      "type" : "Text-Radio"
    },
    "precio" : {
      "value" : "1500",
      "type" : "Text"
    },
    "descripcion" : {
      "value" : "<p>Natural:&nbsp; Fresa, Mora, Guanabana</p>",
      "type" : "Wysiwyg"
    }
  },
  "modelVersion" : "2"
}, {
  "inode" : "8b1cd153-1d99-4e9c-a8ef-4dab4e9c31be",
  "identifier" : "5bef0604a46f33e1c81f3bfe3152d99b",
  "contentType" : "d6fed088b09d1aef8f8817661d43841a",
  "modDate" : "2025-06-22T21:22:56.109Z",
  "baseType" : "CONTENT",
  "showOnMenu" : false,
  "modUser" : "dotcms.org.1",
  "languageId" : 1,
  "owner" : "dotcms.org.1",
  "sortOrder" : 0,
  "disabledWysiwyg" : [ "  " ],
  "fields" : {
    "titulo" : {
      "value" : "Refresco Natural en Agua",
      "type" : "Text"
    },
    "destacado" : {
      "value" : "si",
      "type" : "Text-Radio"
    },
    "precio" : {
      "value" : "1500",
      "type" : "Text"
    },
    "descripcion" : {
      "value" : "<p>Natural:&nbsp; Tamarindo, Limon, Guanabana</p>",
      "type" : "Wysiwyg"
    }
  },
  "modelVersion" : "2"
}, {
  "inode" : "8f34cd9f-8f2d-433e-96ba-8dc57ef13c47",
  "identifier" : "bc77076c27b378501bf3d1651a3d0f17",
  "contentType" : "d6fed088b09d1aef8f8817661d43841a",
  "modDate" : "2025-05-25T23:53:26.341Z",
  "baseType" : "CONTENT",
  "showOnMenu" : false,
  "modUser" : "dotcms.org.1",
  "languageId" : 1,
  "owner" : "dotcms.org.1",
  "sortOrder" : 0,
  "disabledWysiwyg" : [ "" ],
  "fields" : {
    "titulo" : {
      "value" : "Ceviche de Pescado",
      "type" : "Text"
    },
    "precio" : {
      "value" : "2500",
      "type" : "Text"
    },
    "descripcion" : {
      "value" : "<p>Cl&aacute;sico ceviche de pescado fresco con lim&oacute;n, cebolla y culantro.</p>",
      "type" : "Wysiwyg"
    }
  },
  "modelVersion" : "2"
}, {
  "inode" : "9657134d-788c-4b31-a668-d65dfce96604",
  "identifier" : "18dd9bb9b45b9da5fa7852523b561b0b",
  "contentType" : "d6fed088b09d1aef8f8817661d43841a",
  "modDate" : "2025-05-27T05:21:25.866Z",
  "baseType" : "CONTENT",
  "showOnMenu" : false,
  "modUser" : "dotcms.org.1",
  "languageId" : 1,
  "owner" : "dotcms.org.1",
  "sortOrder" : 0,
  "disabledWysiwyg" : [ "    " ],
  "fields" : {
    "titulo" : {
      "value" : "Gaseosas",
      "type" : "Text"
    },
    "destacado" : {
      "value" : "no",
      "type" : "Text-Radio"
    },
    "precio" : {
      "value" : "1000",
      "type" : "Text"
    },
    "descripcion" : {
      "value" : "<p>Coca-cola, Fanta Naranja, Fanta Kolita, etc</p>",
      "type" : "Wysiwyg"
    },
    "imagen1" : {
      "value" : "98.jpg",
      "metadata" : {
        "isImage" : true,
        "sha256" : "d82a854c008d026eb86d8e771b10c8693142a250cb7f9fd91b26ffadc95feca0",
        "name" : "98.jpg",
        "contentType" : "image/jpeg"
      },
      "type" : "Binary"
    }
  },
  "modelVersion" : "2"
}, {
  "inode" : "997e4eaa-8754-47ec-acab-f9b4bc099b39",
  "identifier" : "0e29d502b504dc8853482cca23064839",
  "contentType" : "d6fed088b09d1aef8f8817661d43841a",
  "modDate" : "2025-06-22T21:17:31.450Z",
  "baseType" : "CONTENT",
  "showOnMenu" : false,
  "modUser" : "dotcms.org.1",
  "languageId" : 1,
  "owner" : "dotcms.org.1",
  "sortOrder" : 0,
  "disabledWysiwyg" : [ "" ],
  "fields" : {
    "titulo" : {
      "value" : "Chocolate Frio",
      "type" : "Text"
    },
    "destacado" : {
      "value" : "no",
      "type" : "Text-Radio"
    },
    "precio" : {
      "value" : "1500",
      "type" : "Text"
    },
    "descripcion" : {
      "value" : "<p>Chocolate Frio</p>",
      "type" : "Wysiwyg"
    }
  },
  "modelVersion" : "2"
}, {
  "inode" : "9b477a15-5ea4-4727-8b2b-034a862d87e4",
  "identifier" : "8a7d5e23-da1e-420a-b4f0-471e7da8ea2d",
  "contentType" : "855a2d72-f2f3-4169-8b04-ac5157c4380c",
  "modDate" : "+49899-03-09T20:50:00Z",
  "baseType" : "CONTENT",
  "showOnMenu" : false,
  "modUser" : "dotcms.org.1",
  "languageId" : 1,
  "owner" : "dotcms.org.1",
  "sortOrder" : 0,
  "disabledWysiwyg" : [ ],
  "fields" : {
    "hostName" : {
      "value" : "default",
      "type" : "Text"
    },
    "tagStorage" : {
      "value" : "8a7d5e23-da1e-420a-b4f0-471e7da8ea2d",
      "type" : "Custom"
    },
    "isDefault" : {
      "value" : true,
      "type" : "Bool-Hidden"
    },
    "isSystemHost" : {
      "value" : false,
      "type" : "Bool-Hidden"
    },
    "runDashboard" : {
      "value" : false,
      "type" : "Bool-Radio"
    }
  },
  "modelVersion" : "2"
}, {
  "inode" : "9edb7aaf-c0db-4667-84ae-f59f520cbe6b",
  "identifier" : "18dd9bb9b45b9da5fa7852523b561b0b",
  "contentType" : "d6fed088b09d1aef8f8817661d43841a",
  "modDate" : "2025-06-22T17:46:03.592Z",
  "baseType" : "CONTENT",
  "showOnMenu" : false,
  "modUser" : "dotcms.org.1",
  "languageId" : 1,
  "owner" : "dotcms.org.1",
  "sortOrder" : 0,
  "disabledWysiwyg" : [ "    " ],
  "fields" : {
    "titulo" : {
      "value" : "Gaseosas",
      "type" : "Text"
    },
    "destacado" : {
      "value" : "no",
      "type" : "Text-Radio"
    },
    "precio" : {
      "value" : "1000",
      "type" : "Text"
    },
    "descripcion" : {
      "value" : "<p>Coca-cola, Fanta Naranja, Fanta Kolita, etc</p>",
      "type" : "Wysiwyg"
    },
    "imagen1" : {
      "value" : "98.jpg",
      "metadata" : {
        "isImage" : true,
        "sha256" : "d82a854c008d026eb86d8e771b10c8693142a250cb7f9fd91b26ffadc95feca0",
        "name" : "98.jpg",
        "contentType" : "image/jpeg"
      },
      "type" : "Binary"
    }
  },
  "modelVersion" : "2"
}, {
  "inode" : "9fb7f4ea-64c4-4e02-87ca-49a142e2b2f1",
  "identifier" : "ff6cafba20d7b8ed81659b194636d0e2",
  "contentType" : "d6fed088b09d1aef8f8817661d43841a",
  "modDate" : "2025-06-22T22:36:17.655Z",
  "baseType" : "CONTENT",
  "showOnMenu" : false,
  "modUser" : "dotcms.org.1",
  "languageId" : 1,
  "owner" : "dotcms.org.1",
  "sortOrder" : 0,
  "disabledWysiwyg" : [ "" ],
  "fields" : {
    "titulo" : {
      "value" : "Cafe Frio",
      "type" : "Text"
    },
    "destacado" : {
      "value" : "no",
      "type" : "Text-Radio"
    },
    "precio" : {
      "value" : "1500",
      "type" : "Text"
    },
    "descripcion" : {
      "value" : "<p>Cafe Frio</p>",
      "type" : "Wysiwyg"
    }
  },
  "modelVersion" : "2"
}, {
  "inode" : "a0cece32-bef8-4c22-942d-7f12b81afaf8",
  "identifier" : "347c1236a88f2a779963b7ff24f876f1",
  "contentType" : "d6fed088b09d1aef8f8817661d43841a",
  "modDate" : "2025-06-22T17:46:05.554Z",
  "baseType" : "CONTENT",
  "showOnMenu" : false,
  "modUser" : "dotcms.org.1",
  "languageId" : 1,
  "owner" : "dotcms.org.1",
  "sortOrder" : 0,
  "disabledWysiwyg" : [ "    " ],
  "fields" : {
    "titulo" : {
      "value" : "Pesca Del Dia",
      "type" : "Text"
    },
    "destacado" : {
      "value" : "si",
      "type" : "Text-Radio"
    },
    "precio" : {
      "value" : "7500",
      "type" : "Text"
    },
    "descripcion" : {
      "value" : "<p>Del mar a tu mesa: pescado fresco del d&iacute;a, preparado con el sabor aut&eacute;ntico de la costa.</p>",
      "type" : "Wysiwyg"
    },
    "imagen1" : {
      "value" : "Captura-de-pantalla-2025-05-12-090749.webp",
      "metadata" : {
        "isImage" : true,
        "sha256" : "836ddfb2e61309f75c4e793bc30994eb9c9e2c80137b411794fa0d9cbd8b8dde",
        "name" : "Captura-de-pantalla-2025-05-12-090749.webp",
        "contentType" : "image/webp"
      },
      "type" : "Binary"
    }
  },
  "modelVersion" : "2"
}, {
  "inode" : "a28c66cc-f3cb-4203-b9c2-6915575d48cc",
  "identifier" : "9a57e9fa7d2087764d4bb773bfe3fdd5",
  "contentType" : "f2a3721bde8451663a4ca05f1abf921c",
  "modDate" : "2025-06-22T23:14:53.775Z",
  "baseType" : "CONTENT",
  "showOnMenu" : false,
  "modUser" : "dotcms.org.1",
  "languageId" : 1,
  "owner" : "dotcms.org.1",
  "sortOrder" : 0,
  "disabledWysiwyg" : [ "        " ],
  "fields" : {
    "titulo" : {
      "value" : "Entrada",
      "type" : "Text"
    },
    "orden" : {
      "value" : 2,
      "type" : "Long"
    }
  },
  "modelVersion" : "2"
}, {
  "inode" : "a59924d6-766f-44f0-a016-fb450b80804a",
  "identifier" : "6ad9fbbdf3521f4c3ea5fbdf88361dcc",
  "contentType" : "d6fed088b09d1aef8f8817661d43841a",
  "modDate" : "2025-06-22T21:13:31.611Z",
  "baseType" : "CONTENT",
  "showOnMenu" : false,
  "modUser" : "dotcms.org.1",
  "languageId" : 1,
  "owner" : "dotcms.org.1",
  "sortOrder" : 0,
  "disabledWysiwyg" : [ "" ],
  "fields" : {
    "titulo" : {
      "value" : "Arroz con Camarones",
      "type" : "Text"
    },
    "destacado" : {
      "value" : "no",
      "type" : "Text-Radio"
    },
    "precio" : {
      "value" : "4500",
      "type" : "Text"
    },
    "descripcion" : {
      "value" : "<p>Arroz con Camarones</p>",
      "type" : "Wysiwyg"
    }
  },
  "modelVersion" : "2"
}, {
  "inode" : "a80fdc80-0e80-4f8e-8121-9f133858533b",
  "identifier" : "7e2fd94025600f4f4a222f7ea71b9b83",
  "contentType" : "f2a3721bde8451663a4ca05f1abf921c",
  "modDate" : "2025-06-22T22:40:34.389Z",
  "baseType" : "CONTENT",
  "showOnMenu" : false,
  "modUser" : "dotcms.org.1",
  "languageId" : 1,
  "owner" : "dotcms.org.1",
  "sortOrder" : 0,
  "disabledWysiwyg" : [ "          " ],
  "fields" : {
    "titulo" : {
      "value" : "Bebida",
      "type" : "Text"
    },
    "orden" : {
      "value" : 1,
      "type" : "Long"
    }
  },
  "modelVersion" : "2"
}, {
  "inode" : "a9619879-7bbe-4696-b22b-f225f38f727b",
  "identifier" : "bc77076c27b378501bf3d1651a3d0f17",
  "contentType" : "d6fed088b09d1aef8f8817661d43841a",
  "modDate" : "2025-05-27T04:18:33.254Z",
  "baseType" : "CONTENT",
  "showOnMenu" : false,
  "modUser" : "dotcms.org.1",
  "languageId" : 1,
  "owner" : "dotcms.org.1",
  "sortOrder" : 0,
  "disabledWysiwyg" : [ "    " ],
  "fields" : {
    "titulo" : {
      "value" : "Ceviche de Pescado",
      "type" : "Text"
    },
    "destacado" : {
      "value" : "no",
      "type" : "Text-Radio"
    },
    "precio" : {
      "value" : "2500",
      "type" : "Text"
    },
    "descripcion" : {
      "value" : "<p>Cl&aacute;sico ceviche de pescado fresco con lim&oacute;n, cebolla y culantro.</p>",
      "type" : "Wysiwyg"
    },
    "imagen1" : {
      "value" : "DSC_0318.jpg",
      "metadata" : {
        "isImage" : true,
        "sha256" : "b149248ee420bd24a531bbf1915f16b431549463326903d9999b14dc12f9979e",
        "name" : "DSC_0318.jpg",
        "contentType" : "image/jpeg"
      },
      "type" : "Binary"
    }
  },
  "modelVersion" : "2"
}, {
  "inode" : "b093d113-db60-43a0-9a32-dd26af8e8071",
  "identifier" : "18506fe702147b518d51b68189be316a",
  "contentType" : "d6fed088b09d1aef8f8817661d43841a",
  "modDate" : "2025-06-22T21:14:25.944Z",
  "baseType" : "CONTENT",
  "showOnMenu" : false,
  "modUser" : "dotcms.org.1",
  "languageId" : 1,
  "owner" : "dotcms.org.1",
  "sortOrder" : 0,
  "disabledWysiwyg" : [ "" ],
  "fields" : {
    "titulo" : {
      "value" : "Arroz con Mariscos",
      "type" : "Text"
    },
    "destacado" : {
      "value" : "si",
      "type" : "Text-Radio"
    },
    "precio" : {
      "value" : "4500",
      "type" : "Text"
    },
    "descripcion" : {
      "value" : "<p>Arroz Con Mariscos</p>",
      "type" : "Wysiwyg"
    }
  },
  "modelVersion" : "2"
}, {
  "inode" : "b21f9856-5999-4288-896f-a51311bc6f1e",
  "identifier" : "18dd9bb9b45b9da5fa7852523b561b0b",
  "contentType" : "d6fed088b09d1aef8f8817661d43841a",
  "modDate" : "2025-06-22T22:36:17.669Z",
  "baseType" : "CONTENT",
  "showOnMenu" : false,
  "modUser" : "dotcms.org.1",
  "languageId" : 1,
  "owner" : "dotcms.org.1",
  "sortOrder" : 0,
  "disabledWysiwyg" : [ "    " ],
  "fields" : {
    "titulo" : {
      "value" : "Gaseosas",
      "type" : "Text"
    },
    "destacado" : {
      "value" : "no",
      "type" : "Text-Radio"
    },
    "precio" : {
      "value" : "1000",
      "type" : "Text"
    },
    "descripcion" : {
      "value" : "<p>Coca-cola, Fanta Naranja, Fanta Kolita, etc</p>",
      "type" : "Wysiwyg"
    },
    "imagen1" : {
      "value" : "98.jpg",
      "metadata" : {
        "isImage" : true,
        "sha256" : "d82a854c008d026eb86d8e771b10c8693142a250cb7f9fd91b26ffadc95feca0",
        "name" : "98.jpg",
        "contentType" : "image/jpeg"
      },
      "type" : "Binary"
    }
  },
  "modelVersion" : "2"
}, {
  "inode" : "b2ccc830-6cc0-4ce7-9288-8a552c453c96",
  "identifier" : "7e2fd94025600f4f4a222f7ea71b9b83",
  "contentType" : "f2a3721bde8451663a4ca05f1abf921c",
  "modDate" : "2025-06-22T23:07:16.200Z",
  "baseType" : "CONTENT",
  "showOnMenu" : false,
  "modUser" : "dotcms.org.1",
  "languageId" : 1,
  "owner" : "dotcms.org.1",
  "sortOrder" : 0,
  "disabledWysiwyg" : [ "            " ],
  "fields" : {
    "titulo" : {
      "value" : "Bebida",
      "type" : "Text"
    },
    "orden" : {
      "value" : 1,
      "type" : "Long"
    }
  },
  "modelVersion" : "2"
}, {
  "inode" : "b62da8ad-b651-4d0a-aaf8-0b2256bb6f96",
  "identifier" : "44fae59d2fce7413ddfc63c6fd8df1aa",
  "contentType" : "f2a3721bde8451663a4ca05f1abf921c",
  "modDate" : "2025-05-27T05:13:19.783Z",
  "baseType" : "CONTENT",
  "showOnMenu" : false,
  "modUser" : "dotcms.org.1",
  "languageId" : 1,
  "owner" : "dotcms.org.1",
  "sortOrder" : 0,
  "disabledWysiwyg" : [ "  " ],
  "fields" : {
    "titulo" : {
      "value" : "Postre",
      "type" : "Text"
    },
    "orden" : {
      "value" : 0,
      "type" : "Long"
    }
  },
  "modelVersion" : "2"
}, {
  "inode" : "b915c446-745a-475a-b685-4f27377536cd",
  "identifier" : "18dd9bb9b45b9da5fa7852523b561b0b",
  "contentType" : "d6fed088b09d1aef8f8817661d43841a",
  "modDate" : "2025-06-22T22:58:04.036Z",
  "baseType" : "CONTENT",
  "showOnMenu" : false,
  "modUser" : "dotcms.org.1",
  "languageId" : 1,
  "owner" : "dotcms.org.1",
  "sortOrder" : 0,
  "disabledWysiwyg" : [ "      " ],
  "fields" : {
    "titulo" : {
      "value" : "Gaseosas",
      "type" : "Text"
    },
    "destacado" : {
      "value" : "no",
      "type" : "Text-Radio"
    },
    "precio" : {
      "value" : "1000",
      "type" : "Text"
    },
    "descripcion" : {
      "value" : "<p>Coca-cola, Fanta Naranja, Fanta Kolita, etc</p>",
      "type" : "Wysiwyg"
    },
    "imagen1" : {
      "value" : "98.jpg",
      "metadata" : {
        "isImage" : true,
        "sha256" : "d82a854c008d026eb86d8e771b10c8693142a250cb7f9fd91b26ffadc95feca0",
        "name" : "98.jpg",
        "contentType" : "image/jpeg"
      },
      "type" : "Binary"
    }
  },
  "modelVersion" : "2"
}, {
  "inode" : "bb3e1dc6-2cb3-4e64-96fa-80a514e403e8",
  "identifier" : "44fae59d2fce7413ddfc63c6fd8df1aa",
  "contentType" : "f2a3721bde8451663a4ca05f1abf921c",
  "modDate" : "2025-06-22T17:52:11.433Z",
  "baseType" : "CONTENT",
  "showOnMenu" : false,
  "modUser" : "dotcms.org.1",
  "languageId" : 1,
  "owner" : "dotcms.org.1",
  "sortOrder" : 0,
  "disabledWysiwyg" : [ "    " ],
  "fields" : {
    "titulo" : {
      "value" : "Postre",
      "type" : "Text"
    },
    "orden" : {
      "value" : 4,
      "type" : "Long"
    }
  },
  "modelVersion" : "2"
}, {
  "inode" : "bd212823-a645-4f95-860f-d55d66140b5a",
  "identifier" : "ebbc4df0f247b8d917cb2cc34e4c9ebf",
  "contentType" : "d6fed088b09d1aef8f8817661d43841a",
  "modDate" : "2025-06-22T21:12:53.943Z",
  "baseType" : "CONTENT",
  "showOnMenu" : false,
  "modUser" : "dotcms.org.1",
  "languageId" : 1,
  "owner" : "dotcms.org.1",
  "sortOrder" : 0,
  "disabledWysiwyg" : [ "" ],
  "fields" : {
    "titulo" : {
      "value" : "Arroz con Pollo",
      "type" : "Text"
    },
    "destacado" : {
      "value" : "no",
      "type" : "Text-Radio"
    },
    "precio" : {
      "value" : "4000",
      "type" : "Text"
    },
    "descripcion" : {
      "value" : "<p>Arroz con pollo</p>",
      "type" : "Wysiwyg"
    }
  },
  "modelVersion" : "2"
}, {
  "inode" : "bd5f3263-aa19-4c92-ae0e-6b5c5305e837",
  "identifier" : "18dd9bb9b45b9da5fa7852523b561b0b",
  "contentType" : "d6fed088b09d1aef8f8817661d43841a",
  "modDate" : "2025-05-27T04:19:00.783Z",
  "baseType" : "CONTENT",
  "showOnMenu" : false,
  "modUser" : "dotcms.org.1",
  "languageId" : 1,
  "owner" : "dotcms.org.1",
  "sortOrder" : 0,
  "disabledWysiwyg" : [ "    " ],
  "fields" : {
    "titulo" : {
      "value" : "Gaseosas",
      "type" : "Text"
    },
    "destacado" : {
      "value" : "no",
      "type" : "Text-Radio"
    },
    "precio" : {
      "value" : "1000",
      "type" : "Text"
    },
    "descripcion" : {
      "value" : "<p>Coca-cola, Fanta Naranja, Fanta Kolita, etc</p>",
      "type" : "Wysiwyg"
    }
  },
  "modelVersion" : "2"
}, {
  "inode" : "d3907755-4c7f-447f-b783-285171b70b82",
  "identifier" : "ff63d163-7958-41fc-b637-561e0aa9ac12",
  "contentType" : "d6fed088b09d1aef8f8817661d43841a",
  "modDate" : "2025-06-22T21:18:20.192Z",
  "baseType" : "CONTENT",
  "showOnMenu" : false,
  "modUser" : "dotcms.org.1",
  "languageId" : 1,
  "owner" : "dotcms.org.1",
  "sortOrder" : 0,
  "disabledWysiwyg" : [ "" ],
  "fields" : {
    "titulo" : {
      "value" : "Refresco Natural en Agua",
      "type" : "Text"
    },
    "destacado" : {
      "value" : "no",
      "type" : "Text-Radio"
    },
    "precio" : {
      "value" : "1500",
      "type" : "Text"
    },
    "descripcion" : {
      "value" : "<p>Natural:&nbsp; Tamarindo, Limon, Guanabana</p>",
      "type" : "Wysiwyg"
    }
  },
  "modelVersion" : "2"
}, {
  "inode" : "d39eb67f-3d63-42e8-b809-d2e0a7189e17",
  "identifier" : "347c1236a88f2a779963b7ff24f876f1",
  "contentType" : "d6fed088b09d1aef8f8817661d43841a",
  "modDate" : "2025-05-26T00:00:02.687Z",
  "baseType" : "CONTENT",
  "showOnMenu" : false,
  "modUser" : "dotcms.org.1",
  "languageId" : 1,
  "owner" : "dotcms.org.1",
  "sortOrder" : 0,
  "disabledWysiwyg" : [ "" ],
  "fields" : {
    "titulo" : {
      "value" : "Pesca Del Dia",
      "type" : "Text"
    },
    "precio" : {
      "value" : "7500",
      "type" : "Text"
    },
    "descripcion" : {
      "value" : "<p>Del mar a tu mesa: pescado fresco del d&iacute;a, preparado con el sabor aut&eacute;ntico de la costa.</p>",
      "type" : "Wysiwyg"
    }
  },
  "modelVersion" : "2"
}, {
  "inode" : "dae67fa2-812c-4e2a-bf21-e61d39c6b7c1",
  "identifier" : "1c67e9124578780060d3dd818f7502b4",
  "contentType" : "d6fed088b09d1aef8f8817661d43841a",
  "modDate" : "2025-06-22T17:45:43.611Z",
  "baseType" : "CONTENT",
  "showOnMenu" : false,
  "modUser" : "dotcms.org.1",
  "languageId" : 1,
  "owner" : "dotcms.org.1",
  "sortOrder" : 0,
  "disabledWysiwyg" : [ "  " ],
  "fields" : {
    "titulo" : {
      "value" : "Queque de Chocolate",
      "type" : "Text"
    },
    "destacado" : {
      "value" : "no",
      "type" : "Text-Radio"
    },
    "precio" : {
      "value" : "2500",
      "type" : "Text"
    },
    "descripcion" : {
      "value" : "<p>Queque de Chocolate</p>",
      "type" : "Wysiwyg"
    }
  },
  "modelVersion" : "2"
}, {
  "inode" : "dbdec5e2-c02b-4cfb-83a9-4a4c4f3b2eb0",
  "identifier" : "SYSTEM_HOST",
  "contentType" : "855a2d72-f2f3-4169-8b04-ac5157c4380c",
  "modDate" : "2023-05-25T21:56:50.282Z",
  "baseType" : "CONTENT",
  "showOnMenu" : false,
  "modUser" : "system",
  "languageId" : 1,
  "owner" : "system",
  "sortOrder" : 0,
  "disabledWysiwyg" : [ ],
  "fields" : {
    "hostName" : {
      "value" : "System Host",
      "type" : "Text"
    },
    "aliases" : {
      "value" : "",
      "type" : "TextArea"
    },
    "tagStorage" : {
      "value" : "",
      "type" : "Custom"
    },
    "isDefault" : {
      "value" : false,
      "type" : "Bool-Hidden"
    },
    "isSystemHost" : {
      "value" : true,
      "type" : "Bool-Hidden"
    },
    "runDashboard" : {
      "value" : false,
      "type" : "Bool-Radio"
    }
  },
  "modelVersion" : "2"
}, {
  "inode" : "dc8275f5-131f-4d53-b208-b09cac73ad20",
  "identifier" : "9a57e9fa7d2087764d4bb773bfe3fdd5",
  "contentType" : "f2a3721bde8451663a4ca05f1abf921c",
  "modDate" : "2025-05-27T04:17:37.117Z",
  "baseType" : "CONTENT",
  "showOnMenu" : false,
  "modUser" : "dotcms.org.1",
  "languageId" : 1,
  "owner" : "dotcms.org.1",
  "sortOrder" : 0,
  "disabledWysiwyg" : [ "" ],
  "fields" : {
    "titulo" : {
      "value" : "Entrada",
      "type" : "Text"
    },
    "orden" : {
      "value" : 0,
      "type" : "Long"
    }
  },
  "modelVersion" : "2"
}, {
  "inode" : "e104f793-d53e-417d-9313-57f6c9bf912b",
  "identifier" : "7ac8498f340f54645f72e8da33f57c71",
  "contentType" : "d6fed088b09d1aef8f8817661d43841a",
  "modDate" : "2025-05-27T03:25:14.212Z",
  "baseType" : "CONTENT",
  "showOnMenu" : false,
  "modUser" : "dotcms.org.1",
  "languageId" : 1,
  "owner" : "dotcms.org.1",
  "sortOrder" : 0,
  "disabledWysiwyg" : [ "  " ],
  "fields" : {
    "titulo" : {
      "value" : "Patacones",
      "type" : "Text"
    },
    "destacado" : {
      "value" : "no",
      "type" : "Text-Radio"
    },
    "precio" : {
      "value" : "4000",
      "type" : "Text"
    },
    "descripcion" : {
      "value" : "<p>Patacones</p>",
      "type" : "Wysiwyg"
    }
  },
  "modelVersion" : "2"
}, {
  "inode" : "e60ae2fd-fd50-48d8-a8ea-4a477ee95bb0",
  "identifier" : "869adf9f53fc58e391e98dd316906145",
  "contentType" : "d6fed088b09d1aef8f8817661d43841a",
  "modDate" : "2025-06-20T06:03:05.112Z",
  "baseType" : "CONTENT",
  "showOnMenu" : false,
  "modUser" : "dotcms.org.1",
  "languageId" : 1,
  "owner" : "dotcms.org.1",
  "sortOrder" : 0,
  "disabledWysiwyg" : [ "  " ],
  "fields" : {
    "titulo" : {
      "value" : "Cerveza",
      "type" : "Text"
    },
    "destacado" : {
      "value" : "no",
      "type" : "Text-Radio"
    },
    "precio" : {
      "value" : "1500",
      "type" : "Text"
    },
    "descripcion" : {
      "value" : "<p>Cervezas</p>",
      "type" : "Wysiwyg"
    }
  },
  "modelVersion" : "2"
}, {
  "inode" : "e66b296c-27aa-4600-821e-2f8aca3c88b9",
  "identifier" : "bc77076c27b378501bf3d1651a3d0f17",
  "contentType" : "d6fed088b09d1aef8f8817661d43841a",
  "modDate" : "2025-06-22T22:36:16.244Z",
  "baseType" : "CONTENT",
  "showOnMenu" : false,
  "modUser" : "dotcms.org.1",
  "languageId" : 1,
  "owner" : "dotcms.org.1",
  "sortOrder" : 0,
  "disabledWysiwyg" : [ "    " ],
  "fields" : {
    "titulo" : {
      "value" : "Ceviche de Pescado",
      "type" : "Text"
    },
    "destacado" : {
      "value" : "no",
      "type" : "Text-Radio"
    },
    "precio" : {
      "value" : "2500",
      "type" : "Text"
    },
    "descripcion" : {
      "value" : "<p>Cl&aacute;sico ceviche de pescado fresco con lim&oacute;n, cebolla y culantro.</p>",
      "type" : "Wysiwyg"
    },
    "imagen1" : {
      "value" : "DSC_0318.jpg",
      "metadata" : {
        "isImage" : true,
        "sha256" : "b149248ee420bd24a531bbf1915f16b431549463326903d9999b14dc12f9979e",
        "name" : "DSC_0318.jpg",
        "contentType" : "image/jpeg"
      },
      "type" : "Binary"
    }
  },
  "modelVersion" : "2"
}, {
  "inode" : "e7964c68-ac17-4533-b486-9a56014f618d",
  "identifier" : "7ac8498f340f54645f72e8da33f57c71",
  "contentType" : "d6fed088b09d1aef8f8817661d43841a",
  "modDate" : "2025-06-22T17:46:04.089Z",
  "baseType" : "CONTENT",
  "showOnMenu" : false,
  "modUser" : "dotcms.org.1",
  "languageId" : 1,
  "owner" : "dotcms.org.1",
  "sortOrder" : 0,
  "disabledWysiwyg" : [ "          " ],
  "fields" : {
    "titulo" : {
      "value" : "Patacones",
      "type" : "Text"
    },
    "destacado" : {
      "value" : "no",
      "type" : "Text-Radio"
    },
    "precio" : {
      "value" : "4000",
      "type" : "Text"
    },
    "descripcion" : {
      "value" : "<p>Patacones</p>",
      "type" : "Wysiwyg"
    },
    "imagen1" : {
      "value" : "Patacones-o-tostones-caseros.jpg",
      "metadata" : {
        "isImage" : true,
        "sha256" : "ca1744c1a375c2342cf47f72bc0e6e176775da7e554cff6a637c5a879a28c805",
        "name" : "Patacones-o-tostones-caseros.jpg",
        "contentType" : "image/jpeg"
      },
      "type" : "Binary"
    }
  },
  "modelVersion" : "2"
}, {
  "inode" : "e95db5e2-645f-4b0f-ab22-bb51c1358648",
  "identifier" : "6ad9fbbdf3521f4c3ea5fbdf88361dcc",
  "contentType" : "d6fed088b09d1aef8f8817661d43841a",
  "modDate" : "2025-06-22T22:36:19.519Z",
  "baseType" : "CONTENT",
  "showOnMenu" : false,
  "modUser" : "dotcms.org.1",
  "languageId" : 1,
  "owner" : "dotcms.org.1",
  "sortOrder" : 0,
  "disabledWysiwyg" : [ "" ],
  "fields" : {
    "titulo" : {
      "value" : "Arroz con Camarones",
      "type" : "Text"
    },
    "destacado" : {
      "value" : "no",
      "type" : "Text-Radio"
    },
    "precio" : {
      "value" : "4500",
      "type" : "Text"
    },
    "descripcion" : {
      "value" : "<p>Arroz con Camarones</p>",
      "type" : "Wysiwyg"
    }
  },
  "modelVersion" : "2"
}, {
  "inode" : "e95e5029-06f2-4bea-b191-8fd0c7420457",
  "identifier" : "f80462f82f4789f46652fec4cdc28874",
  "contentType" : "f2a3721bde8451663a4ca05f1abf921c",
  "modDate" : "2025-05-27T05:13:28.027Z",
  "baseType" : "CONTENT",
  "showOnMenu" : false,
  "modUser" : "dotcms.org.1",
  "languageId" : 1,
  "owner" : "dotcms.org.1",
  "sortOrder" : 0,
  "disabledWysiwyg" : [ "  " ],
  "fields" : {
    "titulo" : {
      "value" : "Principal",
      "type" : "Text"
    },
    "orden" : {
      "value" : 0,
      "type" : "Long"
    }
  },
  "modelVersion" : "2"
}, {
  "inode" : "e9f1df66-97b6-4bf7-888b-3219eb3a3c83",
  "identifier" : "1c67e9124578780060d3dd818f7502b4",
  "contentType" : "d6fed088b09d1aef8f8817661d43841a",
  "modDate" : "2025-06-22T23:12:49.823Z",
  "baseType" : "CONTENT",
  "showOnMenu" : false,
  "modUser" : "dotcms.org.1",
  "languageId" : 1,
  "owner" : "dotcms.org.1",
  "sortOrder" : 0,
  "disabledWysiwyg" : [ "    " ],
  "fields" : {
    "titulo" : {
      "value" : "Queque de Chocolate",
      "type" : "Text"
    },
    "destacado" : {
      "value" : "no",
      "type" : "Text-Radio"
    },
    "precio" : {
      "value" : "2500",
      "type" : "Text"
    },
    "descripcion" : {
      "value" : "<p>Queque de Chocolate</p>",
      "type" : "Wysiwyg"
    }
  },
  "modelVersion" : "2"
}, {
  "inode" : "f2bee088-11d5-45ae-b4bb-05c68d0a8ee4",
  "identifier" : "18dd9bb9b45b9da5fa7852523b561b0b",
  "contentType" : "d6fed088b09d1aef8f8817661d43841a",
  "modDate" : "2025-06-22T23:04:37.603Z",
  "baseType" : "CONTENT",
  "showOnMenu" : false,
  "modUser" : "dotcms.org.1",
  "languageId" : 1,
  "owner" : "dotcms.org.1",
  "sortOrder" : 0,
  "disabledWysiwyg" : [ "          " ],
  "fields" : {
    "titulo" : {
      "value" : "Gaseosas",
      "type" : "Text"
    },
    "destacado" : {
      "value" : "no",
      "type" : "Text-Radio"
    },
    "precio" : {
      "value" : "1000",
      "type" : "Text"
    },
    "descripcion" : {
      "value" : "<p>Coca-cola, Fanta Naranja, Fanta Kolita, etc</p>",
      "type" : "Wysiwyg"
    },
    "imagen1" : {
      "value" : "98.jpg",
      "metadata" : {
        "isImage" : true,
        "sha256" : "d82a854c008d026eb86d8e771b10c8693142a250cb7f9fd91b26ffadc95feca0",
        "name" : "98.jpg",
        "contentType" : "image/jpeg"
      },
      "type" : "Binary"
    }
  },
  "modelVersion" : "2"
}, {
  "inode" : "f94061c7-c824-44a4-8d0f-1da570631f57",
  "identifier" : "0c7104291a673c2d49155b11c11c7a6e",
  "contentType" : "d6fed088b09d1aef8f8817661d43841a",
  "modDate" : "2025-06-22T21:16:07.003Z",
  "baseType" : "CONTENT",
  "showOnMenu" : false,
  "modUser" : "dotcms.org.1",
  "languageId" : 1,
  "owner" : "dotcms.org.1",
  "sortOrder" : 0,
  "disabledWysiwyg" : [ "" ],
  "fields" : {
    "titulo" : {
      "value" : "Ceviche de Camaron",
      "type" : "Text"
    },
    "destacado" : {
      "value" : "no",
      "type" : "Text-Radio"
    },
    "precio" : {
      "value" : "2000",
      "type" : "Text"
    },
    "descripcion" : {
      "value" : "<p>Ceviche de Camaron</p>",
      "type" : "Wysiwyg"
    }
  },
  "modelVersion" : "2"
}, {
  "inode" : "fc429d12-ea4e-4158-a66f-39993e2288fc",
  "identifier" : "711ebf8c015bb795c7093ce57023f60c",
  "contentType" : "d6fed088b09d1aef8f8817661d43841a",
  "modDate" : "2025-06-22T21:16:38.274Z",
  "baseType" : "CONTENT",
  "showOnMenu" : false,
  "modUser" : "dotcms.org.1",
  "languageId" : 1,
  "owner" : "dotcms.org.1",
  "sortOrder" : 0,
  "disabledWysiwyg" : [ "" ],
  "fields" : {
    "titulo" : {
      "value" : "Yuca Frita",
      "type" : "Text"
    },
    "destacado" : {
      "value" : "no",
      "type" : "Text-Radio"
    },
    "precio" : {
      "value" : "2000",
      "type" : "Text"
    },
    "descripcion" : {
      "value" : "<p>Yuca Frita</p>",
      "type" : "Wysiwyg"
    }
  },
  "modelVersion" : "2"
}, {
  "inode" : "fe8aa869-e8d6-4222-b6fa-6ae811f1467d",
  "identifier" : "7ac8498f340f54645f72e8da33f57c71",
  "contentType" : "d6fed088b09d1aef8f8817661d43841a",
  "modDate" : "2025-05-27T05:16:54.639Z",
  "baseType" : "CONTENT",
  "showOnMenu" : false,
  "modUser" : "dotcms.org.1",
  "languageId" : 1,
  "owner" : "dotcms.org.1",
  "sortOrder" : 0,
  "disabledWysiwyg" : [ "        " ],
  "fields" : {
    "titulo" : {
      "value" : "Patacones",
      "type" : "Text"
    },
    "destacado" : {
      "value" : "si",
      "type" : "Text-Radio"
    },
    "precio" : {
      "value" : "4000",
      "type" : "Text"
    },
    "descripcion" : {
      "value" : "<p>Patacones</p>",
      "type" : "Wysiwyg"
    }
  },
  "modelVersion" : "2"
} ]