[ {
  "inode" : "0a98358b-0654-430b-ac4a-c834183421e0",
  "tagId" : "1ee0f5a9-a01d-4c38-b140-aa6224fde710",
  "fieldVarName" : "tags",
  "modDate" : "2025-05-26T00:49:16.649+00:00"
}, {
  "inode" : "0a98358b-0654-430b-ac4a-c834183421e0",
  "tagId" : "890c75d9-da82-4633-a215-a1a9f57c6923",
  "fieldVarName" : "tags",
  "modDate" : "2025-05-26T00:49:16.655+00:00"
}, {
  "inode" : "0a98358b-0654-430b-ac4a-c834183421e0",
  "tagId" : "a6fd932b-f663-4439-8bd2-a641995dc68a",
  "fieldVarName" : "tags",
  "modDate" : "2025-05-26T00:49:16.651+00:00"
}, {
  "inode" : "35d66034-2f95-4631-9142-9016d7361856",
  "tagId" : "53e976f3-64e5-4fdb-8af8-68f11cea08cf",
  "fieldVarName" : "tags",
  "modDate" : "2025-05-26T00:49:08.420+00:00"
}, {
  "inode" : "35d66034-2f95-4631-9142-9016d7361856",
  "tagId" : "8aaa6db9-0b83-4710-b5da-76e8732705e3",
  "fieldVarName" : "tags",
  "modDate" : "2025-05-26T00:49:08.422+00:00"
}, {
  "inode" : "35d66034-2f95-4631-9142-9016d7361856",
  "tagId" : "8e5fcdf4-16a7-4d55-8f03-45f9a97bbdc1",
  "fieldVarName" : "tags",
  "modDate" : "2025-05-26T00:49:08.418+00:00"
}, {
  "inode" : "4901870e-fcb5-4c53-948a-304b059e8bb0",
  "tagId" : "53e976f3-64e5-4fdb-8af8-68f11cea08cf",
  "fieldVarName" : "tags",
  "modDate" : "2025-05-25T23:57:16.367+00:00"
}, {
  "inode" : "4901870e-fcb5-4c53-948a-304b059e8bb0",
  "tagId" : "8aaa6db9-0b83-4710-b5da-76e8732705e3",
  "fieldVarName" : "tags",
  "modDate" : "2025-05-25T23:57:16.368+00:00"
}, {
  "inode" : "4901870e-fcb5-4c53-948a-304b059e8bb0",
  "tagId" : "8e5fcdf4-16a7-4d55-8f03-45f9a97bbdc1",
  "fieldVarName" : "tags",
  "modDate" : "2025-05-25T23:57:16.365+00:00"
}, {
  "inode" : "863a61d2-a80b-4fcc-80bd-2b0e4fcbee8b",
  "tagId" : "c6ccae99-84bc-4579-bf26-3b1b4ac6a25f",
  "fieldVarName" : "tags",
  "modDate" : "2025-05-26T00:48:49.895+00:00"
}, {
  "inode" : "863a61d2-a80b-4fcc-80bd-2b0e4fcbee8b",
  "tagId" : "f87752e6-80d0-4cfc-b0d4-468034594384",
  "fieldVarName" : "tags",
  "modDate" : "2025-05-26T00:48:49.898+00:00"
}, {
  "inode" : "8f34cd9f-8f2d-433e-96ba-8dc57ef13c47",
  "tagId" : "1ee0f5a9-a01d-4c38-b140-aa6224fde710",
  "fieldVarName" : "tags",
  "modDate" : "2025-05-25T23:53:26.554+00:00"
}, {
  "inode" : "8f34cd9f-8f2d-433e-96ba-8dc57ef13c47",
  "tagId" : "890c75d9-da82-4633-a215-a1a9f57c6923",
  "fieldVarName" : "tags",
  "modDate" : "2025-05-25T23:53:26.559+00:00"
}, {
  "inode" : "8f34cd9f-8f2d-433e-96ba-8dc57ef13c47",
  "tagId" : "a6fd932b-f663-4439-8bd2-a641995dc68a",
  "fieldVarName" : "tags",
  "modDate" : "2025-05-25T23:53:26.556+00:00"
}, {
  "inode" : "bd5f3263-aa19-4c92-ae0e-6b5c5305e837",
  "tagId" : "53e976f3-64e5-4fdb-8af8-68f11cea08cf",
  "fieldVarName" : "tags",
  "modDate" : "2025-05-27T04:19:00.831+00:00"
}, {
  "inode" : "bd5f3263-aa19-4c92-ae0e-6b5c5305e837",
  "tagId" : "8aaa6db9-0b83-4710-b5da-76e8732705e3",
  "fieldVarName" : "tags",
  "modDate" : "2025-05-27T04:19:00.835+00:00"
}, {
  "inode" : "bd5f3263-aa19-4c92-ae0e-6b5c5305e837",
  "tagId" : "8e5fcdf4-16a7-4d55-8f03-45f9a97bbdc1",
  "fieldVarName" : "tags",
  "modDate" : "2025-05-27T04:19:00.828+00:00"
}, {
  "inode" : "d39eb67f-3d63-42e8-b809-d2e0a7189e17",
  "tagId" : "c6ccae99-84bc-4579-bf26-3b1b4ac6a25f",
  "fieldVarName" : "tags",
  "modDate" : "2025-05-26T00:00:02.737+00:00"
}, {
  "inode" : "d39eb67f-3d63-42e8-b809-d2e0a7189e17",
  "tagId" : "f87752e6-80d0-4cfc-b0d4-468034594384",
  "fieldVarName" : "tags",
  "modDate" : "2025-05-26T00:00:02.738+00:00"
} ]