[ {
  "id" : "02088e05-5ff5-43c2-a4fa-11a7272cb199",
  "name" : "Back-end User",
  "description" : "CMS User",
  "roleKey" : "DOTCMS_BACK_END_USER",
  "parent" : "2adccac3-a56b-4078-be40-94e343f20712",
  "editPermissions" : true,
  "editUsers" : true,
  "editLayouts" : true,
  "locked" : true,
  "system" : true,
  "roleChildren" : null,
  "dbfqn" : "2adccac3-a56b-4078-be40-94e343f20712 --> 02088e05-5ff5-43c2-a4fa-11a7272cb199",
  "fqn" : null,
  "user" : false
}, {
  "id" : "0f995057-5c35-4ae7-998a-774dda146c63",
  "name" : "Anyone who can View Content",
  "description" : "Anyone who can View Content",
  "roleKey" : "cms_workflow_any_who_can_view",
  "parent" : "2adccac3-a56b-4078-be40-94e343f20712",
  "editPermissions" : true,
  "editUsers" : true,
  "editLayouts" : false,
  "locked" : false,
  "system" : true,
  "roleChildren" : null,
  "dbfqn" : "2adccac3-a56b-4078-be40-94e343f20712 --> 0f995057-5c35-4ae7-998a-774dda146c63",
  "fqn" : null,
  "user" : false
}, {
  "id" : "29e0af9e-0e60-48ee-b9f7-1453d94d9cb6",
  "name" : "Form Editor",
  "description" : "Form Editor",
  "roleKey" : "Form Editor",
  "parent" : "2adccac3-a56b-4078-be40-94e343f20712",
  "editPermissions" : true,
  "editUsers" : true,
  "editLayouts" : true,
  "locked" : true,
  "system" : true,
  "roleChildren" : null,
  "dbfqn" : "2adccac3-a56b-4078-be40-94e343f20712 --> 29e0af9e-0e60-48ee-b9f7-1453d94d9cb6",
  "fqn" : null,
  "user" : false
}, {
  "id" : "2adccac3-a56b-4078-be40-94e343f20712",
  "name" : "System",
  "description" : "System roles root",
  "roleKey" : "System",
  "parent" : "2adccac3-a56b-4078-be40-94e343f20712",
  "editPermissions" : false,
  "editUsers" : false,
  "editLayouts" : true,
  "locked" : false,
  "system" : false,
  "roleChildren" : null,
  "dbfqn" : "2adccac3-a56b-4078-be40-94e343f20712",
  "fqn" : null,
  "user" : false
}, {
  "id" : "30243735-684a-4fdb-aaca-f2012a1bc946",
  "name" : " ",
  "description" : "",
  "roleKey" : "dotcms.org.default",
  "parent" : "9ac1ff78-71a9-4485-a541-9d1418b17aa4",
  "editPermissions" : true,
  "editUsers" : false,
  "editLayouts" : true,
  "locked" : false,
  "system" : true,
  "roleChildren" : null,
  "dbfqn" : "9ac1ff78-71a9-4485-a541-9d1418b17aa4 --> 30243735-684a-4fdb-aaca-f2012a1bc946",
  "fqn" : null,
  "user" : false
}, {
  "id" : "52181fb6-65c8-4221-8d17-1da8b0e20784",
  "name" : "Anyone who can Edit Permissions Content",
  "description" : "Anyone who can Edit Permissions Content",
  "roleKey" : "cms_workflow_any_who_can_edit_permissions",
  "parent" : "2adccac3-a56b-4078-be40-94e343f20712",
  "editPermissions" : true,
  "editUsers" : true,
  "editLayouts" : false,
  "locked" : false,
  "system" : true,
  "roleChildren" : null,
  "dbfqn" : "2adccac3-a56b-4078-be40-94e343f20712 --> 52181fb6-65c8-4221-8d17-1da8b0e20784",
  "fqn" : null,
  "user" : false
}, {
  "id" : "617f7300-5c7b-463f-9554-380b918520bc",
  "name" : "Anyone who can Edit Content",
  "description" : "Anyone who can Edit Content",
  "roleKey" : "cms_workflow_any_who_can_edit",
  "parent" : "2adccac3-a56b-4078-be40-94e343f20712",
  "editPermissions" : true,
  "editUsers" : true,
  "editLayouts" : false,
  "locked" : false,
  "system" : true,
  "roleChildren" : null,
  "dbfqn" : "2adccac3-a56b-4078-be40-94e343f20712 --> 617f7300-5c7b-463f-9554-380b918520bc",
  "fqn" : null,
  "user" : false
}, {
  "id" : "654b0931-1027-41f7-ad4d-173115ed8ec1",
  "name" : "CMS Anonymous",
  "description" : "",
  "roleKey" : "CMS Anonymous",
  "parent" : "2adccac3-a56b-4078-be40-94e343f20712",
  "editPermissions" : true,
  "editUsers" : true,
  "editLayouts" : true,
  "locked" : false,
  "system" : false,
  "roleChildren" : null,
  "dbfqn" : "2adccac3-a56b-4078-be40-94e343f20712 --> 654b0931-1027-41f7-ad4d-173115ed8ec1",
  "fqn" : null,
  "user" : false
}, {
  "id" : "6b1fa42f-8729-4625-80d1-17e4ef691ce7",
  "name" : "CMS Owner",
  "description" : "",
  "roleKey" : "CMS Owner",
  "parent" : "2adccac3-a56b-4078-be40-94e343f20712",
  "editPermissions" : true,
  "editUsers" : true,
  "editLayouts" : true,
  "locked" : false,
  "system" : false,
  "roleChildren" : null,
  "dbfqn" : "2adccac3-a56b-4078-be40-94e343f20712 --> 6b1fa42f-8729-4625-80d1-17e4ef691ce7",
  "fqn" : null,
  "user" : false
}, {
  "id" : "6f9d5449-8f48-4179-a2ad-1983d6217fef",
  "name" : "Login As",
  "description" : "",
  "roleKey" : "Login As",
  "parent" : "2adccac3-a56b-4078-be40-94e343f20712",
  "editPermissions" : true,
  "editUsers" : true,
  "editLayouts" : true,
  "locked" : false,
  "system" : false,
  "roleChildren" : null,
  "dbfqn" : "2adccac3-a56b-4078-be40-94e343f20712 --> 6f9d5449-8f48-4179-a2ad-1983d6217fef",
  "fqn" : null,
  "user" : false
}, {
  "id" : "742c9eb3-8651-4df4-b1dc-00c8c64aee4f",
  "name" : "LDAP User",
  "description" : "",
  "roleKey" : "LDAP User",
  "parent" : "2adccac3-a56b-4078-be40-94e343f20712",
  "editPermissions" : true,
  "editUsers" : true,
  "editLayouts" : true,
  "locked" : false,
  "system" : false,
  "roleChildren" : null,
  "dbfqn" : "2adccac3-a56b-4078-be40-94e343f20712 --> 742c9eb3-8651-4df4-b1dc-00c8c64aee4f",
  "fqn" : null,
  "user" : false
}, {
  "id" : "892ab105-f212-407f-8fb4-58ec59310a5e",
  "name" : "CMS Administrator",
  "description" : "",
  "roleKey" : "CMS Administrator",
  "parent" : "2adccac3-a56b-4078-be40-94e343f20712",
  "editPermissions" : false,
  "editUsers" : true,
  "editLayouts" : true,
  "locked" : false,
  "system" : false,
  "roleChildren" : null,
  "dbfqn" : "2adccac3-a56b-4078-be40-94e343f20712 --> 892ab105-f212-407f-8fb4-58ec59310a5e",
  "fqn" : null,
  "user" : false
}, {
  "id" : "999cd6bf-5cef-4729-8543-696086143884",
  "name" : "Front-end User",
  "description" : "LoggedIn Site User",
  "roleKey" : "DOTCMS_FRONT_END_USER",
  "parent" : "2adccac3-a56b-4078-be40-94e343f20712",
  "editPermissions" : true,
  "editUsers" : true,
  "editLayouts" : false,
  "locked" : true,
  "system" : true,
  "roleChildren" : null,
  "dbfqn" : "2adccac3-a56b-4078-be40-94e343f20712 --> 999cd6bf-5cef-4729-8543-696086143884",
  "fqn" : null,
  "user" : false
}, {
  "id" : "9ac1ff78-71a9-4485-a541-9d1418b17aa4",
  "name" : "Users",
  "description" : "User Roles root",
  "roleKey" : "cms_users",
  "parent" : "9ac1ff78-71a9-4485-a541-9d1418b17aa4",
  "editPermissions" : false,
  "editUsers" : false,
  "editLayouts" : true,
  "locked" : false,
  "system" : false,
  "roleChildren" : null,
  "dbfqn" : "9ac1ff78-71a9-4485-a541-9d1418b17aa4",
  "fqn" : null,
  "user" : false
}, {
  "id" : "c3eb4526-6d96-48d8-9540-e5fa560cfc0f",
  "name" : "Anyone who can Publish Content",
  "description" : "Anyone who can Publish Content",
  "roleKey" : "cms_workflow_any_who_can_publish",
  "parent" : "2adccac3-a56b-4078-be40-94e343f20712",
  "editPermissions" : true,
  "editUsers" : true,
  "editLayouts" : false,
  "locked" : false,
  "system" : true,
  "roleChildren" : null,
  "dbfqn" : "2adccac3-a56b-4078-be40-94e343f20712 --> c3eb4526-6d96-48d8-9540-e5fa560cfc0f",
  "fqn" : null,
  "user" : false
}, {
  "id" : "e7d4e34e-5127-45fc-8123-d48b62d510e3",
  "name" : "Admin User",
  "description" : "",
  "roleKey" : "dotcms.org.1",
  "parent" : "9ac1ff78-71a9-4485-a541-9d1418b17aa4",
  "editPermissions" : true,
  "editUsers" : false,
  "editLayouts" : true,
  "locked" : false,
  "system" : false,
  "roleChildren" : null,
  "dbfqn" : "9ac1ff78-71a9-4485-a541-9d1418b17aa4 --> e7d4e34e-5127-45fc-8123-d48b62d510e3",
  "fqn" : null,
  "user" : false
}, {
  "id" : "edecd377-2321-4803-aa8b-89797dd0d61f",
  "name" : "anonymous user anonymous",
  "description" : "",
  "roleKey" : "anonymous",
  "parent" : "9ac1ff78-71a9-4485-a541-9d1418b17aa4",
  "editPermissions" : true,
  "editUsers" : false,
  "editLayouts" : true,
  "locked" : false,
  "system" : false,
  "roleChildren" : null,
  "dbfqn" : "9ac1ff78-71a9-4485-a541-9d1418b17aa4 --> edecd377-2321-4803-aa8b-89797dd0d61f",
  "fqn" : null,
  "user" : false
}, {
  "id" : "ff4d1504-a077-4874-b89b-9844d10d5b6d",
  "name" : "Scripting User",
  "description" : "",
  "roleKey" : "Scripting Developer",
  "parent" : "2adccac3-a56b-4078-be40-94e343f20712",
  "editPermissions" : false,
  "editUsers" : true,
  "editLayouts" : false,
  "locked" : false,
  "system" : false,
  "roleChildren" : null,
  "dbfqn" : "2adccac3-a56b-4078-be40-94e343f20712 --> ff4d1504-a077-4874-b89b-9844d10d5b6d",
  "fqn" : null,
  "user" : false
} ]