[ {
  "iDate" : null,
  "type" : null,
  "owner" : null,
  "parentStructureInode" : "d6fed088b09d1aef8f8817661d43841a",
  "childStructureInode" : "f2a3721bde8451663a4ca05f1abf921c",
  "parentRelationName" : "comidas",
  "childRelationName" : "categoria",
  "relationTypeValue" : "Menu.categoria",
  "cardinality" : 1,
  "parentRequired" : false,
  "childRequired" : false,
  "fixed" : false,
  "inode" : "038f8858-9f1c-42f1-8ca8-dce42abf8f58",
  "modDate" : "2025-06-22T23:06:56.065+00:00",
  "childStructure" : {
    "iDate" : "2025-05-27T04:15:24.000+00:00",
    "type" : "structure",
    "owner" : null,
    "inode" : "f2a3721bde8451663a4ca05f1abf921c",
    "identifier" : "f2a3721bde8451663a4ca05f1abf921c",
    "name" : "Categoria",
    "description" : null,
    "defaultStructure" : false,
    "reviewInterval" : null,
    "reviewerRole" : null,
    "pagedetail" : null,
    "structureType" : 1,
    "fixed" : false,
    "system" : false,
    "velocityVarName" : "Categoria",
    "urlMapPattern" : null,
    "host" : "8a7d5e23-da1e-420a-b4f0-471e7da8ea2d",
    "folder" : "SYSTEM_FOLDER",
    "publishDateVar" : null,
    "expireDateVar" : null,
    "modDate" : "2025-06-22T23:06:56.000+00:00",
    "icon" : "category",
    "sortOrder" : 0,
    "metadata" : { },
    "detailPage" : null,
    "widget" : false,
    "fieldsBySortOrder" : [ {
      "iDate" : "2025-05-27T04:15:24.000+00:00",
      "type" : "field",
      "owner" : null,
      "inode" : "bb35f203354a5d8209caab109b4a402d",
      "identifier" : "bb35f203354a5d8209caab109b4a402d",
      "structureInode" : "f2a3721bde8451663a4ca05f1abf921c",
      "fieldName" : "fields-0",
      "fieldType" : "row",
      "fieldRelationType" : null,
      "fieldContentlet" : "system_field",
      "required" : false,
      "velocityVarName" : "fields0",
      "sortOrder" : 0,
      "values" : null,
      "regexCheck" : null,
      "hint" : null,
      "defaultValue" : null,
      "indexed" : false,
      "listed" : false,
      "fixed" : false,
      "readOnly" : false,
      "searchable" : false,
      "unique" : false,
      "modDate" : "2025-06-22T17:03:46.000+00:00",
      "dataType" : "system_field",
      "map" : {
        "fieldSortOrder" : 0,
        "fieldHint" : null,
        "fieldName" : "fields-0",
        "fieldFieldType" : "row",
        "fieldRegexCheck" : null,
        "fieldRelationType" : null,
        "fieldVelocityVarName" : "fields0",
        "defaultValue" : null,
        "fieldFixed" : false,
        "fieldIndexed" : false,
        "fieldSearchable" : false,
        "fieldValues" : "",
        "fieldListed" : false,
        "fieldContentlet" : "system_field",
        "inode" : "bb35f203354a5d8209caab109b4a402d",
        "fieldStructureVarName" : "Categoria",
        "fieldRequired" : false,
        "fieldReadOnly" : false,
        "fieldUnique" : false,
        "fieldStructureInode" : "f2a3721bde8451663a4ca05f1abf921c"
      },
      "idate" : "2025-05-27T04:15:24.000+00:00",
      "versionType" : "field",
      "working" : false,
      "categoryId" : "bb35f203354a5d8209caab109b4a402d",
      "versionId" : "bb35f203354a5d8209caab109b4a402d",
      "modUser" : "",
      "parentPermissionable" : null,
      "archived" : false,
      "permissionId" : "bb35f203354a5d8209caab109b4a402d",
      "permissionType" : "com.dotmarketing.portlets.structure.model.Field",
      "new" : false,
      "title" : "",
      "live" : false,
      "locked" : false
    }, {
      "iDate" : "2025-05-27T04:15:24.000+00:00",
      "type" : "field",
      "owner" : null,
      "inode" : "e33eebd04bd05d1919f23dc42cec7769",
      "identifier" : "e33eebd04bd05d1919f23dc42cec7769",
      "structureInode" : "f2a3721bde8451663a4ca05f1abf921c",
      "fieldName" : "fields-1",
      "fieldType" : "column",
      "fieldRelationType" : null,
      "fieldContentlet" : "system_field",
      "required" : false,
      "velocityVarName" : "fields1",
      "sortOrder" : 1,
      "values" : null,
      "regexCheck" : null,
      "hint" : null,
      "defaultValue" : null,
      "indexed" : false,
      "listed" : false,
      "fixed" : false,
      "readOnly" : false,
      "searchable" : false,
      "unique" : false,
      "modDate" : "2025-06-22T17:03:46.000+00:00",
      "dataType" : "system_field",
      "map" : {
        "fieldSortOrder" : 1,
        "fieldHint" : null,
        "fieldName" : "fields-1",
        "fieldFieldType" : "column",
        "fieldRegexCheck" : null,
        "fieldRelationType" : null,
        "fieldVelocityVarName" : "fields1",
        "defaultValue" : null,
        "fieldFixed" : false,
        "fieldIndexed" : false,
        "fieldSearchable" : false,
        "fieldValues" : "",
        "fieldListed" : false,
        "fieldContentlet" : "system_field",
        "inode" : "e33eebd04bd05d1919f23dc42cec7769",
        "fieldStructureVarName" : "Categoria",
        "fieldRequired" : false,
        "fieldReadOnly" : false,
        "fieldUnique" : false,
        "fieldStructureInode" : "f2a3721bde8451663a4ca05f1abf921c"
      },
      "idate" : "2025-05-27T04:15:24.000+00:00",
      "versionType" : "field",
      "working" : false,
      "categoryId" : "e33eebd04bd05d1919f23dc42cec7769",
      "versionId" : "e33eebd04bd05d1919f23dc42cec7769",
      "modUser" : "",
      "parentPermissionable" : null,
      "archived" : false,
      "permissionId" : "e33eebd04bd05d1919f23dc42cec7769",
      "permissionType" : "com.dotmarketing.portlets.structure.model.Field",
      "new" : false,
      "title" : "",
      "live" : false,
      "locked" : false
    }, {
      "iDate" : "2025-05-27T04:15:56.000+00:00",
      "type" : "field",
      "owner" : null,
      "inode" : "cee92157d6754c13c18db3ddcc7ceedb",
      "identifier" : "cee92157d6754c13c18db3ddcc7ceedb",
      "structureInode" : "f2a3721bde8451663a4ca05f1abf921c",
      "fieldName" : "Titulo",
      "fieldType" : "text",
      "fieldRelationType" : null,
      "fieldContentlet" : "text1",
      "required" : true,
      "velocityVarName" : "titulo",
      "sortOrder" : 2,
      "values" : null,
      "regexCheck" : null,
      "hint" : null,
      "defaultValue" : null,
      "indexed" : true,
      "listed" : true,
      "fixed" : false,
      "readOnly" : false,
      "searchable" : true,
      "unique" : false,
      "modDate" : "2025-06-22T17:03:46.000+00:00",
      "dataType" : "text",
      "map" : {
        "fieldSortOrder" : 2,
        "fieldHint" : null,
        "fieldName" : "Titulo",
        "fieldFieldType" : "text",
        "fieldRegexCheck" : null,
        "fieldRelationType" : null,
        "fieldVelocityVarName" : "titulo",
        "defaultValue" : null,
        "fieldFixed" : false,
        "fieldIndexed" : true,
        "fieldSearchable" : true,
        "fieldValues" : "",
        "fieldListed" : true,
        "fieldContentlet" : "text1",
        "inode" : "cee92157d6754c13c18db3ddcc7ceedb",
        "fieldStructureVarName" : "Categoria",
        "fieldRequired" : true,
        "fieldReadOnly" : false,
        "fieldUnique" : false,
        "fieldStructureInode" : "f2a3721bde8451663a4ca05f1abf921c"
      },
      "idate" : "2025-05-27T04:15:56.000+00:00",
      "versionType" : "field",
      "working" : false,
      "categoryId" : "cee92157d6754c13c18db3ddcc7ceedb",
      "versionId" : "cee92157d6754c13c18db3ddcc7ceedb",
      "modUser" : "",
      "parentPermissionable" : null,
      "archived" : false,
      "permissionId" : "cee92157d6754c13c18db3ddcc7ceedb",
      "permissionType" : "com.dotmarketing.portlets.structure.model.Field",
      "new" : false,
      "title" : "",
      "live" : false,
      "locked" : false
    }, {
      "iDate" : "2025-06-22T17:51:57.000+00:00",
      "type" : "field",
      "owner" : null,
      "inode" : "dff832083d6dbf42a7a2e4995d93eaa9",
      "identifier" : "dff832083d6dbf42a7a2e4995d93eaa9",
      "structureInode" : "f2a3721bde8451663a4ca05f1abf921c",
      "fieldName" : "Orden",
      "fieldType" : "text",
      "fieldRelationType" : null,
      "fieldContentlet" : "integer1",
      "required" : true,
      "velocityVarName" : "orden",
      "sortOrder" : 3,
      "values" : null,
      "regexCheck" : null,
      "hint" : "Orden de la lista de Categorias",
      "defaultValue" : null,
      "indexed" : true,
      "listed" : true,
      "fixed" : false,
      "readOnly" : false,
      "searchable" : true,
      "unique" : false,
      "modDate" : "2025-06-22T17:52:03.000+00:00",
      "dataType" : "integer",
      "map" : {
        "fieldSortOrder" : 3,
        "fieldHint" : "Orden de la lista de Categorias",
        "fieldName" : "Orden",
        "fieldFieldType" : "text",
        "fieldRegexCheck" : null,
        "fieldRelationType" : null,
        "fieldVelocityVarName" : "orden",
        "defaultValue" : null,
        "fieldFixed" : false,
        "fieldIndexed" : true,
        "fieldSearchable" : true,
        "fieldValues" : "",
        "fieldListed" : true,
        "fieldContentlet" : "integer1",
        "inode" : "dff832083d6dbf42a7a2e4995d93eaa9",
        "fieldStructureVarName" : "Categoria",
        "fieldRequired" : true,
        "fieldReadOnly" : false,
        "fieldUnique" : false,
        "fieldStructureInode" : "f2a3721bde8451663a4ca05f1abf921c"
      },
      "idate" : "2025-06-22T17:51:57.000+00:00",
      "versionType" : "field",
      "working" : false,
      "categoryId" : "dff832083d6dbf42a7a2e4995d93eaa9",
      "versionId" : "dff832083d6dbf42a7a2e4995d93eaa9",
      "modUser" : "",
      "parentPermissionable" : null,
      "archived" : false,
      "permissionId" : "dff832083d6dbf42a7a2e4995d93eaa9",
      "permissionType" : "com.dotmarketing.portlets.structure.model.Field",
      "new" : false,
      "title" : "",
      "live" : false,
      "locked" : false
    }, {
      "iDate" : "2025-06-22T23:06:56.000+00:00",
      "type" : "field",
      "owner" : null,
      "inode" : "4882e659193f06c23a8892b48db7d147",
      "identifier" : "4882e659193f06c23a8892b48db7d147",
      "structureInode" : "f2a3721bde8451663a4ca05f1abf921c",
      "fieldName" : "Comidas",
      "fieldType" : "relationship",
      "fieldRelationType" : "Menu.categoria",
      "fieldContentlet" : "system_field",
      "required" : false,
      "velocityVarName" : "comidas",
      "sortOrder" : 4,
      "values" : "1",
      "regexCheck" : null,
      "hint" : null,
      "defaultValue" : null,
      "indexed" : true,
      "listed" : false,
      "fixed" : false,
      "readOnly" : false,
      "searchable" : true,
      "unique" : false,
      "modDate" : "2025-06-22T23:06:56.000+00:00",
      "dataType" : "system_field",
      "map" : {
        "fieldSortOrder" : 4,
        "fieldHint" : null,
        "fieldName" : "Comidas",
        "fieldFieldType" : "relationship",
        "fieldRegexCheck" : null,
        "fieldRelationType" : "Menu.categoria",
        "fieldVelocityVarName" : "comidas",
        "defaultValue" : null,
        "fieldFixed" : false,
        "fieldIndexed" : true,
        "fieldSearchable" : true,
        "fieldValues" : "1",
        "fieldListed" : false,
        "fieldContentlet" : "system_field",
        "inode" : "4882e659193f06c23a8892b48db7d147",
        "fieldStructureVarName" : "Categoria",
        "fieldRequired" : false,
        "fieldReadOnly" : false,
        "fieldUnique" : false,
        "fieldStructureInode" : "f2a3721bde8451663a4ca05f1abf921c"
      },
      "idate" : "2025-06-22T23:06:56.000+00:00",
      "versionType" : "field",
      "working" : false,
      "categoryId" : "4882e659193f06c23a8892b48db7d147",
      "versionId" : "4882e659193f06c23a8892b48db7d147",
      "modUser" : "",
      "parentPermissionable" : null,
      "archived" : false,
      "permissionId" : "4882e659193f06c23a8892b48db7d147",
      "permissionType" : "com.dotmarketing.portlets.structure.model.Field",
      "new" : false,
      "title" : "",
      "live" : false,
      "locked" : false
    } ],
    "htmlpageAsset" : false,
    "persona" : false,
    "fileAsset" : false,
    "form" : false,
    "content" : true,
    "map" : {
      "permissionId" : "f2a3721bde8451663a4ca05f1abf921c",
      "modDate" : "2025-06-22T23:06:56.000+00:00",
      "HTMLPageAsset" : false,
      "widget" : false,
      "icon" : "category",
      "pagedetail" : null,
      "description" : null,
      "type" : "structure",
      "title" : "",
      "velocityVarName" : "Categoria",
      "content" : true,
      "expireDateVar" : null,
      "inode" : "f2a3721bde8451663a4ca05f1abf921c",
      "archived" : false,
      "host" : false,
      "working" : false,
      "locked" : false,
      "live" : false,
      "iDate" : "2025-05-27T04:15:24.000+00:00",
      "versionType" : "structure",
      "owner" : null,
      "identifier" : "f2a3721bde8451663a4ca05f1abf921c",
      "new" : false,
      "permissionType" : "com.dotmarketing.portlets.structure.model.Structure",
      "defaultStructure" : false,
      "persona" : false,
      "fileAsset" : false,
      "urlMapPattern" : null,
      "IDate" : "2025-05-27T04:15:24.000+00:00",
      "versionId" : "f2a3721bde8451663a4ca05f1abf921c",
      "folder" : "SYSTEM_FOLDER",
      "system" : false,
      "form" : false,
      "publishDateVar" : null,
      "parentPermissionable" : true,
      "reviewInterval" : null,
      "structureType" : 1,
      "sortOrder" : 0,
      "modUser" : "",
      "name" : "Categoria",
      "detailPage" : null,
      "fixed" : false,
      "categoryId" : "f2a3721bde8451663a4ca05f1abf921c",
      "reviewerRole" : null
    },
    "fields" : [ {
      "iDate" : "2025-05-27T04:15:24.000+00:00",
      "type" : "field",
      "owner" : null,
      "inode" : "bb35f203354a5d8209caab109b4a402d",
      "identifier" : "bb35f203354a5d8209caab109b4a402d",
      "structureInode" : "f2a3721bde8451663a4ca05f1abf921c",
      "fieldName" : "fields-0",
      "fieldType" : "row",
      "fieldRelationType" : null,
      "fieldContentlet" : "system_field",
      "required" : false,
      "velocityVarName" : "fields0",
      "sortOrder" : 0,
      "values" : null,
      "regexCheck" : null,
      "hint" : null,
      "defaultValue" : null,
      "indexed" : false,
      "listed" : false,
      "fixed" : false,
      "readOnly" : false,
      "searchable" : false,
      "unique" : false,
      "modDate" : "2025-06-22T17:03:46.000+00:00",
      "dataType" : "system_field",
      "map" : {
        "fieldSortOrder" : 0,
        "fieldHint" : null,
        "fieldName" : "fields-0",
        "fieldFieldType" : "row",
        "fieldRegexCheck" : null,
        "fieldRelationType" : null,
        "fieldVelocityVarName" : "fields0",
        "defaultValue" : null,
        "fieldFixed" : false,
        "fieldIndexed" : false,
        "fieldSearchable" : false,
        "fieldValues" : "",
        "fieldListed" : false,
        "fieldContentlet" : "system_field",
        "inode" : "bb35f203354a5d8209caab109b4a402d",
        "fieldStructureVarName" : "Categoria",
        "fieldRequired" : false,
        "fieldReadOnly" : false,
        "fieldUnique" : false,
        "fieldStructureInode" : "f2a3721bde8451663a4ca05f1abf921c"
      },
      "idate" : "2025-05-27T04:15:24.000+00:00",
      "versionType" : "field",
      "working" : false,
      "categoryId" : "bb35f203354a5d8209caab109b4a402d",
      "versionId" : "bb35f203354a5d8209caab109b4a402d",
      "modUser" : "",
      "parentPermissionable" : null,
      "archived" : false,
      "permissionId" : "bb35f203354a5d8209caab109b4a402d",
      "permissionType" : "com.dotmarketing.portlets.structure.model.Field",
      "new" : false,
      "title" : "",
      "live" : false,
      "locked" : false
    }, {
      "iDate" : "2025-05-27T04:15:24.000+00:00",
      "type" : "field",
      "owner" : null,
      "inode" : "e33eebd04bd05d1919f23dc42cec7769",
      "identifier" : "e33eebd04bd05d1919f23dc42cec7769",
      "structureInode" : "f2a3721bde8451663a4ca05f1abf921c",
      "fieldName" : "fields-1",
      "fieldType" : "column",
      "fieldRelationType" : null,
      "fieldContentlet" : "system_field",
      "required" : false,
      "velocityVarName" : "fields1",
      "sortOrder" : 1,
      "values" : null,
      "regexCheck" : null,
      "hint" : null,
      "defaultValue" : null,
      "indexed" : false,
      "listed" : false,
      "fixed" : false,
      "readOnly" : false,
      "searchable" : false,
      "unique" : false,
      "modDate" : "2025-06-22T17:03:46.000+00:00",
      "dataType" : "system_field",
      "map" : {
        "fieldSortOrder" : 1,
        "fieldHint" : null,
        "fieldName" : "fields-1",
        "fieldFieldType" : "column",
        "fieldRegexCheck" : null,
        "fieldRelationType" : null,
        "fieldVelocityVarName" : "fields1",
        "defaultValue" : null,
        "fieldFixed" : false,
        "fieldIndexed" : false,
        "fieldSearchable" : false,
        "fieldValues" : "",
        "fieldListed" : false,
        "fieldContentlet" : "system_field",
        "inode" : "e33eebd04bd05d1919f23dc42cec7769",
        "fieldStructureVarName" : "Categoria",
        "fieldRequired" : false,
        "fieldReadOnly" : false,
        "fieldUnique" : false,
        "fieldStructureInode" : "f2a3721bde8451663a4ca05f1abf921c"
      },
      "idate" : "2025-05-27T04:15:24.000+00:00",
      "versionType" : "field",
      "working" : false,
      "categoryId" : "e33eebd04bd05d1919f23dc42cec7769",
      "versionId" : "e33eebd04bd05d1919f23dc42cec7769",
      "modUser" : "",
      "parentPermissionable" : null,
      "archived" : false,
      "permissionId" : "e33eebd04bd05d1919f23dc42cec7769",
      "permissionType" : "com.dotmarketing.portlets.structure.model.Field",
      "new" : false,
      "title" : "",
      "live" : false,
      "locked" : false
    }, {
      "iDate" : "2025-05-27T04:15:56.000+00:00",
      "type" : "field",
      "owner" : null,
      "inode" : "cee92157d6754c13c18db3ddcc7ceedb",
      "identifier" : "cee92157d6754c13c18db3ddcc7ceedb",
      "structureInode" : "f2a3721bde8451663a4ca05f1abf921c",
      "fieldName" : "Titulo",
      "fieldType" : "text",
      "fieldRelationType" : null,
      "fieldContentlet" : "text1",
      "required" : true,
      "velocityVarName" : "titulo",
      "sortOrder" : 2,
      "values" : null,
      "regexCheck" : null,
      "hint" : null,
      "defaultValue" : null,
      "indexed" : true,
      "listed" : true,
      "fixed" : false,
      "readOnly" : false,
      "searchable" : true,
      "unique" : false,
      "modDate" : "2025-06-22T17:03:46.000+00:00",
      "dataType" : "text",
      "map" : {
        "fieldSortOrder" : 2,
        "fieldHint" : null,
        "fieldName" : "Titulo",
        "fieldFieldType" : "text",
        "fieldRegexCheck" : null,
        "fieldRelationType" : null,
        "fieldVelocityVarName" : "titulo",
        "defaultValue" : null,
        "fieldFixed" : false,
        "fieldIndexed" : true,
        "fieldSearchable" : true,
        "fieldValues" : "",
        "fieldListed" : true,
        "fieldContentlet" : "text1",
        "inode" : "cee92157d6754c13c18db3ddcc7ceedb",
        "fieldStructureVarName" : "Categoria",
        "fieldRequired" : true,
        "fieldReadOnly" : false,
        "fieldUnique" : false,
        "fieldStructureInode" : "f2a3721bde8451663a4ca05f1abf921c"
      },
      "idate" : "2025-05-27T04:15:56.000+00:00",
      "versionType" : "field",
      "working" : false,
      "categoryId" : "cee92157d6754c13c18db3ddcc7ceedb",
      "versionId" : "cee92157d6754c13c18db3ddcc7ceedb",
      "modUser" : "",
      "parentPermissionable" : null,
      "archived" : false,
      "permissionId" : "cee92157d6754c13c18db3ddcc7ceedb",
      "permissionType" : "com.dotmarketing.portlets.structure.model.Field",
      "new" : false,
      "title" : "",
      "live" : false,
      "locked" : false
    }, {
      "iDate" : "2025-06-22T17:51:57.000+00:00",
      "type" : "field",
      "owner" : null,
      "inode" : "dff832083d6dbf42a7a2e4995d93eaa9",
      "identifier" : "dff832083d6dbf42a7a2e4995d93eaa9",
      "structureInode" : "f2a3721bde8451663a4ca05f1abf921c",
      "fieldName" : "Orden",
      "fieldType" : "text",
      "fieldRelationType" : null,
      "fieldContentlet" : "integer1",
      "required" : true,
      "velocityVarName" : "orden",
      "sortOrder" : 3,
      "values" : null,
      "regexCheck" : null,
      "hint" : "Orden de la lista de Categorias",
      "defaultValue" : null,
      "indexed" : true,
      "listed" : true,
      "fixed" : false,
      "readOnly" : false,
      "searchable" : true,
      "unique" : false,
      "modDate" : "2025-06-22T17:52:03.000+00:00",
      "dataType" : "integer",
      "map" : {
        "fieldSortOrder" : 3,
        "fieldHint" : "Orden de la lista de Categorias",
        "fieldName" : "Orden",
        "fieldFieldType" : "text",
        "fieldRegexCheck" : null,
        "fieldRelationType" : null,
        "fieldVelocityVarName" : "orden",
        "defaultValue" : null,
        "fieldFixed" : false,
        "fieldIndexed" : true,
        "fieldSearchable" : true,
        "fieldValues" : "",
        "fieldListed" : true,
        "fieldContentlet" : "integer1",
        "inode" : "dff832083d6dbf42a7a2e4995d93eaa9",
        "fieldStructureVarName" : "Categoria",
        "fieldRequired" : true,
        "fieldReadOnly" : false,
        "fieldUnique" : false,
        "fieldStructureInode" : "f2a3721bde8451663a4ca05f1abf921c"
      },
      "idate" : "2025-06-22T17:51:57.000+00:00",
      "versionType" : "field",
      "working" : false,
      "categoryId" : "dff832083d6dbf42a7a2e4995d93eaa9",
      "versionId" : "dff832083d6dbf42a7a2e4995d93eaa9",
      "modUser" : "",
      "parentPermissionable" : null,
      "archived" : false,
      "permissionId" : "dff832083d6dbf42a7a2e4995d93eaa9",
      "permissionType" : "com.dotmarketing.portlets.structure.model.Field",
      "new" : false,
      "title" : "",
      "live" : false,
      "locked" : false
    }, {
      "iDate" : "2025-06-22T23:06:56.000+00:00",
      "type" : "field",
      "owner" : null,
      "inode" : "4882e659193f06c23a8892b48db7d147",
      "identifier" : "4882e659193f06c23a8892b48db7d147",
      "structureInode" : "f2a3721bde8451663a4ca05f1abf921c",
      "fieldName" : "Comidas",
      "fieldType" : "relationship",
      "fieldRelationType" : "Menu.categoria",
      "fieldContentlet" : "system_field",
      "required" : false,
      "velocityVarName" : "comidas",
      "sortOrder" : 4,
      "values" : "1",
      "regexCheck" : null,
      "hint" : null,
      "defaultValue" : null,
      "indexed" : true,
      "listed" : false,
      "fixed" : false,
      "readOnly" : false,
      "searchable" : true,
      "unique" : false,
      "modDate" : "2025-06-22T23:06:56.000+00:00",
      "dataType" : "system_field",
      "map" : {
        "fieldSortOrder" : 4,
        "fieldHint" : null,
        "fieldName" : "Comidas",
        "fieldFieldType" : "relationship",
        "fieldRegexCheck" : null,
        "fieldRelationType" : "Menu.categoria",
        "fieldVelocityVarName" : "comidas",
        "defaultValue" : null,
        "fieldFixed" : false,
        "fieldIndexed" : true,
        "fieldSearchable" : true,
        "fieldValues" : "1",
        "fieldListed" : false,
        "fieldContentlet" : "system_field",
        "inode" : "4882e659193f06c23a8892b48db7d147",
        "fieldStructureVarName" : "Categoria",
        "fieldRequired" : false,
        "fieldReadOnly" : false,
        "fieldUnique" : false,
        "fieldStructureInode" : "f2a3721bde8451663a4ca05f1abf921c"
      },
      "idate" : "2025-06-22T23:06:56.000+00:00",
      "versionType" : "field",
      "working" : false,
      "categoryId" : "4882e659193f06c23a8892b48db7d147",
      "versionId" : "4882e659193f06c23a8892b48db7d147",
      "modUser" : "",
      "parentPermissionable" : null,
      "archived" : false,
      "permissionId" : "4882e659193f06c23a8892b48db7d147",
      "permissionType" : "com.dotmarketing.portlets.structure.model.Field",
      "new" : false,
      "title" : "",
      "live" : false,
      "locked" : false
    } ],
    "permissionId" : "f2a3721bde8451663a4ca05f1abf921c",
    "permissionType" : "com.dotmarketing.portlets.structure.model.Structure",
    "idate" : "2025-05-27T04:15:24.000+00:00",
    "versionType" : "structure",
    "working" : false,
    "categoryId" : "f2a3721bde8451663a4ca05f1abf921c",
    "versionId" : "f2a3721bde8451663a4ca05f1abf921c",
    "modUser" : "",
    "archived" : false,
    "new" : false,
    "title" : "",
    "live" : false,
    "locked" : false
  },
  "parentStructure" : {
    "iDate" : "2025-05-25T23:23:24.000+00:00",
    "type" : "structure",
    "owner" : null,
    "inode" : "d6fed088b09d1aef8f8817661d43841a",
    "identifier" : "d6fed088b09d1aef8f8817661d43841a",
    "name" : "Menu",
    "description" : null,
    "defaultStructure" : false,
    "reviewInterval" : null,
    "reviewerRole" : null,
    "pagedetail" : null,
    "structureType" : 1,
    "fixed" : false,
    "system" : false,
    "velocityVarName" : "Menu",
    "urlMapPattern" : null,
    "host" : "8a7d5e23-da1e-420a-b4f0-471e7da8ea2d",
    "folder" : "SYSTEM_FOLDER",
    "publishDateVar" : null,
    "expireDateVar" : null,
    "modDate" : "2025-06-22T23:06:32.000+00:00",
    "icon" : "fastfood",
    "sortOrder" : 0,
    "metadata" : { },
    "detailPage" : null,
    "widget" : false,
    "fieldsBySortOrder" : [ {
      "iDate" : "2025-05-25T23:23:24.000+00:00",
      "type" : "field",
      "owner" : null,
      "inode" : "abf078df76b49eb8ba195db8013bbf90",
      "identifier" : "abf078df76b49eb8ba195db8013bbf90",
      "structureInode" : "d6fed088b09d1aef8f8817661d43841a",
      "fieldName" : "fields-0",
      "fieldType" : "row",
      "fieldRelationType" : null,
      "fieldContentlet" : "system_field",
      "required" : false,
      "velocityVarName" : "fields0",
      "sortOrder" : 0,
      "values" : null,
      "regexCheck" : null,
      "hint" : null,
      "defaultValue" : null,
      "indexed" : false,
      "listed" : false,
      "fixed" : false,
      "readOnly" : false,
      "searchable" : false,
      "unique" : false,
      "modDate" : "2025-06-22T17:03:46.000+00:00",
      "dataType" : "system_field",
      "map" : {
        "fieldSortOrder" : 0,
        "fieldHint" : null,
        "fieldName" : "fields-0",
        "fieldFieldType" : "row",
        "fieldRegexCheck" : null,
        "fieldRelationType" : null,
        "fieldVelocityVarName" : "fields0",
        "defaultValue" : null,
        "fieldFixed" : false,
        "fieldIndexed" : false,
        "fieldSearchable" : false,
        "fieldValues" : "",
        "fieldListed" : false,
        "fieldContentlet" : "system_field",
        "inode" : "abf078df76b49eb8ba195db8013bbf90",
        "fieldStructureVarName" : "Menu",
        "fieldRequired" : false,
        "fieldReadOnly" : false,
        "fieldUnique" : false,
        "fieldStructureInode" : "d6fed088b09d1aef8f8817661d43841a"
      },
      "idate" : "2025-05-25T23:23:24.000+00:00",
      "versionType" : "field",
      "working" : false,
      "categoryId" : "abf078df76b49eb8ba195db8013bbf90",
      "versionId" : "abf078df76b49eb8ba195db8013bbf90",
      "modUser" : "",
      "parentPermissionable" : null,
      "archived" : false,
      "permissionId" : "abf078df76b49eb8ba195db8013bbf90",
      "permissionType" : "com.dotmarketing.portlets.structure.model.Field",
      "new" : false,
      "title" : "",
      "live" : false,
      "locked" : false
    }, {
      "iDate" : "2025-05-25T23:23:24.000+00:00",
      "type" : "field",
      "owner" : null,
      "inode" : "6508dfb733f64225c7c8afa322922530",
      "identifier" : "6508dfb733f64225c7c8afa322922530",
      "structureInode" : "d6fed088b09d1aef8f8817661d43841a",
      "fieldName" : "fields-1",
      "fieldType" : "column",
      "fieldRelationType" : null,
      "fieldContentlet" : "system_field",
      "required" : false,
      "velocityVarName" : "fields1",
      "sortOrder" : 1,
      "values" : null,
      "regexCheck" : null,
      "hint" : null,
      "defaultValue" : null,
      "indexed" : false,
      "listed" : false,
      "fixed" : false,
      "readOnly" : false,
      "searchable" : false,
      "unique" : false,
      "modDate" : "2025-06-22T17:03:46.000+00:00",
      "dataType" : "system_field",
      "map" : {
        "fieldSortOrder" : 1,
        "fieldHint" : null,
        "fieldName" : "fields-1",
        "fieldFieldType" : "column",
        "fieldRegexCheck" : null,
        "fieldRelationType" : null,
        "fieldVelocityVarName" : "fields1",
        "defaultValue" : null,
        "fieldFixed" : false,
        "fieldIndexed" : false,
        "fieldSearchable" : false,
        "fieldValues" : "",
        "fieldListed" : false,
        "fieldContentlet" : "system_field",
        "inode" : "6508dfb733f64225c7c8afa322922530",
        "fieldStructureVarName" : "Menu",
        "fieldRequired" : false,
        "fieldReadOnly" : false,
        "fieldUnique" : false,
        "fieldStructureInode" : "d6fed088b09d1aef8f8817661d43841a"
      },
      "idate" : "2025-05-25T23:23:24.000+00:00",
      "versionType" : "field",
      "working" : false,
      "categoryId" : "6508dfb733f64225c7c8afa322922530",
      "versionId" : "6508dfb733f64225c7c8afa322922530",
      "modUser" : "",
      "parentPermissionable" : null,
      "archived" : false,
      "permissionId" : "6508dfb733f64225c7c8afa322922530",
      "permissionType" : "com.dotmarketing.portlets.structure.model.Field",
      "new" : false,
      "title" : "",
      "live" : false,
      "locked" : false
    }, {
      "iDate" : "2025-05-25T23:23:50.000+00:00",
      "type" : "field",
      "owner" : null,
      "inode" : "a0072b3ebf1321162e69020c2e7db6e2",
      "identifier" : "a0072b3ebf1321162e69020c2e7db6e2",
      "structureInode" : "d6fed088b09d1aef8f8817661d43841a",
      "fieldName" : "Titulo",
      "fieldType" : "text",
      "fieldRelationType" : null,
      "fieldContentlet" : "text1",
      "required" : true,
      "velocityVarName" : "titulo",
      "sortOrder" : 2,
      "values" : null,
      "regexCheck" : null,
      "hint" : null,
      "defaultValue" : null,
      "indexed" : true,
      "listed" : true,
      "fixed" : false,
      "readOnly" : false,
      "searchable" : true,
      "unique" : false,
      "modDate" : "2025-06-22T17:03:46.000+00:00",
      "dataType" : "text",
      "map" : {
        "fieldSortOrder" : 2,
        "fieldHint" : null,
        "fieldName" : "Titulo",
        "fieldFieldType" : "text",
        "fieldRegexCheck" : null,
        "fieldRelationType" : null,
        "fieldVelocityVarName" : "titulo",
        "defaultValue" : null,
        "fieldFixed" : false,
        "fieldIndexed" : true,
        "fieldSearchable" : true,
        "fieldValues" : "",
        "fieldListed" : true,
        "fieldContentlet" : "text1",
        "inode" : "a0072b3ebf1321162e69020c2e7db6e2",
        "fieldStructureVarName" : "Menu",
        "fieldRequired" : true,
        "fieldReadOnly" : false,
        "fieldUnique" : false,
        "fieldStructureInode" : "d6fed088b09d1aef8f8817661d43841a"
      },
      "idate" : "2025-05-25T23:23:50.000+00:00",
      "versionType" : "field",
      "working" : false,
      "categoryId" : "a0072b3ebf1321162e69020c2e7db6e2",
      "versionId" : "a0072b3ebf1321162e69020c2e7db6e2",
      "modUser" : "",
      "parentPermissionable" : null,
      "archived" : false,
      "permissionId" : "a0072b3ebf1321162e69020c2e7db6e2",
      "permissionType" : "com.dotmarketing.portlets.structure.model.Field",
      "new" : false,
      "title" : "",
      "live" : false,
      "locked" : false
    }, {
      "iDate" : "2025-05-26T00:48:39.000+00:00",
      "type" : "field",
      "owner" : null,
      "inode" : "1fda092febfe22481487b34a730a6cfa",
      "identifier" : "1fda092febfe22481487b34a730a6cfa",
      "structureInode" : "d6fed088b09d1aef8f8817661d43841a",
      "fieldName" : "Destacado",
      "fieldType" : "radio",
      "fieldRelationType" : null,
      "fieldContentlet" : "text3",
      "required" : false,
      "velocityVarName" : "destacado",
      "sortOrder" : 3,
      "values" : "si|si\r\nno|no",
      "regexCheck" : null,
      "hint" : null,
      "defaultValue" : "no",
      "indexed" : true,
      "listed" : true,
      "fixed" : false,
      "readOnly" : false,
      "searchable" : true,
      "unique" : false,
      "modDate" : "2025-06-22T21:15:09.000+00:00",
      "dataType" : "text",
      "map" : {
        "fieldSortOrder" : 3,
        "fieldHint" : null,
        "fieldName" : "Destacado",
        "fieldFieldType" : "radio",
        "fieldRegexCheck" : null,
        "fieldRelationType" : null,
        "fieldVelocityVarName" : "destacado",
        "defaultValue" : "no",
        "fieldFixed" : false,
        "fieldIndexed" : true,
        "fieldSearchable" : true,
        "fieldValues" : "si|si\r\nno|no",
        "fieldListed" : true,
        "fieldContentlet" : "text3",
        "inode" : "1fda092febfe22481487b34a730a6cfa",
        "fieldStructureVarName" : "Menu",
        "fieldRequired" : false,
        "fieldReadOnly" : false,
        "fieldUnique" : false,
        "fieldStructureInode" : "d6fed088b09d1aef8f8817661d43841a"
      },
      "idate" : "2025-05-26T00:48:39.000+00:00",
      "versionType" : "field",
      "working" : false,
      "categoryId" : "1fda092febfe22481487b34a730a6cfa",
      "versionId" : "1fda092febfe22481487b34a730a6cfa",
      "modUser" : "",
      "parentPermissionable" : null,
      "archived" : false,
      "permissionId" : "1fda092febfe22481487b34a730a6cfa",
      "permissionType" : "com.dotmarketing.portlets.structure.model.Field",
      "new" : false,
      "title" : "",
      "live" : false,
      "locked" : false
    }, {
      "iDate" : "2025-05-25T23:36:10.000+00:00",
      "type" : "field",
      "owner" : null,
      "inode" : "396d6bd5decf6efad50ee367b1ecbfc5",
      "identifier" : "396d6bd5decf6efad50ee367b1ecbfc5",
      "structureInode" : "d6fed088b09d1aef8f8817661d43841a",
      "fieldName" : "Precio",
      "fieldType" : "text",
      "fieldRelationType" : null,
      "fieldContentlet" : "text2",
      "required" : true,
      "velocityVarName" : "precio",
      "sortOrder" : 4,
      "values" : null,
      "regexCheck" : null,
      "hint" : null,
      "defaultValue" : null,
      "indexed" : true,
      "listed" : true,
      "fixed" : false,
      "readOnly" : false,
      "searchable" : true,
      "unique" : false,
      "modDate" : "2025-06-22T21:15:16.000+00:00",
      "dataType" : "text",
      "map" : {
        "fieldSortOrder" : 4,
        "fieldHint" : null,
        "fieldName" : "Precio",
        "fieldFieldType" : "text",
        "fieldRegexCheck" : null,
        "fieldRelationType" : null,
        "fieldVelocityVarName" : "precio",
        "defaultValue" : null,
        "fieldFixed" : false,
        "fieldIndexed" : true,
        "fieldSearchable" : true,
        "fieldValues" : "",
        "fieldListed" : true,
        "fieldContentlet" : "text2",
        "inode" : "396d6bd5decf6efad50ee367b1ecbfc5",
        "fieldStructureVarName" : "Menu",
        "fieldRequired" : true,
        "fieldReadOnly" : false,
        "fieldUnique" : false,
        "fieldStructureInode" : "d6fed088b09d1aef8f8817661d43841a"
      },
      "idate" : "2025-05-25T23:36:10.000+00:00",
      "versionType" : "field",
      "working" : false,
      "categoryId" : "396d6bd5decf6efad50ee367b1ecbfc5",
      "versionId" : "396d6bd5decf6efad50ee367b1ecbfc5",
      "modUser" : "",
      "parentPermissionable" : null,
      "archived" : false,
      "permissionId" : "396d6bd5decf6efad50ee367b1ecbfc5",
      "permissionType" : "com.dotmarketing.portlets.structure.model.Field",
      "new" : false,
      "title" : "",
      "live" : false,
      "locked" : false
    }, {
      "iDate" : "2025-06-22T23:06:31.000+00:00",
      "type" : "field",
      "owner" : null,
      "inode" : "369d2525773790b0ceceb86a5cfa4747",
      "identifier" : "369d2525773790b0ceceb86a5cfa4747",
      "structureInode" : "d6fed088b09d1aef8f8817661d43841a",
      "fieldName" : "Categoria",
      "fieldType" : "relationship",
      "fieldRelationType" : "Categoria",
      "fieldContentlet" : "system_field",
      "required" : false,
      "velocityVarName" : "categoria",
      "sortOrder" : 5,
      "values" : "1",
      "regexCheck" : null,
      "hint" : null,
      "defaultValue" : null,
      "indexed" : true,
      "listed" : false,
      "fixed" : false,
      "readOnly" : false,
      "searchable" : true,
      "unique" : false,
      "modDate" : "2025-06-22T23:06:31.000+00:00",
      "dataType" : "system_field",
      "map" : {
        "fieldSortOrder" : 5,
        "fieldHint" : null,
        "fieldName" : "Categoria",
        "fieldFieldType" : "relationship",
        "fieldRegexCheck" : null,
        "fieldRelationType" : "Categoria",
        "fieldVelocityVarName" : "categoria",
        "defaultValue" : null,
        "fieldFixed" : false,
        "fieldIndexed" : true,
        "fieldSearchable" : true,
        "fieldValues" : "1",
        "fieldListed" : false,
        "fieldContentlet" : "system_field",
        "inode" : "369d2525773790b0ceceb86a5cfa4747",
        "fieldStructureVarName" : "Menu",
        "fieldRequired" : false,
        "fieldReadOnly" : false,
        "fieldUnique" : false,
        "fieldStructureInode" : "d6fed088b09d1aef8f8817661d43841a"
      },
      "idate" : "2025-06-22T23:06:31.000+00:00",
      "versionType" : "field",
      "working" : false,
      "categoryId" : "369d2525773790b0ceceb86a5cfa4747",
      "versionId" : "369d2525773790b0ceceb86a5cfa4747",
      "modUser" : "",
      "parentPermissionable" : null,
      "archived" : false,
      "permissionId" : "369d2525773790b0ceceb86a5cfa4747",
      "permissionType" : "com.dotmarketing.portlets.structure.model.Field",
      "new" : false,
      "title" : "",
      "live" : false,
      "locked" : false
    }, {
      "iDate" : "2025-06-22T21:14:41.000+00:00",
      "type" : "field",
      "owner" : null,
      "inode" : "a92001f866d0aee746c0b3b9c38cc158",
      "identifier" : "a92001f866d0aee746c0b3b9c38cc158",
      "structureInode" : "d6fed088b09d1aef8f8817661d43841a",
      "fieldName" : "fields-2",
      "fieldType" : "column",
      "fieldRelationType" : null,
      "fieldContentlet" : "system_field",
      "required" : false,
      "velocityVarName" : "fields2",
      "sortOrder" : 6,
      "values" : null,
      "regexCheck" : null,
      "hint" : null,
      "defaultValue" : null,
      "indexed" : false,
      "listed" : false,
      "fixed" : false,
      "readOnly" : false,
      "searchable" : false,
      "unique" : false,
      "modDate" : "2025-06-22T23:06:32.000+00:00",
      "dataType" : "system_field",
      "map" : {
        "fieldSortOrder" : 6,
        "fieldHint" : null,
        "fieldName" : "fields-2",
        "fieldFieldType" : "column",
        "fieldRegexCheck" : null,
        "fieldRelationType" : null,
        "fieldVelocityVarName" : "fields2",
        "defaultValue" : null,
        "fieldFixed" : false,
        "fieldIndexed" : false,
        "fieldSearchable" : false,
        "fieldValues" : "",
        "fieldListed" : false,
        "fieldContentlet" : "system_field",
        "inode" : "a92001f866d0aee746c0b3b9c38cc158",
        "fieldStructureVarName" : "Menu",
        "fieldRequired" : false,
        "fieldReadOnly" : false,
        "fieldUnique" : false,
        "fieldStructureInode" : "d6fed088b09d1aef8f8817661d43841a"
      },
      "idate" : "2025-06-22T21:14:41.000+00:00",
      "versionType" : "field",
      "working" : false,
      "categoryId" : "a92001f866d0aee746c0b3b9c38cc158",
      "versionId" : "a92001f866d0aee746c0b3b9c38cc158",
      "modUser" : "",
      "parentPermissionable" : null,
      "archived" : false,
      "permissionId" : "a92001f866d0aee746c0b3b9c38cc158",
      "permissionType" : "com.dotmarketing.portlets.structure.model.Field",
      "new" : false,
      "title" : "",
      "live" : false,
      "locked" : false
    }, {
      "iDate" : "2025-05-25T23:31:22.000+00:00",
      "type" : "field",
      "owner" : null,
      "inode" : "f78ebc7bcd94b7b189fdac7940973841",
      "identifier" : "f78ebc7bcd94b7b189fdac7940973841",
      "structureInode" : "d6fed088b09d1aef8f8817661d43841a",
      "fieldName" : "Descripcion",
      "fieldType" : "wysiwyg",
      "fieldRelationType" : null,
      "fieldContentlet" : "text_area1",
      "required" : true,
      "velocityVarName" : "descripcion",
      "sortOrder" : 7,
      "values" : null,
      "regexCheck" : null,
      "hint" : null,
      "defaultValue" : null,
      "indexed" : true,
      "listed" : false,
      "fixed" : false,
      "readOnly" : false,
      "searchable" : true,
      "unique" : false,
      "modDate" : "2025-06-22T23:06:32.000+00:00",
      "dataType" : "text_area",
      "map" : {
        "fieldSortOrder" : 7,
        "fieldHint" : null,
        "fieldName" : "Descripcion",
        "fieldFieldType" : "wysiwyg",
        "fieldRegexCheck" : null,
        "fieldRelationType" : null,
        "fieldVelocityVarName" : "descripcion",
        "defaultValue" : null,
        "fieldFixed" : false,
        "fieldIndexed" : true,
        "fieldSearchable" : true,
        "fieldValues" : "",
        "fieldListed" : false,
        "fieldContentlet" : "text_area1",
        "inode" : "f78ebc7bcd94b7b189fdac7940973841",
        "fieldStructureVarName" : "Menu",
        "fieldRequired" : true,
        "fieldReadOnly" : false,
        "fieldUnique" : false,
        "fieldStructureInode" : "d6fed088b09d1aef8f8817661d43841a"
      },
      "idate" : "2025-05-25T23:31:22.000+00:00",
      "versionType" : "field",
      "working" : false,
      "categoryId" : "f78ebc7bcd94b7b189fdac7940973841",
      "versionId" : "f78ebc7bcd94b7b189fdac7940973841",
      "modUser" : "",
      "parentPermissionable" : null,
      "archived" : false,
      "permissionId" : "f78ebc7bcd94b7b189fdac7940973841",
      "permissionType" : "com.dotmarketing.portlets.structure.model.Field",
      "new" : false,
      "title" : "",
      "live" : false,
      "locked" : false
    }, {
      "iDate" : "2025-05-25T23:36:32.000+00:00",
      "type" : "field",
      "owner" : null,
      "inode" : "c579b120a0d4f0354015a042acb60447",
      "identifier" : "c579b120a0d4f0354015a042acb60447",
      "structureInode" : "d6fed088b09d1aef8f8817661d43841a",
      "fieldName" : "Imagen1",
      "fieldType" : "binary",
      "fieldRelationType" : null,
      "fieldContentlet" : "binary8",
      "required" : false,
      "velocityVarName" : "imagen1",
      "sortOrder" : 8,
      "values" : null,
      "regexCheck" : null,
      "hint" : null,
      "defaultValue" : null,
      "indexed" : false,
      "listed" : false,
      "fixed" : false,
      "readOnly" : false,
      "searchable" : false,
      "unique" : false,
      "modDate" : "2025-06-22T23:06:32.000+00:00",
      "dataType" : "binary",
      "map" : {
        "fieldSortOrder" : 8,
        "fieldHint" : null,
        "fieldName" : "Imagen1",
        "fieldFieldType" : "binary",
        "fieldRegexCheck" : null,
        "fieldRelationType" : null,
        "fieldVelocityVarName" : "imagen1",
        "defaultValue" : null,
        "fieldFixed" : false,
        "fieldIndexed" : false,
        "fieldSearchable" : false,
        "fieldValues" : "",
        "fieldListed" : false,
        "fieldContentlet" : "binary8",
        "inode" : "c579b120a0d4f0354015a042acb60447",
        "fieldStructureVarName" : "Menu",
        "fieldRequired" : false,
        "fieldReadOnly" : false,
        "fieldUnique" : false,
        "fieldStructureInode" : "d6fed088b09d1aef8f8817661d43841a"
      },
      "idate" : "2025-05-25T23:36:32.000+00:00",
      "versionType" : "field",
      "working" : false,
      "categoryId" : "c579b120a0d4f0354015a042acb60447",
      "versionId" : "c579b120a0d4f0354015a042acb60447",
      "modUser" : "",
      "parentPermissionable" : null,
      "archived" : false,
      "permissionId" : "c579b120a0d4f0354015a042acb60447",
      "permissionType" : "com.dotmarketing.portlets.structure.model.Field",
      "new" : false,
      "title" : "",
      "live" : false,
      "locked" : false
    } ],
    "htmlpageAsset" : false,
    "persona" : false,
    "fileAsset" : false,
    "form" : false,
    "content" : true,
    "map" : {
      "permissionId" : "d6fed088b09d1aef8f8817661d43841a",
      "modDate" : "2025-06-22T23:06:32.000+00:00",
      "HTMLPageAsset" : false,
      "widget" : false,
      "icon" : "fastfood",
      "pagedetail" : null,
      "description" : null,
      "type" : "structure",
      "title" : "",
      "velocityVarName" : "Menu",
      "content" : true,
      "expireDateVar" : null,
      "inode" : "d6fed088b09d1aef8f8817661d43841a",
      "archived" : false,
      "host" : false,
      "working" : false,
      "locked" : false,
      "live" : false,
      "iDate" : "2025-05-25T23:23:24.000+00:00",
      "versionType" : "structure",
      "owner" : null,
      "identifier" : "d6fed088b09d1aef8f8817661d43841a",
      "new" : false,
      "permissionType" : "com.dotmarketing.portlets.structure.model.Structure",
      "defaultStructure" : false,
      "persona" : false,
      "fileAsset" : false,
      "urlMapPattern" : null,
      "IDate" : "2025-05-25T23:23:24.000+00:00",
      "versionId" : "d6fed088b09d1aef8f8817661d43841a",
      "folder" : "SYSTEM_FOLDER",
      "system" : false,
      "form" : false,
      "publishDateVar" : null,
      "parentPermissionable" : true,
      "reviewInterval" : null,
      "structureType" : 1,
      "sortOrder" : 0,
      "modUser" : "",
      "name" : "Menu",
      "detailPage" : null,
      "fixed" : false,
      "categoryId" : "d6fed088b09d1aef8f8817661d43841a",
      "reviewerRole" : null
    },
    "fields" : [ {
      "iDate" : "2025-05-25T23:23:24.000+00:00",
      "type" : "field",
      "owner" : null,
      "inode" : "abf078df76b49eb8ba195db8013bbf90",
      "identifier" : "abf078df76b49eb8ba195db8013bbf90",
      "structureInode" : "d6fed088b09d1aef8f8817661d43841a",
      "fieldName" : "fields-0",
      "fieldType" : "row",
      "fieldRelationType" : null,
      "fieldContentlet" : "system_field",
      "required" : false,
      "velocityVarName" : "fields0",
      "sortOrder" : 0,
      "values" : null,
      "regexCheck" : null,
      "hint" : null,
      "defaultValue" : null,
      "indexed" : false,
      "listed" : false,
      "fixed" : false,
      "readOnly" : false,
      "searchable" : false,
      "unique" : false,
      "modDate" : "2025-06-22T17:03:46.000+00:00",
      "dataType" : "system_field",
      "map" : {
        "fieldSortOrder" : 0,
        "fieldHint" : null,
        "fieldName" : "fields-0",
        "fieldFieldType" : "row",
        "fieldRegexCheck" : null,
        "fieldRelationType" : null,
        "fieldVelocityVarName" : "fields0",
        "defaultValue" : null,
        "fieldFixed" : false,
        "fieldIndexed" : false,
        "fieldSearchable" : false,
        "fieldValues" : "",
        "fieldListed" : false,
        "fieldContentlet" : "system_field",
        "inode" : "abf078df76b49eb8ba195db8013bbf90",
        "fieldStructureVarName" : "Menu",
        "fieldRequired" : false,
        "fieldReadOnly" : false,
        "fieldUnique" : false,
        "fieldStructureInode" : "d6fed088b09d1aef8f8817661d43841a"
      },
      "idate" : "2025-05-25T23:23:24.000+00:00",
      "versionType" : "field",
      "working" : false,
      "categoryId" : "abf078df76b49eb8ba195db8013bbf90",
      "versionId" : "abf078df76b49eb8ba195db8013bbf90",
      "modUser" : "",
      "parentPermissionable" : null,
      "archived" : false,
      "permissionId" : "abf078df76b49eb8ba195db8013bbf90",
      "permissionType" : "com.dotmarketing.portlets.structure.model.Field",
      "new" : false,
      "title" : "",
      "live" : false,
      "locked" : false
    }, {
      "iDate" : "2025-05-25T23:23:24.000+00:00",
      "type" : "field",
      "owner" : null,
      "inode" : "6508dfb733f64225c7c8afa322922530",
      "identifier" : "6508dfb733f64225c7c8afa322922530",
      "structureInode" : "d6fed088b09d1aef8f8817661d43841a",
      "fieldName" : "fields-1",
      "fieldType" : "column",
      "fieldRelationType" : null,
      "fieldContentlet" : "system_field",
      "required" : false,
      "velocityVarName" : "fields1",
      "sortOrder" : 1,
      "values" : null,
      "regexCheck" : null,
      "hint" : null,
      "defaultValue" : null,
      "indexed" : false,
      "listed" : false,
      "fixed" : false,
      "readOnly" : false,
      "searchable" : false,
      "unique" : false,
      "modDate" : "2025-06-22T17:03:46.000+00:00",
      "dataType" : "system_field",
      "map" : {
        "fieldSortOrder" : 1,
        "fieldHint" : null,
        "fieldName" : "fields-1",
        "fieldFieldType" : "column",
        "fieldRegexCheck" : null,
        "fieldRelationType" : null,
        "fieldVelocityVarName" : "fields1",
        "defaultValue" : null,
        "fieldFixed" : false,
        "fieldIndexed" : false,
        "fieldSearchable" : false,
        "fieldValues" : "",
        "fieldListed" : false,
        "fieldContentlet" : "system_field",
        "inode" : "6508dfb733f64225c7c8afa322922530",
        "fieldStructureVarName" : "Menu",
        "fieldRequired" : false,
        "fieldReadOnly" : false,
        "fieldUnique" : false,
        "fieldStructureInode" : "d6fed088b09d1aef8f8817661d43841a"
      },
      "idate" : "2025-05-25T23:23:24.000+00:00",
      "versionType" : "field",
      "working" : false,
      "categoryId" : "6508dfb733f64225c7c8afa322922530",
      "versionId" : "6508dfb733f64225c7c8afa322922530",
      "modUser" : "",
      "parentPermissionable" : null,
      "archived" : false,
      "permissionId" : "6508dfb733f64225c7c8afa322922530",
      "permissionType" : "com.dotmarketing.portlets.structure.model.Field",
      "new" : false,
      "title" : "",
      "live" : false,
      "locked" : false
    }, {
      "iDate" : "2025-05-25T23:23:50.000+00:00",
      "type" : "field",
      "owner" : null,
      "inode" : "a0072b3ebf1321162e69020c2e7db6e2",
      "identifier" : "a0072b3ebf1321162e69020c2e7db6e2",
      "structureInode" : "d6fed088b09d1aef8f8817661d43841a",
      "fieldName" : "Titulo",
      "fieldType" : "text",
      "fieldRelationType" : null,
      "fieldContentlet" : "text1",
      "required" : true,
      "velocityVarName" : "titulo",
      "sortOrder" : 2,
      "values" : null,
      "regexCheck" : null,
      "hint" : null,
      "defaultValue" : null,
      "indexed" : true,
      "listed" : true,
      "fixed" : false,
      "readOnly" : false,
      "searchable" : true,
      "unique" : false,
      "modDate" : "2025-06-22T17:03:46.000+00:00",
      "dataType" : "text",
      "map" : {
        "fieldSortOrder" : 2,
        "fieldHint" : null,
        "fieldName" : "Titulo",
        "fieldFieldType" : "text",
        "fieldRegexCheck" : null,
        "fieldRelationType" : null,
        "fieldVelocityVarName" : "titulo",
        "defaultValue" : null,
        "fieldFixed" : false,
        "fieldIndexed" : true,
        "fieldSearchable" : true,
        "fieldValues" : "",
        "fieldListed" : true,
        "fieldContentlet" : "text1",
        "inode" : "a0072b3ebf1321162e69020c2e7db6e2",
        "fieldStructureVarName" : "Menu",
        "fieldRequired" : true,
        "fieldReadOnly" : false,
        "fieldUnique" : false,
        "fieldStructureInode" : "d6fed088b09d1aef8f8817661d43841a"
      },
      "idate" : "2025-05-25T23:23:50.000+00:00",
      "versionType" : "field",
      "working" : false,
      "categoryId" : "a0072b3ebf1321162e69020c2e7db6e2",
      "versionId" : "a0072b3ebf1321162e69020c2e7db6e2",
      "modUser" : "",
      "parentPermissionable" : null,
      "archived" : false,
      "permissionId" : "a0072b3ebf1321162e69020c2e7db6e2",
      "permissionType" : "com.dotmarketing.portlets.structure.model.Field",
      "new" : false,
      "title" : "",
      "live" : false,
      "locked" : false
    }, {
      "iDate" : "2025-05-26T00:48:39.000+00:00",
      "type" : "field",
      "owner" : null,
      "inode" : "1fda092febfe22481487b34a730a6cfa",
      "identifier" : "1fda092febfe22481487b34a730a6cfa",
      "structureInode" : "d6fed088b09d1aef8f8817661d43841a",
      "fieldName" : "Destacado",
      "fieldType" : "radio",
      "fieldRelationType" : null,
      "fieldContentlet" : "text3",
      "required" : false,
      "velocityVarName" : "destacado",
      "sortOrder" : 3,
      "values" : "si|si\r\nno|no",
      "regexCheck" : null,
      "hint" : null,
      "defaultValue" : "no",
      "indexed" : true,
      "listed" : true,
      "fixed" : false,
      "readOnly" : false,
      "searchable" : true,
      "unique" : false,
      "modDate" : "2025-06-22T21:15:09.000+00:00",
      "dataType" : "text",
      "map" : {
        "fieldSortOrder" : 3,
        "fieldHint" : null,
        "fieldName" : "Destacado",
        "fieldFieldType" : "radio",
        "fieldRegexCheck" : null,
        "fieldRelationType" : null,
        "fieldVelocityVarName" : "destacado",
        "defaultValue" : "no",
        "fieldFixed" : false,
        "fieldIndexed" : true,
        "fieldSearchable" : true,
        "fieldValues" : "si|si\r\nno|no",
        "fieldListed" : true,
        "fieldContentlet" : "text3",
        "inode" : "1fda092febfe22481487b34a730a6cfa",
        "fieldStructureVarName" : "Menu",
        "fieldRequired" : false,
        "fieldReadOnly" : false,
        "fieldUnique" : false,
        "fieldStructureInode" : "d6fed088b09d1aef8f8817661d43841a"
      },
      "idate" : "2025-05-26T00:48:39.000+00:00",
      "versionType" : "field",
      "working" : false,
      "categoryId" : "1fda092febfe22481487b34a730a6cfa",
      "versionId" : "1fda092febfe22481487b34a730a6cfa",
      "modUser" : "",
      "parentPermissionable" : null,
      "archived" : false,
      "permissionId" : "1fda092febfe22481487b34a730a6cfa",
      "permissionType" : "com.dotmarketing.portlets.structure.model.Field",
      "new" : false,
      "title" : "",
      "live" : false,
      "locked" : false
    }, {
      "iDate" : "2025-05-25T23:36:10.000+00:00",
      "type" : "field",
      "owner" : null,
      "inode" : "396d6bd5decf6efad50ee367b1ecbfc5",
      "identifier" : "396d6bd5decf6efad50ee367b1ecbfc5",
      "structureInode" : "d6fed088b09d1aef8f8817661d43841a",
      "fieldName" : "Precio",
      "fieldType" : "text",
      "fieldRelationType" : null,
      "fieldContentlet" : "text2",
      "required" : true,
      "velocityVarName" : "precio",
      "sortOrder" : 4,
      "values" : null,
      "regexCheck" : null,
      "hint" : null,
      "defaultValue" : null,
      "indexed" : true,
      "listed" : true,
      "fixed" : false,
      "readOnly" : false,
      "searchable" : true,
      "unique" : false,
      "modDate" : "2025-06-22T21:15:16.000+00:00",
      "dataType" : "text",
      "map" : {
        "fieldSortOrder" : 4,
        "fieldHint" : null,
        "fieldName" : "Precio",
        "fieldFieldType" : "text",
        "fieldRegexCheck" : null,
        "fieldRelationType" : null,
        "fieldVelocityVarName" : "precio",
        "defaultValue" : null,
        "fieldFixed" : false,
        "fieldIndexed" : true,
        "fieldSearchable" : true,
        "fieldValues" : "",
        "fieldListed" : true,
        "fieldContentlet" : "text2",
        "inode" : "396d6bd5decf6efad50ee367b1ecbfc5",
        "fieldStructureVarName" : "Menu",
        "fieldRequired" : true,
        "fieldReadOnly" : false,
        "fieldUnique" : false,
        "fieldStructureInode" : "d6fed088b09d1aef8f8817661d43841a"
      },
      "idate" : "2025-05-25T23:36:10.000+00:00",
      "versionType" : "field",
      "working" : false,
      "categoryId" : "396d6bd5decf6efad50ee367b1ecbfc5",
      "versionId" : "396d6bd5decf6efad50ee367b1ecbfc5",
      "modUser" : "",
      "parentPermissionable" : null,
      "archived" : false,
      "permissionId" : "396d6bd5decf6efad50ee367b1ecbfc5",
      "permissionType" : "com.dotmarketing.portlets.structure.model.Field",
      "new" : false,
      "title" : "",
      "live" : false,
      "locked" : false
    }, {
      "iDate" : "2025-06-22T23:06:31.000+00:00",
      "type" : "field",
      "owner" : null,
      "inode" : "369d2525773790b0ceceb86a5cfa4747",
      "identifier" : "369d2525773790b0ceceb86a5cfa4747",
      "structureInode" : "d6fed088b09d1aef8f8817661d43841a",
      "fieldName" : "Categoria",
      "fieldType" : "relationship",
      "fieldRelationType" : "Categoria",
      "fieldContentlet" : "system_field",
      "required" : false,
      "velocityVarName" : "categoria",
      "sortOrder" : 5,
      "values" : "1",
      "regexCheck" : null,
      "hint" : null,
      "defaultValue" : null,
      "indexed" : true,
      "listed" : false,
      "fixed" : false,
      "readOnly" : false,
      "searchable" : true,
      "unique" : false,
      "modDate" : "2025-06-22T23:06:31.000+00:00",
      "dataType" : "system_field",
      "map" : {
        "fieldSortOrder" : 5,
        "fieldHint" : null,
        "fieldName" : "Categoria",
        "fieldFieldType" : "relationship",
        "fieldRegexCheck" : null,
        "fieldRelationType" : "Categoria",
        "fieldVelocityVarName" : "categoria",
        "defaultValue" : null,
        "fieldFixed" : false,
        "fieldIndexed" : true,
        "fieldSearchable" : true,
        "fieldValues" : "1",
        "fieldListed" : false,
        "fieldContentlet" : "system_field",
        "inode" : "369d2525773790b0ceceb86a5cfa4747",
        "fieldStructureVarName" : "Menu",
        "fieldRequired" : false,
        "fieldReadOnly" : false,
        "fieldUnique" : false,
        "fieldStructureInode" : "d6fed088b09d1aef8f8817661d43841a"
      },
      "idate" : "2025-06-22T23:06:31.000+00:00",
      "versionType" : "field",
      "working" : false,
      "categoryId" : "369d2525773790b0ceceb86a5cfa4747",
      "versionId" : "369d2525773790b0ceceb86a5cfa4747",
      "modUser" : "",
      "parentPermissionable" : null,
      "archived" : false,
      "permissionId" : "369d2525773790b0ceceb86a5cfa4747",
      "permissionType" : "com.dotmarketing.portlets.structure.model.Field",
      "new" : false,
      "title" : "",
      "live" : false,
      "locked" : false
    }, {
      "iDate" : "2025-06-22T21:14:41.000+00:00",
      "type" : "field",
      "owner" : null,
      "inode" : "a92001f866d0aee746c0b3b9c38cc158",
      "identifier" : "a92001f866d0aee746c0b3b9c38cc158",
      "structureInode" : "d6fed088b09d1aef8f8817661d43841a",
      "fieldName" : "fields-2",
      "fieldType" : "column",
      "fieldRelationType" : null,
      "fieldContentlet" : "system_field",
      "required" : false,
      "velocityVarName" : "fields2",
      "sortOrder" : 6,
      "values" : null,
      "regexCheck" : null,
      "hint" : null,
      "defaultValue" : null,
      "indexed" : false,
      "listed" : false,
      "fixed" : false,
      "readOnly" : false,
      "searchable" : false,
      "unique" : false,
      "modDate" : "2025-06-22T23:06:32.000+00:00",
      "dataType" : "system_field",
      "map" : {
        "fieldSortOrder" : 6,
        "fieldHint" : null,
        "fieldName" : "fields-2",
        "fieldFieldType" : "column",
        "fieldRegexCheck" : null,
        "fieldRelationType" : null,
        "fieldVelocityVarName" : "fields2",
        "defaultValue" : null,
        "fieldFixed" : false,
        "fieldIndexed" : false,
        "fieldSearchable" : false,
        "fieldValues" : "",
        "fieldListed" : false,
        "fieldContentlet" : "system_field",
        "inode" : "a92001f866d0aee746c0b3b9c38cc158",
        "fieldStructureVarName" : "Menu",
        "fieldRequired" : false,
        "fieldReadOnly" : false,
        "fieldUnique" : false,
        "fieldStructureInode" : "d6fed088b09d1aef8f8817661d43841a"
      },
      "idate" : "2025-06-22T21:14:41.000+00:00",
      "versionType" : "field",
      "working" : false,
      "categoryId" : "a92001f866d0aee746c0b3b9c38cc158",
      "versionId" : "a92001f866d0aee746c0b3b9c38cc158",
      "modUser" : "",
      "parentPermissionable" : null,
      "archived" : false,
      "permissionId" : "a92001f866d0aee746c0b3b9c38cc158",
      "permissionType" : "com.dotmarketing.portlets.structure.model.Field",
      "new" : false,
      "title" : "",
      "live" : false,
      "locked" : false
    }, {
      "iDate" : "2025-05-25T23:31:22.000+00:00",
      "type" : "field",
      "owner" : null,
      "inode" : "f78ebc7bcd94b7b189fdac7940973841",
      "identifier" : "f78ebc7bcd94b7b189fdac7940973841",
      "structureInode" : "d6fed088b09d1aef8f8817661d43841a",
      "fieldName" : "Descripcion",
      "fieldType" : "wysiwyg",
      "fieldRelationType" : null,
      "fieldContentlet" : "text_area1",
      "required" : true,
      "velocityVarName" : "descripcion",
      "sortOrder" : 7,
      "values" : null,
      "regexCheck" : null,
      "hint" : null,
      "defaultValue" : null,
      "indexed" : true,
      "listed" : false,
      "fixed" : false,
      "readOnly" : false,
      "searchable" : true,
      "unique" : false,
      "modDate" : "2025-06-22T23:06:32.000+00:00",
      "dataType" : "text_area",
      "map" : {
        "fieldSortOrder" : 7,
        "fieldHint" : null,
        "fieldName" : "Descripcion",
        "fieldFieldType" : "wysiwyg",
        "fieldRegexCheck" : null,
        "fieldRelationType" : null,
        "fieldVelocityVarName" : "descripcion",
        "defaultValue" : null,
        "fieldFixed" : false,
        "fieldIndexed" : true,
        "fieldSearchable" : true,
        "fieldValues" : "",
        "fieldListed" : false,
        "fieldContentlet" : "text_area1",
        "inode" : "f78ebc7bcd94b7b189fdac7940973841",
        "fieldStructureVarName" : "Menu",
        "fieldRequired" : true,
        "fieldReadOnly" : false,
        "fieldUnique" : false,
        "fieldStructureInode" : "d6fed088b09d1aef8f8817661d43841a"
      },
      "idate" : "2025-05-25T23:31:22.000+00:00",
      "versionType" : "field",
      "working" : false,
      "categoryId" : "f78ebc7bcd94b7b189fdac7940973841",
      "versionId" : "f78ebc7bcd94b7b189fdac7940973841",
      "modUser" : "",
      "parentPermissionable" : null,
      "archived" : false,
      "permissionId" : "f78ebc7bcd94b7b189fdac7940973841",
      "permissionType" : "com.dotmarketing.portlets.structure.model.Field",
      "new" : false,
      "title" : "",
      "live" : false,
      "locked" : false
    }, {
      "iDate" : "2025-05-25T23:36:32.000+00:00",
      "type" : "field",
      "owner" : null,
      "inode" : "c579b120a0d4f0354015a042acb60447",
      "identifier" : "c579b120a0d4f0354015a042acb60447",
      "structureInode" : "d6fed088b09d1aef8f8817661d43841a",
      "fieldName" : "Imagen1",
      "fieldType" : "binary",
      "fieldRelationType" : null,
      "fieldContentlet" : "binary8",
      "required" : false,
      "velocityVarName" : "imagen1",
      "sortOrder" : 8,
      "values" : null,
      "regexCheck" : null,
      "hint" : null,
      "defaultValue" : null,
      "indexed" : false,
      "listed" : false,
      "fixed" : false,
      "readOnly" : false,
      "searchable" : false,
      "unique" : false,
      "modDate" : "2025-06-22T23:06:32.000+00:00",
      "dataType" : "binary",
      "map" : {
        "fieldSortOrder" : 8,
        "fieldHint" : null,
        "fieldName" : "Imagen1",
        "fieldFieldType" : "binary",
        "fieldRegexCheck" : null,
        "fieldRelationType" : null,
        "fieldVelocityVarName" : "imagen1",
        "defaultValue" : null,
        "fieldFixed" : false,
        "fieldIndexed" : false,
        "fieldSearchable" : false,
        "fieldValues" : "",
        "fieldListed" : false,
        "fieldContentlet" : "binary8",
        "inode" : "c579b120a0d4f0354015a042acb60447",
        "fieldStructureVarName" : "Menu",
        "fieldRequired" : false,
        "fieldReadOnly" : false,
        "fieldUnique" : false,
        "fieldStructureInode" : "d6fed088b09d1aef8f8817661d43841a"
      },
      "idate" : "2025-05-25T23:36:32.000+00:00",
      "versionType" : "field",
      "working" : false,
      "categoryId" : "c579b120a0d4f0354015a042acb60447",
      "versionId" : "c579b120a0d4f0354015a042acb60447",
      "modUser" : "",
      "parentPermissionable" : null,
      "archived" : false,
      "permissionId" : "c579b120a0d4f0354015a042acb60447",
      "permissionType" : "com.dotmarketing.portlets.structure.model.Field",
      "new" : false,
      "title" : "",
      "live" : false,
      "locked" : false
    } ],
    "permissionId" : "d6fed088b09d1aef8f8817661d43841a",
    "permissionType" : "com.dotmarketing.portlets.structure.model.Structure",
    "idate" : "2025-05-25T23:23:24.000+00:00",
    "versionType" : "structure",
    "working" : false,
    "categoryId" : "d6fed088b09d1aef8f8817661d43841a",
    "versionId" : "d6fed088b09d1aef8f8817661d43841a",
    "modUser" : "",
    "archived" : false,
    "new" : false,
    "title" : "",
    "live" : false,
    "locked" : false
  },
  "relationshipField" : true,
  "title" : "Menu.categoria",
  "live" : false,
  "identifier" : "038f8858-9f1c-42f1-8ca8-dce42abf8f58"
} ]