[ {
  "id" : "065caec4-43b1-46f2-8e8a-b0ec68349c90",
  "creationDate" : "2025-05-27T05:11:27.108+00:00",
  "modDate" : "2025-06-22T17:52:11.562+00:00",
  "dueDate" : null,
  "createdBy" : "e7d4e34e-5127-45fc-8123-d48b62d510e3",
  "assignedTo" : "e7d4e34e-5127-45fc-8123-d48b62d510e3",
  "belongsTo" : null,
  "title" : "Postre",
  "description" : "",
  "status" : "dc3c9cd0-8467-404b-bf95-cb7df3fbc293",
  "webasset" : "44fae59d2fce7413ddfc63c6fd8df1aa",
  "languageId" : 1,
  "inode" : "065caec4-43b1-46f2-8e8a-b0ec68349c90",
  "new" : false
}, {
  "id" : "09d4933d-e7b2-48da-b826-778fe0f1bfcf",
  "creationDate" : "2021-06-14T21:32:16.947+00:00",
  "modDate" : "2025-06-22T17:46:17.382+00:00",
  "dueDate" : null,
  "createdBy" : "2adccac3-a56b-4078-be40-94e343f20712",
  "assignedTo" : "e7d4e34e-5127-45fc-8123-d48b62d510e3",
  "belongsTo" : null,
  "title" : "company_logo.png",
  "description" : null,
  "status" : "d6b095b6-b65f-4bdb-bbfd-701d663dfee2",
  "webasset" : "a083e942-5fb0-47ef-9619-6f8f40593474",
  "languageId" : 1,
  "inode" : "09d4933d-e7b2-48da-b826-778fe0f1bfcf",
  "new" : false
}, {
  "id" : "10673a17-793a-49f7-bf1b-5e77230fe1b0",
  "creationDate" : "2025-06-22T21:16:38.407+00:00",
  "modDate" : "2025-06-22T22:36:18.165+00:00",
  "dueDate" : null,
  "createdBy" : "e7d4e34e-5127-45fc-8123-d48b62d510e3",
  "assignedTo" : "e7d4e34e-5127-45fc-8123-d48b62d510e3",
  "belongsTo" : null,
  "title" : "Yuca Frita",
  "description" : "",
  "status" : "dc3c9cd0-8467-404b-bf95-cb7df3fbc293",
  "webasset" : "711ebf8c015bb795c7093ce57023f60c",
  "languageId" : 1,
  "inode" : "10673a17-793a-49f7-bf1b-5e77230fe1b0",
  "new" : false
}, {
  "id" : "1f0fcc0f-5420-4d02-a0be-3b20374469eb",
  "creationDate" : "2025-06-22T21:13:31.749+00:00",
  "modDate" : "2025-06-22T22:36:19.558+00:00",
  "dueDate" : null,
  "createdBy" : "e7d4e34e-5127-45fc-8123-d48b62d510e3",
  "assignedTo" : "e7d4e34e-5127-45fc-8123-d48b62d510e3",
  "belongsTo" : null,
  "title" : "Arroz con Camarones",
  "description" : "",
  "status" : "dc3c9cd0-8467-404b-bf95-cb7df3fbc293",
  "webasset" : "6ad9fbbdf3521f4c3ea5fbdf88361dcc",
  "languageId" : 1,
  "inode" : "1f0fcc0f-5420-4d02-a0be-3b20374469eb",
  "new" : false
}, {
  "id" : "2c449544-f975-4032-b136-82d3b8f6ec9b",
  "creationDate" : "2025-06-22T21:18:15.496+00:00",
  "modDate" : "2025-06-22T22:36:16.293+00:00",
  "dueDate" : null,
  "createdBy" : "e7d4e34e-5127-45fc-8123-d48b62d510e3",
  "assignedTo" : "e7d4e34e-5127-45fc-8123-d48b62d510e3",
  "belongsTo" : null,
  "title" : "Refresco Natural en Agua",
  "description" : "",
  "status" : "dc3c9cd0-8467-404b-bf95-cb7df3fbc293",
  "webasset" : "5bef0604a46f33e1c81f3bfe3152d99b",
  "languageId" : 1,
  "inode" : "2c449544-f975-4032-b136-82d3b8f6ec9b",
  "new" : false
}, {
  "id" : "2fda4517-c033-46e1-bed1-3e3449433a09",
  "creationDate" : "2025-06-22T17:44:20.217+00:00",
  "modDate" : "2025-06-22T23:14:11.513+00:00",
  "dueDate" : null,
  "createdBy" : "e7d4e34e-5127-45fc-8123-d48b62d510e3",
  "assignedTo" : "e7d4e34e-5127-45fc-8123-d48b62d510e3",
  "belongsTo" : null,
  "title" : "Queque de Chocolate",
  "description" : "",
  "status" : "dc3c9cd0-8467-404b-bf95-cb7df3fbc293",
  "webasset" : "1c67e9124578780060d3dd818f7502b4",
  "languageId" : 1,
  "inode" : "2fda4517-c033-46e1-bed1-3e3449433a09",
  "new" : false
}, {
  "id" : "3c472e04-8cf4-44a0-a023-206804d5d5ba",
  "creationDate" : "2025-06-22T21:12:54.063+00:00",
  "modDate" : "2025-06-22T23:16:31.803+00:00",
  "dueDate" : null,
  "createdBy" : "e7d4e34e-5127-45fc-8123-d48b62d510e3",
  "assignedTo" : "e7d4e34e-5127-45fc-8123-d48b62d510e3",
  "belongsTo" : null,
  "title" : "Arroz con Pollo",
  "description" : "",
  "status" : "dc3c9cd0-8467-404b-bf95-cb7df3fbc293",
  "webasset" : "ebbc4df0f247b8d917cb2cc34e4c9ebf",
  "languageId" : 1,
  "inode" : "3c472e04-8cf4-44a0-a023-206804d5d5ba",
  "new" : false
}, {
  "id" : "3df8dfc7-cfda-4963-ba10-8b6e1fc0cc6e",
  "creationDate" : "2025-06-22T21:16:04.430+00:00",
  "modDate" : "2025-06-22T22:36:18.629+00:00",
  "dueDate" : null,
  "createdBy" : "e7d4e34e-5127-45fc-8123-d48b62d510e3",
  "assignedTo" : "e7d4e34e-5127-45fc-8123-d48b62d510e3",
  "belongsTo" : null,
  "title" : "Ceviche de Camaron",
  "description" : "",
  "status" : "dc3c9cd0-8467-404b-bf95-cb7df3fbc293",
  "webasset" : "0c7104291a673c2d49155b11c11c7a6e",
  "languageId" : 1,
  "inode" : "3df8dfc7-cfda-4963-ba10-8b6e1fc0cc6e",
  "new" : false
}, {
  "id" : "3ec4843f-10bb-400d-9ab8-ae1ae56abe6c",
  "creationDate" : "2025-05-27T04:17:37.263+00:00",
  "modDate" : "2025-06-22T23:14:53.903+00:00",
  "dueDate" : null,
  "createdBy" : "e7d4e34e-5127-45fc-8123-d48b62d510e3",
  "assignedTo" : "e7d4e34e-5127-45fc-8123-d48b62d510e3",
  "belongsTo" : null,
  "title" : "Entrada",
  "description" : "",
  "status" : "dc3c9cd0-8467-404b-bf95-cb7df3fbc293",
  "webasset" : "9a57e9fa7d2087764d4bb773bfe3fdd5",
  "languageId" : 1,
  "inode" : "3ec4843f-10bb-400d-9ab8-ae1ae56abe6c",
  "new" : false
}, {
  "id" : "419218bb-9c08-4974-b8d5-fa3bd9aec232",
  "creationDate" : "2025-06-22T21:18:15.496+00:00",
  "modDate" : "2025-06-22T22:36:16.767+00:00",
  "dueDate" : null,
  "createdBy" : "e7d4e34e-5127-45fc-8123-d48b62d510e3",
  "assignedTo" : "e7d4e34e-5127-45fc-8123-d48b62d510e3",
  "belongsTo" : null,
  "title" : "Refresco Natural en Leche",
  "description" : "",
  "status" : "dc3c9cd0-8467-404b-bf95-cb7df3fbc293",
  "webasset" : "ff63d163-7958-41fc-b637-561e0aa9ac12",
  "languageId" : 1,
  "inode" : "419218bb-9c08-4974-b8d5-fa3bd9aec232",
  "new" : false
}, {
  "id" : "4ddb0f05-ee88-4a25-a5fd-f2ec0ae51a9c",
  "creationDate" : "2025-05-26T00:00:02.838+00:00",
  "modDate" : "2025-06-22T22:36:16.775+00:00",
  "dueDate" : null,
  "createdBy" : "e7d4e34e-5127-45fc-8123-d48b62d510e3",
  "assignedTo" : "e7d4e34e-5127-45fc-8123-d48b62d510e3",
  "belongsTo" : null,
  "title" : "Pesca Del Dia",
  "description" : "",
  "status" : "dc3c9cd0-8467-404b-bf95-cb7df3fbc293",
  "webasset" : "347c1236a88f2a779963b7ff24f876f1",
  "languageId" : 1,
  "inode" : "4ddb0f05-ee88-4a25-a5fd-f2ec0ae51a9c",
  "new" : false
}, {
  "id" : "4e8cbb89-2a11-4886-ad13-41339b25e64a",
  "creationDate" : "2025-06-22T21:14:26.068+00:00",
  "modDate" : "2025-06-22T22:36:19.095+00:00",
  "dueDate" : null,
  "createdBy" : "e7d4e34e-5127-45fc-8123-d48b62d510e3",
  "assignedTo" : "e7d4e34e-5127-45fc-8123-d48b62d510e3",
  "belongsTo" : null,
  "title" : "Arroz con Mariscos",
  "description" : "",
  "status" : "dc3c9cd0-8467-404b-bf95-cb7df3fbc293",
  "webasset" : "18506fe702147b518d51b68189be316a",
  "languageId" : 1,
  "inode" : "4e8cbb89-2a11-4886-ad13-41339b25e64a",
  "new" : false
}, {
  "id" : "5dfadd7f-09d8-4ba1-9775-8f6bc1368adc",
  "creationDate" : "2025-05-26T00:00:54.883+00:00",
  "modDate" : "2025-06-22T22:36:17.247+00:00",
  "dueDate" : null,
  "createdBy" : "e7d4e34e-5127-45fc-8123-d48b62d510e3",
  "assignedTo" : "e7d4e34e-5127-45fc-8123-d48b62d510e3",
  "belongsTo" : null,
  "title" : "Patacones",
  "description" : "",
  "status" : "dc3c9cd0-8467-404b-bf95-cb7df3fbc293",
  "webasset" : "7ac8498f340f54645f72e8da33f57c71",
  "languageId" : 1,
  "inode" : "5dfadd7f-09d8-4ba1-9775-8f6bc1368adc",
  "new" : false
}, {
  "id" : "7a1b4dbd-6ebc-4f5f-acbd-754e73c8d89b",
  "creationDate" : "2025-06-20T03:13:00.320+00:00",
  "modDate" : "2025-06-22T22:36:15.817+00:00",
  "dueDate" : null,
  "createdBy" : "e7d4e34e-5127-45fc-8123-d48b62d510e3",
  "assignedTo" : "e7d4e34e-5127-45fc-8123-d48b62d510e3",
  "belongsTo" : null,
  "title" : "Cerveza",
  "description" : "",
  "status" : "dc3c9cd0-8467-404b-bf95-cb7df3fbc293",
  "webasset" : "869adf9f53fc58e391e98dd316906145",
  "languageId" : 1,
  "inode" : "7a1b4dbd-6ebc-4f5f-acbd-754e73c8d89b",
  "new" : false
}, {
  "id" : "8ac6800c-e124-4ffe-9417-e9a198bad514",
  "creationDate" : "2025-06-22T21:17:31.544+00:00",
  "modDate" : "2025-06-22T22:36:17.231+00:00",
  "dueDate" : null,
  "createdBy" : "e7d4e34e-5127-45fc-8123-d48b62d510e3",
  "assignedTo" : "e7d4e34e-5127-45fc-8123-d48b62d510e3",
  "belongsTo" : null,
  "title" : "Chocolate Frio",
  "description" : "",
  "status" : "dc3c9cd0-8467-404b-bf95-cb7df3fbc293",
  "webasset" : "0e29d502b504dc8853482cca23064839",
  "languageId" : 1,
  "inode" : "8ac6800c-e124-4ffe-9417-e9a198bad514",
  "new" : false
}, {
  "id" : "9a9e9f29-b041-4aca-925e-081801d0f35c",
  "creationDate" : "2025-05-25T23:53:26.717+00:00",
  "modDate" : "2025-06-22T22:36:16.300+00:00",
  "dueDate" : null,
  "createdBy" : "e7d4e34e-5127-45fc-8123-d48b62d510e3",
  "assignedTo" : "e7d4e34e-5127-45fc-8123-d48b62d510e3",
  "belongsTo" : null,
  "title" : "Ceviche de Pescado",
  "description" : "",
  "status" : "dc3c9cd0-8467-404b-bf95-cb7df3fbc293",
  "webasset" : "bc77076c27b378501bf3d1651a3d0f17",
  "languageId" : 1,
  "inode" : "9a9e9f29-b041-4aca-925e-081801d0f35c",
  "new" : false
}, {
  "id" : "ab999804-8231-43c8-9734-9046b5830829",
  "creationDate" : "2025-05-27T04:17:47.995+00:00",
  "modDate" : "2025-06-22T23:07:16.338+00:00",
  "dueDate" : null,
  "createdBy" : "e7d4e34e-5127-45fc-8123-d48b62d510e3",
  "assignedTo" : "e7d4e34e-5127-45fc-8123-d48b62d510e3",
  "belongsTo" : null,
  "title" : "Bebida",
  "description" : "",
  "status" : "dc3c9cd0-8467-404b-bf95-cb7df3fbc293",
  "webasset" : "7e2fd94025600f4f4a222f7ea71b9b83",
  "languageId" : 1,
  "inode" : "ab999804-8231-43c8-9734-9046b5830829",
  "new" : false
}, {
  "id" : "ac00bff8-1026-46a2-afe8-4e627c9fccf4",
  "creationDate" : "2025-05-25T23:57:16.488+00:00",
  "modDate" : "2025-06-22T23:04:37.777+00:00",
  "dueDate" : null,
  "createdBy" : "e7d4e34e-5127-45fc-8123-d48b62d510e3",
  "assignedTo" : "e7d4e34e-5127-45fc-8123-d48b62d510e3",
  "belongsTo" : null,
  "title" : "Gaseosas",
  "description" : "",
  "status" : "dc3c9cd0-8467-404b-bf95-cb7df3fbc293",
  "webasset" : "18dd9bb9b45b9da5fa7852523b561b0b",
  "languageId" : 1,
  "inode" : "ac00bff8-1026-46a2-afe8-4e627c9fccf4",
  "new" : false
}, {
  "id" : "d7ee7e38-f6b9-4d34-a320-fa4eaac28797",
  "creationDate" : "2025-06-22T21:17:14.723+00:00",
  "modDate" : "2025-06-22T22:36:17.702+00:00",
  "dueDate" : null,
  "createdBy" : "e7d4e34e-5127-45fc-8123-d48b62d510e3",
  "assignedTo" : "e7d4e34e-5127-45fc-8123-d48b62d510e3",
  "belongsTo" : null,
  "title" : "Cafe Frio",
  "description" : "",
  "status" : "dc3c9cd0-8467-404b-bf95-cb7df3fbc293",
  "webasset" : "ff6cafba20d7b8ed81659b194636d0e2",
  "languageId" : 1,
  "inode" : "d7ee7e38-f6b9-4d34-a320-fa4eaac28797",
  "new" : false
}, {
  "id" : "f75d4a49-6348-4359-9758-b93a00df7608",
  "creationDate" : "2025-05-27T04:18:01.189+00:00",
  "modDate" : "2025-06-22T23:15:22.833+00:00",
  "dueDate" : null,
  "createdBy" : "e7d4e34e-5127-45fc-8123-d48b62d510e3",
  "assignedTo" : "e7d4e34e-5127-45fc-8123-d48b62d510e3",
  "belongsTo" : null,
  "title" : "Principal",
  "description" : "",
  "status" : "dc3c9cd0-8467-404b-bf95-cb7df3fbc293",
  "webasset" : "f80462f82f4789f46652fec4cdc28874",
  "languageId" : 1,
  "inode" : "f75d4a49-6348-4359-9758-b93a00df7608",
  "new" : false
} ]