[ {
  "iDate" : "2025-06-22T23:21:05.745+00:00",
  "type" : "category",
  "owner" : "",
  "inode" : "12fac04412db4faf0872910e6bbeeeb0",
  "identifier" : null,
  "categoryName" : "Entrada",
  "description" : null,
  "key" : "Entrada",
  "sortOrder" : 0,
  "active" : true,
  "keywords" : "",
  "categoryVelocityVarName" : "entrada",
  "modDate" : "2025-06-22T17:03:46.969+00:00",
  "parentPermissionable" : {
    "iDate" : "2025-06-22T23:21:05.749+00:00",
    "type" : "category",
    "owner" : "",
    "inode" : "2c2ed9ba031358855f7f2a179e5bf19a",
    "identifier" : null,
    "categoryName" : "Menu",
    "description" : null,
    "key" : "Menu",
    "sortOrder" : 0,
    "active" : true,
    "keywords" : "",
    "categoryVelocityVarName" : "menu",
    "modDate" : "2025-06-22T17:03:46.973+00:00",
    "parentPermissionable" : {
      "lowIndexPriority" : false,
      "variantId" : "DEFAULT",
      "systemHost" : true,
      "hostThumbnail" : null,
      "structureInode" : "855a2d72-f2f3-4169-8b04-ac5157c4380c",
      "inode" : "dbdec5e2-c02b-4cfb-83a9-4a4c4f3b2eb0",
      "parent" : true,
      "hostname" : "System Host",
      "tagStorage" : "SYSTEM_HOST",
      "aliases" : "",
      "default" : false,
      "name" : "System Host",
      "permissionId" : "SYSTEM_HOST",
      "permissionType" : "com.dotmarketing.portlets.contentlet.model.Contentlet",
      "owner" : "system",
      "modDate" : "2023-05-25T21:56:50.282+00:00",
      "identifier" : "SYSTEM_HOST",
      "type" : "contentlet",
      "htmlpage" : false,
      "vanityUrl" : false,
      "working" : true,
      "keyValue" : false,
      "categoryId" : "dbdec5e2-c02b-4cfb-83a9-4a4c4f3b2eb0",
      "versionId" : "SYSTEM_HOST",
      "modUser" : "system",
      "titleImage" : null,
      "folder" : "SYSTEM_FOLDER",
      "dotAsset" : false,
      "persona" : false,
      "indexPolicyDependencies" : "DEFER",
      "archived" : false,
      "fileAsset" : false,
      "sortOrder" : 0,
      "contentTypeId" : "855a2d72-f2f3-4169-8b04-ac5157c4380c",
      "languageVariable" : false,
      "languageId" : 1,
      "new" : false,
      "host" : "SYSTEM_HOST",
      "form" : false,
      "title" : "System Host",
      "live" : true,
      "locked" : false
    },
    "map" : {
      "inode" : "2c2ed9ba031358855f7f2a179e5bf19a",
      "keywords" : "",
      "sortOrder" : 0,
      "description" : null,
      "categoryName" : "Menu",
      "key" : "Menu"
    },
    "idate" : "2025-06-22T23:21:05.749+00:00",
    "versionType" : "category",
    "working" : false,
    "categoryId" : "2c2ed9ba031358855f7f2a179e5bf19a",
    "versionId" : null,
    "modUser" : "",
    "archived" : false,
    "permissionId" : "2c2ed9ba031358855f7f2a179e5bf19a",
    "permissionType" : "com.dotmarketing.portlets.categories.model.Category",
    "new" : false,
    "title" : "",
    "live" : false,
    "locked" : false
  },
  "map" : {
    "inode" : "12fac04412db4faf0872910e6bbeeeb0",
    "keywords" : "",
    "sortOrder" : 0,
    "description" : null,
    "categoryName" : "Entrada",
    "key" : "Entrada"
  },
  "idate" : "2025-06-22T23:21:05.745+00:00",
  "versionType" : "category",
  "working" : false,
  "categoryId" : "12fac04412db4faf0872910e6bbeeeb0",
  "versionId" : null,
  "modUser" : "",
  "archived" : false,
  "permissionId" : "12fac04412db4faf0872910e6bbeeeb0",
  "permissionType" : "com.dotmarketing.portlets.categories.model.Category",
  "new" : false,
  "title" : "",
  "live" : false,
  "locked" : false
}, {
  "iDate" : "2025-06-22T23:21:05.746+00:00",
  "type" : "category",
  "owner" : "",
  "inode" : "2c2ed9ba031358855f7f2a179e5bf19a",
  "identifier" : null,
  "categoryName" : "Menu",
  "description" : null,
  "key" : "Menu",
  "sortOrder" : 0,
  "active" : true,
  "keywords" : "",
  "categoryVelocityVarName" : "menu",
  "modDate" : "2025-06-22T17:03:46.973+00:00",
  "parentPermissionable" : {
    "lowIndexPriority" : false,
    "variantId" : "DEFAULT",
    "systemHost" : true,
    "hostThumbnail" : null,
    "structureInode" : "855a2d72-f2f3-4169-8b04-ac5157c4380c",
    "inode" : "dbdec5e2-c02b-4cfb-83a9-4a4c4f3b2eb0",
    "parent" : true,
    "hostname" : "System Host",
    "tagStorage" : "SYSTEM_HOST",
    "aliases" : "",
    "default" : false,
    "name" : "System Host",
    "permissionId" : "SYSTEM_HOST",
    "permissionType" : "com.dotmarketing.portlets.contentlet.model.Contentlet",
    "owner" : "system",
    "modDate" : "2023-05-25T21:56:50.282+00:00",
    "identifier" : "SYSTEM_HOST",
    "type" : "contentlet",
    "htmlpage" : false,
    "vanityUrl" : false,
    "working" : true,
    "keyValue" : false,
    "categoryId" : "dbdec5e2-c02b-4cfb-83a9-4a4c4f3b2eb0",
    "versionId" : "SYSTEM_HOST",
    "modUser" : "system",
    "titleImage" : null,
    "folder" : "SYSTEM_FOLDER",
    "dotAsset" : false,
    "persona" : false,
    "indexPolicyDependencies" : "DEFER",
    "archived" : false,
    "fileAsset" : false,
    "sortOrder" : 0,
    "contentTypeId" : "855a2d72-f2f3-4169-8b04-ac5157c4380c",
    "languageVariable" : false,
    "languageId" : 1,
    "new" : false,
    "host" : "SYSTEM_HOST",
    "form" : false,
    "title" : "System Host",
    "live" : true,
    "locked" : false
  },
  "map" : {
    "inode" : "2c2ed9ba031358855f7f2a179e5bf19a",
    "keywords" : "",
    "sortOrder" : 0,
    "description" : null,
    "categoryName" : "Menu",
    "key" : "Menu"
  },
  "idate" : "2025-06-22T23:21:05.746+00:00",
  "versionType" : "category",
  "working" : false,
  "categoryId" : "2c2ed9ba031358855f7f2a179e5bf19a",
  "versionId" : null,
  "modUser" : "",
  "archived" : false,
  "permissionId" : "2c2ed9ba031358855f7f2a179e5bf19a",
  "permissionType" : "com.dotmarketing.portlets.categories.model.Category",
  "new" : false,
  "title" : "",
  "live" : false,
  "locked" : false
}, {
  "iDate" : "2025-06-22T23:21:05.746+00:00",
  "type" : "category",
  "owner" : "",
  "inode" : "547c03b5269d9bc4873ffedda9b6f0b5",
  "identifier" : null,
  "categoryName" : "Categoria2",
  "description" : null,
  "key" : "Categoria2",
  "sortOrder" : 0,
  "active" : true,
  "keywords" : "",
  "categoryVelocityVarName" : "categoria2",
  "modDate" : "2025-06-22T17:03:46.976+00:00",
  "parentPermissionable" : {
    "iDate" : "2025-06-22T23:21:05.759+00:00",
    "type" : "category",
    "owner" : "",
    "inode" : "87c7fcbd26d9ab6d0f8d3df3527ab946",
    "identifier" : null,
    "categoryName" : "Productos",
    "description" : null,
    "key" : "Productos",
    "sortOrder" : 0,
    "active" : true,
    "keywords" : "",
    "categoryVelocityVarName" : "productos",
    "modDate" : "2025-06-22T17:03:46.982+00:00",
    "parentPermissionable" : {
      "lowIndexPriority" : false,
      "variantId" : "DEFAULT",
      "systemHost" : true,
      "hostThumbnail" : null,
      "structureInode" : "855a2d72-f2f3-4169-8b04-ac5157c4380c",
      "inode" : "dbdec5e2-c02b-4cfb-83a9-4a4c4f3b2eb0",
      "parent" : true,
      "hostname" : "System Host",
      "tagStorage" : "SYSTEM_HOST",
      "aliases" : "",
      "default" : false,
      "name" : "System Host",
      "permissionId" : "SYSTEM_HOST",
      "permissionType" : "com.dotmarketing.portlets.contentlet.model.Contentlet",
      "owner" : "system",
      "modDate" : "2023-05-25T21:56:50.282+00:00",
      "identifier" : "SYSTEM_HOST",
      "type" : "contentlet",
      "htmlpage" : false,
      "vanityUrl" : false,
      "working" : true,
      "keyValue" : false,
      "categoryId" : "dbdec5e2-c02b-4cfb-83a9-4a4c4f3b2eb0",
      "versionId" : "SYSTEM_HOST",
      "modUser" : "system",
      "titleImage" : null,
      "folder" : "SYSTEM_FOLDER",
      "dotAsset" : false,
      "persona" : false,
      "indexPolicyDependencies" : "DEFER",
      "archived" : false,
      "fileAsset" : false,
      "sortOrder" : 0,
      "contentTypeId" : "855a2d72-f2f3-4169-8b04-ac5157c4380c",
      "languageVariable" : false,
      "languageId" : 1,
      "new" : false,
      "host" : "SYSTEM_HOST",
      "form" : false,
      "title" : "System Host",
      "live" : true,
      "locked" : false
    },
    "map" : {
      "inode" : "87c7fcbd26d9ab6d0f8d3df3527ab946",
      "keywords" : "",
      "sortOrder" : 0,
      "description" : null,
      "categoryName" : "Productos",
      "key" : "Productos"
    },
    "idate" : "2025-06-22T23:21:05.759+00:00",
    "versionType" : "category",
    "working" : false,
    "categoryId" : "87c7fcbd26d9ab6d0f8d3df3527ab946",
    "versionId" : null,
    "modUser" : "",
    "archived" : false,
    "permissionId" : "87c7fcbd26d9ab6d0f8d3df3527ab946",
    "permissionType" : "com.dotmarketing.portlets.categories.model.Category",
    "new" : false,
    "title" : "",
    "live" : false,
    "locked" : false
  },
  "map" : {
    "inode" : "547c03b5269d9bc4873ffedda9b6f0b5",
    "keywords" : "",
    "sortOrder" : 0,
    "description" : null,
    "categoryName" : "Categoria2",
    "key" : "Categoria2"
  },
  "idate" : "2025-06-22T23:21:05.746+00:00",
  "versionType" : "category",
  "working" : false,
  "categoryId" : "547c03b5269d9bc4873ffedda9b6f0b5",
  "versionId" : null,
  "modUser" : "",
  "archived" : false,
  "permissionId" : "547c03b5269d9bc4873ffedda9b6f0b5",
  "permissionType" : "com.dotmarketing.portlets.categories.model.Category",
  "new" : false,
  "title" : "",
  "live" : false,
  "locked" : false
}, {
  "iDate" : "2025-06-22T23:21:05.746+00:00",
  "type" : "category",
  "owner" : "",
  "inode" : "62aa817afabcddc684f171774717424a",
  "identifier" : null,
  "categoryName" : "Bebida",
  "description" : null,
  "key" : "Bebida",
  "sortOrder" : 0,
  "active" : true,
  "keywords" : "",
  "categoryVelocityVarName" : "bebida",
  "modDate" : "2025-06-22T17:03:46.979+00:00",
  "parentPermissionable" : {
    "iDate" : "2025-06-22T23:21:05.765+00:00",
    "type" : "category",
    "owner" : "",
    "inode" : "2c2ed9ba031358855f7f2a179e5bf19a",
    "identifier" : null,
    "categoryName" : "Menu",
    "description" : null,
    "key" : "Menu",
    "sortOrder" : 0,
    "active" : true,
    "keywords" : "",
    "categoryVelocityVarName" : "menu",
    "modDate" : "2025-06-22T17:03:46.973+00:00",
    "parentPermissionable" : {
      "lowIndexPriority" : false,
      "variantId" : "DEFAULT",
      "systemHost" : true,
      "hostThumbnail" : null,
      "structureInode" : "855a2d72-f2f3-4169-8b04-ac5157c4380c",
      "inode" : "dbdec5e2-c02b-4cfb-83a9-4a4c4f3b2eb0",
      "parent" : true,
      "hostname" : "System Host",
      "tagStorage" : "SYSTEM_HOST",
      "aliases" : "",
      "default" : false,
      "name" : "System Host",
      "permissionId" : "SYSTEM_HOST",
      "permissionType" : "com.dotmarketing.portlets.contentlet.model.Contentlet",
      "owner" : "system",
      "modDate" : "2023-05-25T21:56:50.282+00:00",
      "identifier" : "SYSTEM_HOST",
      "type" : "contentlet",
      "htmlpage" : false,
      "vanityUrl" : false,
      "working" : true,
      "keyValue" : false,
      "categoryId" : "dbdec5e2-c02b-4cfb-83a9-4a4c4f3b2eb0",
      "versionId" : "SYSTEM_HOST",
      "modUser" : "system",
      "titleImage" : null,
      "folder" : "SYSTEM_FOLDER",
      "dotAsset" : false,
      "persona" : false,
      "indexPolicyDependencies" : "DEFER",
      "archived" : false,
      "fileAsset" : false,
      "sortOrder" : 0,
      "contentTypeId" : "855a2d72-f2f3-4169-8b04-ac5157c4380c",
      "languageVariable" : false,
      "languageId" : 1,
      "new" : false,
      "host" : "SYSTEM_HOST",
      "form" : false,
      "title" : "System Host",
      "live" : true,
      "locked" : false
    },
    "map" : {
      "inode" : "2c2ed9ba031358855f7f2a179e5bf19a",
      "keywords" : "",
      "sortOrder" : 0,
      "description" : null,
      "categoryName" : "Menu",
      "key" : "Menu"
    },
    "idate" : "2025-06-22T23:21:05.765+00:00",
    "versionType" : "category",
    "working" : false,
    "categoryId" : "2c2ed9ba031358855f7f2a179e5bf19a",
    "versionId" : null,
    "modUser" : "",
    "archived" : false,
    "permissionId" : "2c2ed9ba031358855f7f2a179e5bf19a",
    "permissionType" : "com.dotmarketing.portlets.categories.model.Category",
    "new" : false,
    "title" : "",
    "live" : false,
    "locked" : false
  },
  "map" : {
    "inode" : "62aa817afabcddc684f171774717424a",
    "keywords" : "",
    "sortOrder" : 0,
    "description" : null,
    "categoryName" : "Bebida",
    "key" : "Bebida"
  },
  "idate" : "2025-06-22T23:21:05.746+00:00",
  "versionType" : "category",
  "working" : false,
  "categoryId" : "62aa817afabcddc684f171774717424a",
  "versionId" : null,
  "modUser" : "",
  "archived" : false,
  "permissionId" : "62aa817afabcddc684f171774717424a",
  "permissionType" : "com.dotmarketing.portlets.categories.model.Category",
  "new" : false,
  "title" : "",
  "live" : false,
  "locked" : false
}, {
  "iDate" : "2025-06-22T23:21:05.746+00:00",
  "type" : "category",
  "owner" : "",
  "inode" : "87c7fcbd26d9ab6d0f8d3df3527ab946",
  "identifier" : null,
  "categoryName" : "Productos",
  "description" : null,
  "key" : "Productos",
  "sortOrder" : 0,
  "active" : true,
  "keywords" : "",
  "categoryVelocityVarName" : "productos",
  "modDate" : "2025-06-22T17:03:46.982+00:00",
  "parentPermissionable" : {
    "lowIndexPriority" : false,
    "variantId" : "DEFAULT",
    "systemHost" : true,
    "hostThumbnail" : null,
    "structureInode" : "855a2d72-f2f3-4169-8b04-ac5157c4380c",
    "inode" : "dbdec5e2-c02b-4cfb-83a9-4a4c4f3b2eb0",
    "parent" : true,
    "hostname" : "System Host",
    "tagStorage" : "SYSTEM_HOST",
    "aliases" : "",
    "default" : false,
    "name" : "System Host",
    "permissionId" : "SYSTEM_HOST",
    "permissionType" : "com.dotmarketing.portlets.contentlet.model.Contentlet",
    "owner" : "system",
    "modDate" : "2023-05-25T21:56:50.282+00:00",
    "identifier" : "SYSTEM_HOST",
    "type" : "contentlet",
    "htmlpage" : false,
    "vanityUrl" : false,
    "working" : true,
    "keyValue" : false,
    "categoryId" : "dbdec5e2-c02b-4cfb-83a9-4a4c4f3b2eb0",
    "versionId" : "SYSTEM_HOST",
    "modUser" : "system",
    "titleImage" : null,
    "folder" : "SYSTEM_FOLDER",
    "dotAsset" : false,
    "persona" : false,
    "indexPolicyDependencies" : "DEFER",
    "archived" : false,
    "fileAsset" : false,
    "sortOrder" : 0,
    "contentTypeId" : "855a2d72-f2f3-4169-8b04-ac5157c4380c",
    "languageVariable" : false,
    "languageId" : 1,
    "new" : false,
    "host" : "SYSTEM_HOST",
    "form" : false,
    "title" : "System Host",
    "live" : true,
    "locked" : false
  },
  "map" : {
    "inode" : "87c7fcbd26d9ab6d0f8d3df3527ab946",
    "keywords" : "",
    "sortOrder" : 0,
    "description" : null,
    "categoryName" : "Productos",
    "key" : "Productos"
  },
  "idate" : "2025-06-22T23:21:05.746+00:00",
  "versionType" : "category",
  "working" : false,
  "categoryId" : "87c7fcbd26d9ab6d0f8d3df3527ab946",
  "versionId" : null,
  "modUser" : "",
  "archived" : false,
  "permissionId" : "87c7fcbd26d9ab6d0f8d3df3527ab946",
  "permissionType" : "com.dotmarketing.portlets.categories.model.Category",
  "new" : false,
  "title" : "",
  "live" : false,
  "locked" : false
}, {
  "iDate" : "2025-06-22T23:21:05.746+00:00",
  "type" : "category",
  "owner" : "",
  "inode" : "c758e094fc9009b23242f01633c48708",
  "identifier" : null,
  "categoryName" : "Categoria1",
  "description" : null,
  "key" : "Categoria1",
  "sortOrder" : 0,
  "active" : true,
  "keywords" : "",
  "categoryVelocityVarName" : "categoria1",
  "modDate" : "2025-06-22T17:03:46.985+00:00",
  "parentPermissionable" : {
    "iDate" : "2025-06-22T23:21:05.770+00:00",
    "type" : "category",
    "owner" : "",
    "inode" : "87c7fcbd26d9ab6d0f8d3df3527ab946",
    "identifier" : null,
    "categoryName" : "Productos",
    "description" : null,
    "key" : "Productos",
    "sortOrder" : 0,
    "active" : true,
    "keywords" : "",
    "categoryVelocityVarName" : "productos",
    "modDate" : "2025-06-22T17:03:46.982+00:00",
    "parentPermissionable" : {
      "lowIndexPriority" : false,
      "variantId" : "DEFAULT",
      "systemHost" : true,
      "hostThumbnail" : null,
      "structureInode" : "855a2d72-f2f3-4169-8b04-ac5157c4380c",
      "inode" : "dbdec5e2-c02b-4cfb-83a9-4a4c4f3b2eb0",
      "parent" : true,
      "hostname" : "System Host",
      "tagStorage" : "SYSTEM_HOST",
      "aliases" : "",
      "default" : false,
      "name" : "System Host",
      "permissionId" : "SYSTEM_HOST",
      "permissionType" : "com.dotmarketing.portlets.contentlet.model.Contentlet",
      "owner" : "system",
      "modDate" : "2023-05-25T21:56:50.282+00:00",
      "identifier" : "SYSTEM_HOST",
      "type" : "contentlet",
      "htmlpage" : false,
      "vanityUrl" : false,
      "working" : true,
      "keyValue" : false,
      "categoryId" : "dbdec5e2-c02b-4cfb-83a9-4a4c4f3b2eb0",
      "versionId" : "SYSTEM_HOST",
      "modUser" : "system",
      "titleImage" : null,
      "folder" : "SYSTEM_FOLDER",
      "dotAsset" : false,
      "persona" : false,
      "indexPolicyDependencies" : "DEFER",
      "archived" : false,
      "fileAsset" : false,
      "sortOrder" : 0,
      "contentTypeId" : "855a2d72-f2f3-4169-8b04-ac5157c4380c",
      "languageVariable" : false,
      "languageId" : 1,
      "new" : false,
      "host" : "SYSTEM_HOST",
      "form" : false,
      "title" : "System Host",
      "live" : true,
      "locked" : false
    },
    "map" : {
      "inode" : "87c7fcbd26d9ab6d0f8d3df3527ab946",
      "keywords" : "",
      "sortOrder" : 0,
      "description" : null,
      "categoryName" : "Productos",
      "key" : "Productos"
    },
    "idate" : "2025-06-22T23:21:05.770+00:00",
    "versionType" : "category",
    "working" : false,
    "categoryId" : "87c7fcbd26d9ab6d0f8d3df3527ab946",
    "versionId" : null,
    "modUser" : "",
    "archived" : false,
    "permissionId" : "87c7fcbd26d9ab6d0f8d3df3527ab946",
    "permissionType" : "com.dotmarketing.portlets.categories.model.Category",
    "new" : false,
    "title" : "",
    "live" : false,
    "locked" : false
  },
  "map" : {
    "inode" : "c758e094fc9009b23242f01633c48708",
    "keywords" : "",
    "sortOrder" : 0,
    "description" : null,
    "categoryName" : "Categoria1",
    "key" : "Categoria1"
  },
  "idate" : "2025-06-22T23:21:05.746+00:00",
  "versionType" : "category",
  "working" : false,
  "categoryId" : "c758e094fc9009b23242f01633c48708",
  "versionId" : null,
  "modUser" : "",
  "archived" : false,
  "permissionId" : "c758e094fc9009b23242f01633c48708",
  "permissionType" : "com.dotmarketing.portlets.categories.model.Category",
  "new" : false,
  "title" : "",
  "live" : false,
  "locked" : false
}, {
  "iDate" : "2025-06-22T23:21:05.746+00:00",
  "type" : "category",
  "owner" : "",
  "inode" : "ea86cfcc476620b0d6162431165096c8",
  "identifier" : null,
  "categoryName" : "Categoria3",
  "description" : null,
  "key" : "Categoria3",
  "sortOrder" : 0,
  "active" : true,
  "keywords" : "",
  "categoryVelocityVarName" : "categoria3",
  "modDate" : "2025-06-22T17:03:46.987+00:00",
  "parentPermissionable" : {
    "iDate" : "2025-06-22T23:21:05.773+00:00",
    "type" : "category",
    "owner" : "",
    "inode" : "87c7fcbd26d9ab6d0f8d3df3527ab946",
    "identifier" : null,
    "categoryName" : "Productos",
    "description" : null,
    "key" : "Productos",
    "sortOrder" : 0,
    "active" : true,
    "keywords" : "",
    "categoryVelocityVarName" : "productos",
    "modDate" : "2025-06-22T17:03:46.982+00:00",
    "parentPermissionable" : {
      "lowIndexPriority" : false,
      "variantId" : "DEFAULT",
      "systemHost" : true,
      "hostThumbnail" : null,
      "structureInode" : "855a2d72-f2f3-4169-8b04-ac5157c4380c",
      "inode" : "dbdec5e2-c02b-4cfb-83a9-4a4c4f3b2eb0",
      "parent" : true,
      "hostname" : "System Host",
      "tagStorage" : "SYSTEM_HOST",
      "aliases" : "",
      "default" : false,
      "name" : "System Host",
      "permissionId" : "SYSTEM_HOST",
      "permissionType" : "com.dotmarketing.portlets.contentlet.model.Contentlet",
      "owner" : "system",
      "modDate" : "2023-05-25T21:56:50.282+00:00",
      "identifier" : "SYSTEM_HOST",
      "type" : "contentlet",
      "htmlpage" : false,
      "vanityUrl" : false,
      "working" : true,
      "keyValue" : false,
      "categoryId" : "dbdec5e2-c02b-4cfb-83a9-4a4c4f3b2eb0",
      "versionId" : "SYSTEM_HOST",
      "modUser" : "system",
      "titleImage" : null,
      "folder" : "SYSTEM_FOLDER",
      "dotAsset" : false,
      "persona" : false,
      "indexPolicyDependencies" : "DEFER",
      "archived" : false,
      "fileAsset" : false,
      "sortOrder" : 0,
      "contentTypeId" : "855a2d72-f2f3-4169-8b04-ac5157c4380c",
      "languageVariable" : false,
      "languageId" : 1,
      "new" : false,
      "host" : "SYSTEM_HOST",
      "form" : false,
      "title" : "System Host",
      "live" : true,
      "locked" : false
    },
    "map" : {
      "inode" : "87c7fcbd26d9ab6d0f8d3df3527ab946",
      "keywords" : "",
      "sortOrder" : 0,
      "description" : null,
      "categoryName" : "Productos",
      "key" : "Productos"
    },
    "idate" : "2025-06-22T23:21:05.773+00:00",
    "versionType" : "category",
    "working" : false,
    "categoryId" : "87c7fcbd26d9ab6d0f8d3df3527ab946",
    "versionId" : null,
    "modUser" : "",
    "archived" : false,
    "permissionId" : "87c7fcbd26d9ab6d0f8d3df3527ab946",
    "permissionType" : "com.dotmarketing.portlets.categories.model.Category",
    "new" : false,
    "title" : "",
    "live" : false,
    "locked" : false
  },
  "map" : {
    "inode" : "ea86cfcc476620b0d6162431165096c8",
    "keywords" : "",
    "sortOrder" : 0,
    "description" : null,
    "categoryName" : "Categoria3",
    "key" : "Categoria3"
  },
  "idate" : "2025-06-22T23:21:05.746+00:00",
  "versionType" : "category",
  "working" : false,
  "categoryId" : "ea86cfcc476620b0d6162431165096c8",
  "versionId" : null,
  "modUser" : "",
  "archived" : false,
  "permissionId" : "ea86cfcc476620b0d6162431165096c8",
  "permissionType" : "com.dotmarketing.portlets.categories.model.Category",
  "new" : false,
  "title" : "",
  "live" : false,
  "locked" : false
}, {
  "iDate" : "2025-06-22T23:21:05.746+00:00",
  "type" : "category",
  "owner" : "",
  "inode" : "f837bd2fa21e1a89480ccf22f358df37",
  "identifier" : null,
  "categoryName" : "Principal",
  "description" : null,
  "key" : "Principal",
  "sortOrder" : 0,
  "active" : true,
  "keywords" : "",
  "categoryVelocityVarName" : "principal",
  "modDate" : "2025-06-22T17:03:46.989+00:00",
  "parentPermissionable" : {
    "iDate" : "2025-06-22T23:21:05.776+00:00",
    "type" : "category",
    "owner" : "",
    "inode" : "2c2ed9ba031358855f7f2a179e5bf19a",
    "identifier" : null,
    "categoryName" : "Menu",
    "description" : null,
    "key" : "Menu",
    "sortOrder" : 0,
    "active" : true,
    "keywords" : "",
    "categoryVelocityVarName" : "menu",
    "modDate" : "2025-06-22T17:03:46.973+00:00",
    "parentPermissionable" : {
      "lowIndexPriority" : false,
      "variantId" : "DEFAULT",
      "systemHost" : true,
      "hostThumbnail" : null,
      "structureInode" : "855a2d72-f2f3-4169-8b04-ac5157c4380c",
      "inode" : "dbdec5e2-c02b-4cfb-83a9-4a4c4f3b2eb0",
      "parent" : true,
      "hostname" : "System Host",
      "tagStorage" : "SYSTEM_HOST",
      "aliases" : "",
      "default" : false,
      "name" : "System Host",
      "permissionId" : "SYSTEM_HOST",
      "permissionType" : "com.dotmarketing.portlets.contentlet.model.Contentlet",
      "owner" : "system",
      "modDate" : "2023-05-25T21:56:50.282+00:00",
      "identifier" : "SYSTEM_HOST",
      "type" : "contentlet",
      "htmlpage" : false,
      "vanityUrl" : false,
      "working" : true,
      "keyValue" : false,
      "categoryId" : "dbdec5e2-c02b-4cfb-83a9-4a4c4f3b2eb0",
      "versionId" : "SYSTEM_HOST",
      "modUser" : "system",
      "titleImage" : null,
      "folder" : "SYSTEM_FOLDER",
      "dotAsset" : false,
      "persona" : false,
      "indexPolicyDependencies" : "DEFER",
      "archived" : false,
      "fileAsset" : false,
      "sortOrder" : 0,
      "contentTypeId" : "855a2d72-f2f3-4169-8b04-ac5157c4380c",
      "languageVariable" : false,
      "languageId" : 1,
      "new" : false,
      "host" : "SYSTEM_HOST",
      "form" : false,
      "title" : "System Host",
      "live" : true,
      "locked" : false
    },
    "map" : {
      "inode" : "2c2ed9ba031358855f7f2a179e5bf19a",
      "keywords" : "",
      "sortOrder" : 0,
      "description" : null,
      "categoryName" : "Menu",
      "key" : "Menu"
    },
    "idate" : "2025-06-22T23:21:05.776+00:00",
    "versionType" : "category",
    "working" : false,
    "categoryId" : "2c2ed9ba031358855f7f2a179e5bf19a",
    "versionId" : null,
    "modUser" : "",
    "archived" : false,
    "permissionId" : "2c2ed9ba031358855f7f2a179e5bf19a",
    "permissionType" : "com.dotmarketing.portlets.categories.model.Category",
    "new" : false,
    "title" : "",
    "live" : false,
    "locked" : false
  },
  "map" : {
    "inode" : "f837bd2fa21e1a89480ccf22f358df37",
    "keywords" : "",
    "sortOrder" : 0,
    "description" : null,
    "categoryName" : "Principal",
    "key" : "Principal"
  },
  "idate" : "2025-06-22T23:21:05.746+00:00",
  "versionType" : "category",
  "working" : false,
  "categoryId" : "f837bd2fa21e1a89480ccf22f358df37",
  "versionId" : null,
  "modUser" : "",
  "archived" : false,
  "permissionId" : "f837bd2fa21e1a89480ccf22f358df37",
  "permissionType" : "com.dotmarketing.portlets.categories.model.Category",
  "new" : false,
  "title" : "",
  "live" : false,
  "locked" : false
} ]