[{"active":true,"actualCompanyId":"dotcms.org","additionalInfo":{},"agreedToTermsOfUse":false,"aimId":null,"anonymousUser":false,"birthday":null,"comments":null,"companyId":"dotcms.org","createDate":1204824961000,"defaultUser":false,"deleteDate":null,"deleteInProgress":false,"dottedSkins":false,"emailAddress":"admin@dotcms.com","failedLoginAttempts":0,"favoriteActivity":null,"favoriteBibleVerse":null,"favoriteFood":null,"favoriteMovie":null,"favoriteMusic":null,"female":false,"firstName":"Admin","fullName":"Admin User","greeting":"Welcome, Test Test!","icqId":"esdmRXaEhOnpNC6QlagRqyluiZTKnh1594419144088:1594419144088","languageId":"en_US","lastLoginDate":1750607616328,"lastLoginIP":"192.168.65.1","lastName":"User","layoutIds":null,"locale":"en_US","loginDate":1268874652186,"loginIP":"0:0:0:0:0:0:0:1","male":true,"middleName":"","modificationDate":1750607616330,"modified":true,"msnId":null,"multipleRecipients":false,"new":false,"nickName":"","password":"1:1:37EUmg0JxMrMQ1DNzhQXaoD+G+c80sBI:i=927c0:Tk7aXxxmtBha52vV5g34kx5ttoKjbBD2","passwordEncrypted":true,"passwordExpirationDate":null,"passwordExpired":false,"passwordReset":false,"recipientAddress":"admin@dotcms.com","recipientId":"dotcms.org.1","recipientInternetAddress":"Admin User <admin@dotcms.com>","recipientName":"Admin User","refreshRate":"900","resolution":"1024x768","roundedSkins":false,"skinId":"46176e12-6c2d-406c-b724-4dfac4562517","smsId":null,"timeZone":"US/Eastern","timeZoneId":"US/Eastern","userId":"dotcms.org.1","userRole":{"dbfqn":"9ac1ff78-71a9-4485-a541-9d1418b17aa4 --> e7d4e34e-5127-45fc-8123-d48b62d510e3","description":"","editLayouts":true,"editPermissions":true,"editUsers":false,"fqn":"Users --> Admin User","id":"e7d4e34e-5127-45fc-8123-d48b62d510e3","locked":false,"name":"Admin User","parent":"9ac1ff78-71a9-4485-a541-9d1418b17aa4","roleChildren":null,"roleKey":"dotcms.org.1","system":false,"user":true},"ymId":null},{"active":true,"actualCompanyId":"dotcms.org","additionalInfo":{},"agreedToTermsOfUse":false,"aimId":null,"anonymousUser":true,"birthday":null,"comments":null,"companyId":"dotcms.org","createDate":1566583203184,"defaultUser":false,"deleteDate":null,"deleteInProgress":false,"dottedSkins":false,"emailAddress":"anonymous@dotcms.anonymoususer","failedLoginAttempts":0,"favoriteActivity":null,"favoriteBibleVerse":null,"favoriteFood":null,"favoriteMovie":null,"favoriteMusic":null,"female":false,"firstName":"anonymous user","fullName":"anonymous user anonymous","greeting":"welcome, anonymous anonymous!","icqId":null,"languageId":"en_US","lastLoginDate":null,"lastLoginIP":null,"lastName":"anonymous","layoutIds":null,"locale":"en_US","loginDate":null,"loginIP":null,"male":true,"middleName":null,"modificationDate":1748212320623,"modified":true,"msnId":null,"multipleRecipients":false,"new":false,"nickName":null,"password":"1:1:U4TF7XdNbARY0GFdPW2aDLfG9pa0vdZ7:i=4e20:ijz0FGz+8o5E+/CnVDhsJwmMzllwYAbz","passwordEncrypted":true,"passwordExpirationDate":null,"passwordExpired":false,"passwordReset":false,"recipientAddress":"anonymous@dotcms.anonymoususer","recipientId":"anonymous","recipientInternetAddress":"anonymous user anonymous <anonymous@dotcms.anonymoususer>","recipientName":"anonymous user anonymous","refreshRate":null,"resolution":null,"roundedSkins":false,"skinId":"5f7c8dd2-d431-425b-b619-1f2bb9617fdd","smsId":null,"timeZone":"America/Costa_Rica","timeZoneId":"America/Costa_Rica","userId":"anonymous","userRole":{"dbfqn":"9ac1ff78-71a9-4485-a541-9d1418b17aa4 --> edecd377-2321-4803-aa8b-89797dd0d61f","description":"","editLayouts":true,"editPermissions":true,"editUsers":false,"fqn":"Users --> anonymous user anonymous","id":"edecd377-2321-4803-aa8b-89797dd0d61f","locked":false,"name":"anonymous user anonymous","parent":"9ac1ff78-71a9-4485-a541-9d1418b17aa4","roleChildren":null,"roleKey":"anonymous","system":false,"user":true},"ymId":null},{"active":true,"actualCompanyId":"dotcms.org","additionalInfo":{},"agreedToTermsOfUse":false,"aimId":null,"anonymousUser":false,"birthday":null,"comments":null,"companyId":"dotcms.org","createDate":1748212320096,"defaultUser":false,"deleteDate":null,"deleteInProgress":false,"dottedSkins":false,"emailAddress":"system@dotcms.systemuser","failedLoginAttempts":0,"favoriteActivity":null,"favoriteBibleVerse":null,"favoriteFood":null,"favoriteMovie":null,"favoriteMusic":null,"female":false,"firstName":"system user","fullName":"system user system user","greeting":"welcome, system system!","icqId":null,"languageId":"en_US","lastLoginDate":null,"lastLoginIP":null,"lastName":"system user","layoutIds":"","locale":"en_US","loginDate":null,"loginIP":null,"male":true,"middleName":null,"modificationDate":1748212320096,"modified":true,"msnId":null,"multipleRecipients":false,"new":false,"nickName":null,"password":"1:1:ubdYn5Pyj1HgfaQTMMJbk/s0IsPdGxlm:i=927c0:GFM0iJCtg6pg7tRAZVPwVn62+jfmuxct","passwordEncrypted":true,"passwordExpirationDate":null,"passwordExpired":false,"passwordReset":false,"recipientAddress":"system@dotcms.systemuser","recipientId":"system","recipientInternetAddress":"system user system user <system@dotcms.systemuser>","recipientName":"system user system user","refreshRate":null,"resolution":null,"roundedSkins":false,"skinId":null,"smsId":null,"timeZone":"UTC","timeZoneId":"UTC","userId":"system","userRole":{"dbfqn":"2adccac3-a56b-4078-be40-94e343f20712","description":"System roles root","editLayouts":true,"editPermissions":false,"editUsers":false,"fqn":"System","id":"2adccac3-a56b-4078-be40-94e343f20712","locked":false,"name":"System","parent":"2adccac3-a56b-4078-be40-94e343f20712","roleChildren":["617f7300-5c7b-463f-9554-380b918520bc","52181fb6-65c8-4221-8d17-1da8b0e20784","c3eb4526-6d96-48d8-9540-e5fa560cfc0f","0f995057-5c35-4ae7-998a-774dda146c63","02088e05-5ff5-43c2-a4fa-11a7272cb199","892ab105-f212-407f-8fb4-58ec59310a5e","654b0931-1027-41f7-ad4d-173115ed8ec1","6b1fa42f-8729-4625-80d1-17e4ef691ce7","29e0af9e-0e60-48ee-b9f7-1453d94d9cb6","999cd6bf-5cef-4729-8543-696086143884","742c9eb3-8651-4df4-b1dc-00c8c64aee4f","6f9d5449-8f48-4179-a2ad-1983d6217fef","ff4d1504-a077-4874-b89b-9844d10d5b6d"],"roleKey":"System","system":false,"user":false},"ymId":null},{"active":true,"actualCompanyId":"dotcms.org","additionalInfo":{},"agreedToTermsOfUse":false,"aimId":null,"anonymousUser":false,"birthday":null,"comments":null,"companyId":"default","createDate":1748212318943,"defaultUser":true,"deleteDate":null,"deleteInProgress":false,"dottedSkins":false,"emailAddress":"default@","failedLoginAttempts":0,"favoriteActivity":null,"favoriteBibleVerse":null,"favoriteFood":null,"favoriteMovie":null,"favoriteMusic":null,"female":false,"firstName":"","fullName":" ","greeting":"Welcome!","icqId":null,"languageId":"en_US","lastLoginDate":null,"lastLoginIP":null,"lastName":"","layoutIds":null,"locale":"en_US","loginDate":1748212318943,"loginIP":null,"male":true,"middleName":"","modificationDate":1748212318943,"modified":true,"msnId":null,"multipleRecipients":false,"new":false,"nickName":null,"password":"password","passwordEncrypted":true,"passwordExpirationDate":null,"passwordExpired":false,"passwordReset":false,"recipientAddress":"default@","recipientId":"dotcms.org.default","recipientInternetAddress":"  <default@>","recipientName":" ","refreshRate":null,"resolution":null,"roundedSkins":false,"skinId":null,"smsId":null,"timeZone":"UTC","timeZoneId":"UTC","userId":"dotcms.org.default","userRole":{"dbfqn":"9ac1ff78-71a9-4485-a541-9d1418b17aa4 --> 30243735-684a-4fdb-aaca-f2012a1bc946","description":"","editLayouts":true,"editPermissions":true,"editUsers":false,"fqn":"Users -->  ","id":"30243735-684a-4fdb-aaca-f2012a1bc946","locked":false,"name":" ","parent":"9ac1ff78-71a9-4485-a541-9d1418b17aa4","roleChildren":null,"roleKey":"dotcms.org.default","system":true,"user":true},"ymId":null}]