[ {
  "identifier" : "0c7104291a673c2d49155b11c11c7a6e",
  "liveInode" : "3b493b25-68b2-49ab-aa34-12f2998b7d1d",
  "workingInode" : "3b493b25-68b2-49ab-aa34-12f2998b7d1d",
  "lockedBy" : null,
  "lockedOn" : "2025-06-22T22:36:18.627+00:00",
  "deleted" : false,
  "versionTs" : "2025-06-22T22:36:18.614+00:00",
  "lang" : 1,
  "variant" : "DEFAULT",
  "publishDate" : "2025-06-22T22:36:18.614+00:00"
}, {
  "identifier" : "0e29d502b504dc8853482cca23064839",
  "liveInode" : "14747583-961b-401a-8e4b-a1b8992e86b0",
  "workingInode" : "14747583-961b-401a-8e4b-a1b8992e86b0",
  "lockedBy" : null,
  "lockedOn" : "2025-06-22T22:36:17.229+00:00",
  "deleted" : false,
  "versionTs" : "2025-06-22T22:36:17.215+00:00",
  "lang" : 1,
  "variant" : "DEFAULT",
  "publishDate" : "2025-06-22T22:36:17.214+00:00"
}, {
  "identifier" : "18506fe702147b518d51b68189be316a",
  "liveInode" : "7648df75-36a3-402f-a017-0829706fcae3",
  "workingInode" : "7648df75-36a3-402f-a017-0829706fcae3",
  "lockedBy" : null,
  "lockedOn" : "2025-06-22T22:36:19.094+00:00",
  "deleted" : false,
  "versionTs" : "2025-06-22T22:36:19.080+00:00",
  "lang" : 1,
  "variant" : "DEFAULT",
  "publishDate" : "2025-06-22T22:36:19.080+00:00"
}, {
  "identifier" : "18dd9bb9b45b9da5fa7852523b561b0b",
  "liveInode" : "f2bee088-11d5-45ae-b4bb-05c68d0a8ee4",
  "workingInode" : "f2bee088-11d5-45ae-b4bb-05c68d0a8ee4",
  "lockedBy" : null,
  "lockedOn" : "2025-06-22T23:04:37.773+00:00",
  "deleted" : false,
  "versionTs" : "2025-06-22T23:04:37.739+00:00",
  "lang" : 1,
  "variant" : "DEFAULT",
  "publishDate" : "2025-06-22T23:04:37.739+00:00"
}, {
  "identifier" : "1c67e9124578780060d3dd818f7502b4",
  "liveInode" : "35d09939-0cdb-4f15-9548-ab3f885bd829",
  "workingInode" : "35d09939-0cdb-4f15-9548-ab3f885bd829",
  "lockedBy" : null,
  "lockedOn" : "2025-06-22T23:14:11.511+00:00",
  "deleted" : false,
  "versionTs" : "2025-06-22T23:14:11.487+00:00",
  "lang" : 1,
  "variant" : "DEFAULT",
  "publishDate" : "2025-06-22T23:14:11.485+00:00"
}, {
  "identifier" : "347c1236a88f2a779963b7ff24f876f1",
  "liveInode" : "622ef276-a50f-4aec-a249-5761e99ddbc2",
  "workingInode" : "622ef276-a50f-4aec-a249-5761e99ddbc2",
  "lockedBy" : null,
  "lockedOn" : "2025-06-22T22:36:16.772+00:00",
  "deleted" : false,
  "versionTs" : "2025-06-22T22:36:16.757+00:00",
  "lang" : 1,
  "variant" : "DEFAULT",
  "publishDate" : "2025-06-22T22:36:16.756+00:00"
}, {
  "identifier" : "44fae59d2fce7413ddfc63c6fd8df1aa",
  "liveInode" : "bb3e1dc6-2cb3-4e64-96fa-80a514e403e8",
  "workingInode" : "bb3e1dc6-2cb3-4e64-96fa-80a514e403e8",
  "lockedBy" : null,
  "lockedOn" : "2025-06-22T17:52:11.559+00:00",
  "deleted" : false,
  "versionTs" : "2025-06-22T17:52:11.526+00:00",
  "lang" : 1,
  "variant" : "DEFAULT",
  "publishDate" : "2025-06-22T17:52:11.526+00:00"
}, {
  "identifier" : "5bef0604a46f33e1c81f3bfe3152d99b",
  "liveInode" : "59d835d6-84ff-444a-86b6-e8ca04d85f5c",
  "workingInode" : "59d835d6-84ff-444a-86b6-e8ca04d85f5c",
  "lockedBy" : null,
  "lockedOn" : "2025-06-22T22:36:16.291+00:00",
  "deleted" : false,
  "versionTs" : "2025-06-22T22:36:16.276+00:00",
  "lang" : 1,
  "variant" : "DEFAULT",
  "publishDate" : "2025-06-22T22:36:16.276+00:00"
}, {
  "identifier" : "6ad9fbbdf3521f4c3ea5fbdf88361dcc",
  "liveInode" : "e95db5e2-645f-4b0f-ab22-bb51c1358648",
  "workingInode" : "e95db5e2-645f-4b0f-ab22-bb51c1358648",
  "lockedBy" : null,
  "lockedOn" : "2025-06-22T22:36:19.556+00:00",
  "deleted" : false,
  "versionTs" : "2025-06-22T22:36:19.544+00:00",
  "lang" : 1,
  "variant" : "DEFAULT",
  "publishDate" : "2025-06-22T22:36:19.544+00:00"
}, {
  "identifier" : "711ebf8c015bb795c7093ce57023f60c",
  "liveInode" : "0c33ecda-90c7-42b7-93e4-ab1693382499",
  "workingInode" : "0c33ecda-90c7-42b7-93e4-ab1693382499",
  "lockedBy" : null,
  "lockedOn" : "2025-06-22T22:36:18.163+00:00",
  "deleted" : false,
  "versionTs" : "2025-06-22T22:36:18.151+00:00",
  "lang" : 1,
  "variant" : "DEFAULT",
  "publishDate" : "2025-06-22T22:36:18.150+00:00"
}, {
  "identifier" : "7ac8498f340f54645f72e8da33f57c71",
  "liveInode" : "4515d2b1-71cf-4e26-ba86-b58a83941448",
  "workingInode" : "4515d2b1-71cf-4e26-ba86-b58a83941448",
  "lockedBy" : null,
  "lockedOn" : "2025-06-22T22:36:17.245+00:00",
  "deleted" : false,
  "versionTs" : "2025-06-22T22:36:17.229+00:00",
  "lang" : 1,
  "variant" : "DEFAULT",
  "publishDate" : "2025-06-22T22:36:17.229+00:00"
}, {
  "identifier" : "7e2fd94025600f4f4a222f7ea71b9b83",
  "liveInode" : "b2ccc830-6cc0-4ce7-9288-8a552c453c96",
  "workingInode" : "b2ccc830-6cc0-4ce7-9288-8a552c453c96",
  "lockedBy" : null,
  "lockedOn" : "2025-06-22T23:07:16.329+00:00",
  "deleted" : false,
  "versionTs" : "2025-06-22T23:07:16.298+00:00",
  "lang" : 1,
  "variant" : "DEFAULT",
  "publishDate" : "2025-06-22T23:07:16.297+00:00"
}, {
  "identifier" : "869adf9f53fc58e391e98dd316906145",
  "liveInode" : "002d9c20-bddf-4199-a634-738c546e9a50",
  "workingInode" : "002d9c20-bddf-4199-a634-738c546e9a50",
  "lockedBy" : null,
  "lockedOn" : "2025-06-22T22:36:15.814+00:00",
  "deleted" : false,
  "versionTs" : "2025-06-22T22:36:15.798+00:00",
  "lang" : 1,
  "variant" : "DEFAULT",
  "publishDate" : "2025-06-22T22:36:15.798+00:00"
}, {
  "identifier" : "8a7d5e23-da1e-420a-b4f0-471e7da8ea2d",
  "liveInode" : "1b407535-67e3-4f21-ad00-8ef5ef492d64",
  "workingInode" : "1b407535-67e3-4f21-ad00-8ef5ef492d64",
  "lockedBy" : "dotcms.org.1",
  "lockedOn" : "2020-04-20T20:28:30.733+00:00",
  "deleted" : false,
  "versionTs" : "2025-06-22T17:03:47.892+00:00",
  "lang" : 1,
  "variant" : "DEFAULT",
  "publishDate" : "2023-05-25T21:55:00.711+00:00"
}, {
  "identifier" : "9a57e9fa7d2087764d4bb773bfe3fdd5",
  "liveInode" : "a28c66cc-f3cb-4203-b9c2-6915575d48cc",
  "workingInode" : "a28c66cc-f3cb-4203-b9c2-6915575d48cc",
  "lockedBy" : null,
  "lockedOn" : "2025-06-22T23:14:53.898+00:00",
  "deleted" : false,
  "versionTs" : "2025-06-22T23:14:53.869+00:00",
  "lang" : 1,
  "variant" : "DEFAULT",
  "publishDate" : "2025-06-22T23:14:53.868+00:00"
}, {
  "identifier" : "a083e942-5fb0-47ef-9619-6f8f40593474",
  "liveInode" : null,
  "workingInode" : "1a707929-ce13-49c3-9678-24abd9e5fc3b",
  "lockedBy" : null,
  "lockedOn" : "2025-06-22T17:46:06.589+00:00",
  "deleted" : true,
  "versionTs" : "2025-06-22T17:46:17.370+00:00",
  "lang" : 1,
  "variant" : "DEFAULT",
  "publishDate" : null
}, {
  "identifier" : "bc77076c27b378501bf3d1651a3d0f17",
  "liveInode" : "e66b296c-27aa-4600-821e-2f8aca3c88b9",
  "workingInode" : "e66b296c-27aa-4600-821e-2f8aca3c88b9",
  "lockedBy" : null,
  "lockedOn" : "2025-06-22T22:36:16.297+00:00",
  "deleted" : false,
  "versionTs" : "2025-06-22T22:36:16.284+00:00",
  "lang" : 1,
  "variant" : "DEFAULT",
  "publishDate" : "2025-06-22T22:36:16.283+00:00"
}, {
  "identifier" : "ebbc4df0f247b8d917cb2cc34e4c9ebf",
  "liveInode" : "00c6b359-e0a3-4590-8d10-7b15fa1d7417",
  "workingInode" : "00c6b359-e0a3-4590-8d10-7b15fa1d7417",
  "lockedBy" : null,
  "lockedOn" : "2025-06-22T23:16:31.801+00:00",
  "deleted" : false,
  "versionTs" : "2025-06-22T23:16:31.775+00:00",
  "lang" : 1,
  "variant" : "DEFAULT",
  "publishDate" : "2025-06-22T23:16:31.774+00:00"
}, {
  "identifier" : "f80462f82f4789f46652fec4cdc28874",
  "liveInode" : "4d046db5-e805-408f-b675-cb226b9274fb",
  "workingInode" : "4d046db5-e805-408f-b675-cb226b9274fb",
  "lockedBy" : null,
  "lockedOn" : "2025-06-22T23:15:22.830+00:00",
  "deleted" : false,
  "versionTs" : "2025-06-22T23:15:22.801+00:00",
  "lang" : 1,
  "variant" : "DEFAULT",
  "publishDate" : "2025-06-22T23:15:22.801+00:00"
}, {
  "identifier" : "ff63d163-7958-41fc-b637-561e0aa9ac12",
  "liveInode" : "84ca55b2-aa82-4e8b-84d9-6ed7edbead8f",
  "workingInode" : "84ca55b2-aa82-4e8b-84d9-6ed7edbead8f",
  "lockedBy" : null,
  "lockedOn" : "2025-06-22T22:36:16.765+00:00",
  "deleted" : false,
  "versionTs" : "2025-06-22T22:36:16.750+00:00",
  "lang" : 1,
  "variant" : "DEFAULT",
  "publishDate" : "2025-06-22T22:36:16.749+00:00"
}, {
  "identifier" : "ff6cafba20d7b8ed81659b194636d0e2",
  "liveInode" : "9fb7f4ea-64c4-4e02-87ca-49a142e2b2f1",
  "workingInode" : "9fb7f4ea-64c4-4e02-87ca-49a142e2b2f1",
  "lockedBy" : null,
  "lockedOn" : "2025-06-22T22:36:17.700+00:00",
  "deleted" : false,
  "versionTs" : "2025-06-22T22:36:17.685+00:00",
  "lang" : 1,
  "variant" : "DEFAULT",
  "publishDate" : "2025-06-22T22:36:17.685+00:00"
}, {
  "identifier" : "SYSTEM_HOST",
  "liveInode" : "dbdec5e2-c02b-4cfb-83a9-4a4c4f3b2eb0",
  "workingInode" : "dbdec5e2-c02b-4cfb-83a9-4a4c4f3b2eb0",
  "lockedBy" : null,
  "lockedOn" : "2012-06-07T09:46:26.000+00:00",
  "deleted" : false,
  "versionTs" : "2025-06-22T17:03:47.899+00:00",
  "lang" : 1,
  "variant" : "DEFAULT",
  "publishDate" : "2023-05-25T21:55:00.713+00:00"
} ]