[ {
  "id" : "19420f01-787c-43b2-8302-993331772497",
  "creationDate" : "2025-06-22T21:18:20.272+00:00",
  "postedBy" : "dotcms.org.1",
  "comment" : "Content copied from content id: 5bef0604a46f33e1c81f3bfe3152d99b",
  "workflowtaskId" : "419218bb-9c08-4974-b8d5-fa3bd9aec232",
  "inode" : "19420f01-787c-43b2-8302-993331772497",
  "new" : true,
  "map" : {
    "postedBy" : "dotcms.org.1",
    "comment" : "Content copied from content id: 5bef0604a46f33e1c81f3bfe3152d99b",
    "creationDate" : "2025-06-22T21:18:20.272+00:00"
  }
} ]