[ {
  "inode" : "03999d16-00b0-414f-82b9-342403b31f02",
  "identifier" : "869adf9f53fc58e391e98dd316906145",
  "contentType" : "d6fed088b09d1aef8f8817661d43841a",
  "modDate" : "2025-06-20T06:03:32.968Z",
  "baseType" : "CONTENT",
  "showOnMenu" : false,
  "modUser" : "dotcms.org.1",
  "languageId" : 1,
  "owner" : "dotcms.org.1",
  "sortOrder" : 0,
  "disabledWysiwyg" : [ "    " ],
  "fields" : {
    "titulo" : {
      "value" : "Cerveza",
      "type" : "Text"
    },
    "descripcion" : {
      "value" : "<p>Cervezas</p>",
      "type" : "Wysiwyg"
    },
    "precio" : {
      "value" : "1700",
      "type" : "Text"
    },
    "destacado" : {
      "value" : "no",
      "type" : "Text-Radio"
    }
  },
  "modelVersion" : "2"
}, {
  "inode" : "06af1cd4-cddd-4b38-9114-81b97f4d628f",
  "identifier" : "7e2fd94025600f4f4a222f7ea71b9b83",
  "contentType" : "f2a3721bde8451663a4ca05f1abf921c",
  "modDate" : "2025-05-27T04:17:47.905Z",
  "baseType" : "CONTENT",
  "showOnMenu" : false,
  "modUser" : "dotcms.org.1",
  "languageId" : 1,
  "owner" : "dotcms.org.1",
  "sortOrder" : 0,
  "disabledWysiwyg" : [ "" ],
  "fields" : {
    "titulo" : {
      "value" : "Bebida",
      "type" : "Text"
    }
  },
  "modelVersion" : "2"
}, {
  "inode" : "0a98358b-0654-430b-ac4a-c834183421e0",
  "identifier" : "bc77076c27b378501bf3d1651a3d0f17",
  "contentType" : "d6fed088b09d1aef8f8817661d43841a",
  "modDate" : "2025-05-26T00:49:16.595Z",
  "baseType" : "CONTENT",
  "showOnMenu" : false,
  "modUser" : "dotcms.org.1",
  "languageId" : 1,
  "owner" : "dotcms.org.1",
  "sortOrder" : 0,
  "disabledWysiwyg" : [ "  " ],
  "fields" : {
    "titulo" : {
      "value" : "Ceviche de Pescado",
      "type" : "Text"
    },
    "descripcion" : {
      "value" : "<p>Cl&aacute;sico ceviche de pescado fresco con lim&oacute;n, cebolla y culantro.</p>",
      "type" : "Wysiwyg"
    },
    "precio" : {
      "value" : "2500",
      "type" : "Text"
    },
    "destacado" : {
      "value" : "no",
      "type" : "Text-Radio"
    }
  },
  "modelVersion" : "2"
}, {
  "inode" : "0e3d7999-751e-4929-829f-c17fd8dfba2a",
  "identifier" : "44fae59d2fce7413ddfc63c6fd8df1aa",
  "contentType" : "f2a3721bde8451663a4ca05f1abf921c",
  "modDate" : "2025-05-27T05:11:27.049Z",
  "baseType" : "CONTENT",
  "showOnMenu" : false,
  "modUser" : "dotcms.org.1",
  "languageId" : 1,
  "owner" : "dotcms.org.1",
  "sortOrder" : 0,
  "disabledWysiwyg" : [ "" ],
  "fields" : {
    "titulo" : {
      "value" : "Postre",
      "type" : "Text"
    }
  },
  "modelVersion" : "2"
}, {
  "inode" : "1b407535-67e3-4f21-ad00-8ef5ef492d64",
  "identifier" : "8a7d5e23-da1e-420a-b4f0-471e7da8ea2d",
  "contentType" : "855a2d72-f2f3-4169-8b04-ac5157c4380c",
  "modDate" : "2023-05-25T21:56:50.282Z",
  "baseType" : "CONTENT",
  "showOnMenu" : false,
  "modUser" : "dotcms.org.1",
  "languageId" : 1,
  "owner" : "dotcms.org.1",
  "sortOrder" : 0,
  "disabledWysiwyg" : [ ],
  "fields" : {
    "hostName" : {
      "value" : "default",
      "type" : "Text"
    },
    "tagStorage" : {
      "value" : "8a7d5e23-da1e-420a-b4f0-471e7da8ea2d",
      "type" : "Custom"
    },
    "isDefault" : {
      "value" : true,
      "type" : "Bool-Hidden"
    },
    "isSystemHost" : {
      "value" : false,
      "type" : "Bool-Hidden"
    },
    "runDashboard" : {
      "value" : false,
      "type" : "Bool-Radio"
    }
  },
  "modelVersion" : "2"
}, {
  "inode" : "35d66034-2f95-4631-9142-9016d7361856",
  "identifier" : "18dd9bb9b45b9da5fa7852523b561b0b",
  "contentType" : "d6fed088b09d1aef8f8817661d43841a",
  "modDate" : "2025-05-26T00:49:08.375Z",
  "baseType" : "CONTENT",
  "showOnMenu" : false,
  "modUser" : "dotcms.org.1",
  "languageId" : 1,
  "owner" : "dotcms.org.1",
  "sortOrder" : 0,
  "disabledWysiwyg" : [ "  " ],
  "fields" : {
    "titulo" : {
      "value" : "Gaseosas",
      "type" : "Text"
    },
    "descripcion" : {
      "value" : "<p>Coca-cola, Fanta Naranja, Fanta Kolita, etc</p>",
      "type" : "Wysiwyg"
    },
    "precio" : {
      "value" : "1000",
      "type" : "Text"
    },
    "destacado" : {
      "value" : "no",
      "type" : "Text-Radio"
    }
  },
  "modelVersion" : "2"
}, {
  "inode" : "3fa24c86-4c44-4adc-b6cb-3928ede48e11",
  "identifier" : "869adf9f53fc58e391e98dd316906145",
  "contentType" : "d6fed088b09d1aef8f8817661d43841a",
  "modDate" : "2025-06-20T03:12:59.874Z",
  "baseType" : "CONTENT",
  "showOnMenu" : false,
  "modUser" : "dotcms.org.1",
  "languageId" : 1,
  "owner" : "dotcms.org.1",
  "sortOrder" : 0,
  "disabledWysiwyg" : [ "" ],
  "fields" : {
    "titulo" : {
      "value" : "Cerveza",
      "type" : "Text"
    },
    "descripcion" : {
      "value" : "<p>Cervezas</p>",
      "type" : "Wysiwyg"
    },
    "precio" : {
      "value" : "1500",
      "type" : "Text"
    },
    "destacado" : {
      "value" : "no",
      "type" : "Text-Radio"
    }
  },
  "modelVersion" : "2"
}, {
  "inode" : "3fbda471-5081-4886-999c-f014456e15b4",
  "identifier" : "8a7d5e23-da1e-420a-b4f0-471e7da8ea2d",
  "contentType" : "855a2d72-f2f3-4169-8b04-ac5157c4380c",
  "modDate" : "+52273-02-25T21:31:35Z",
  "baseType" : "CONTENT",
  "showOnMenu" : false,
  "modUser" : "system",
  "languageId" : 1,
  "owner" : "dotcms.org.1",
  "sortOrder" : 0,
  "disabledWysiwyg" : [ ],
  "fields" : {
    "hostName" : {
      "value" : "default",
      "type" : "Text"
    },
    "tagStorage" : {
      "value" : "8a7d5e23-da1e-420a-b4f0-471e7da8ea2d",
      "type" : "Custom"
    },
    "isDefault" : {
      "value" : false,
      "type" : "Bool-Hidden"
    },
    "isSystemHost" : {
      "value" : false,
      "type" : "Bool-Hidden"
    },
    "runDashboard" : {
      "value" : false,
      "type" : "Bool-Radio"
    }
  },
  "modelVersion" : "2"
}, {
  "inode" : "4901870e-fcb5-4c53-948a-304b059e8bb0",
  "identifier" : "18dd9bb9b45b9da5fa7852523b561b0b",
  "contentType" : "d6fed088b09d1aef8f8817661d43841a",
  "modDate" : "2025-05-25T23:57:16.303Z",
  "baseType" : "CONTENT",
  "showOnMenu" : false,
  "modUser" : "dotcms.org.1",
  "languageId" : 1,
  "owner" : "dotcms.org.1",
  "sortOrder" : 0,
  "disabledWysiwyg" : [ "" ],
  "fields" : {
    "titulo" : {
      "value" : "Gaseosas",
      "type" : "Text"
    },
    "descripcion" : {
      "value" : "<p>Coca-cola, Fanta Naranja, Fanta Kolita, etc</p>",
      "type" : "Wysiwyg"
    },
    "precio" : {
      "value" : "1000",
      "type" : "Text"
    }
  },
  "modelVersion" : "2"
}, {
  "inode" : "4e2c19d9-ed17-44a3-86d7-569a77de26bc",
  "identifier" : "7ac8498f340f54645f72e8da33f57c71",
  "contentType" : "d6fed088b09d1aef8f8817661d43841a",
  "modDate" : "2025-05-26T00:00:54.778Z",
  "baseType" : "CONTENT",
  "showOnMenu" : false,
  "modUser" : "dotcms.org.1",
  "languageId" : 1,
  "owner" : "dotcms.org.1",
  "sortOrder" : 0,
  "disabledWysiwyg" : [ "" ],
  "fields" : {
    "titulo" : {
      "value" : "Patacones",
      "type" : "Text"
    },
    "descripcion" : {
      "value" : "<p>Patacones</p>",
      "type" : "Wysiwyg"
    },
    "precio" : {
      "value" : "4000",
      "type" : "Text"
    }
  },
  "modelVersion" : "2"
}, {
  "inode" : "52f6c0e2-7978-483b-a0a2-c589044db9e7",
  "identifier" : "a083e942-5fb0-47ef-9619-6f8f40593474",
  "contentType" : "f2d8a1c7-2b77-2081-bcf1-b5348988c08d",
  "modDate" : "2023-05-25T21:56:50.282Z",
  "baseType" : "DOTASSET",
  "showOnMenu" : false,
  "modUser" : "system",
  "languageId" : 1,
  "owner" : "system",
  "sortOrder" : 0,
  "disabledWysiwyg" : [ ],
  "fields" : {
    "asset" : {
      "value" : "company_logo.png",
      "metadata" : {
        "isImage" : true,
        "sha256" : "6f59e8d34e7b67b14948f228110f14ef13bf2f19d949dc19ea3da08cd7ef74d0",
        "name" : "company_logo.png",
        "contentType" : "image/png"
      },
      "type" : "Binary"
    }
  },
  "modelVersion" : "2"
}, {
  "inode" : "538f2cfd-3e10-43d9-9c47-c8bb701241ad",
  "identifier" : "7e2fd94025600f4f4a222f7ea71b9b83",
  "contentType" : "f2a3721bde8451663a4ca05f1abf921c",
  "modDate" : "2025-06-22T17:38:57.496Z",
  "baseType" : "CONTENT",
  "showOnMenu" : false,
  "modUser" : "dotcms.org.1",
  "languageId" : 1,
  "owner" : "dotcms.org.1",
  "sortOrder" : 0,
  "disabledWysiwyg" : [ "      " ],
  "fields" : {
    "titulo" : {
      "value" : "Bebida",
      "type" : "Text"
    }
  },
  "modelVersion" : "2"
}, {
  "inode" : "6283402d-75eb-4eae-bd78-8db0b7b1c1b5",
  "identifier" : "7ac8498f340f54645f72e8da33f57c71",
  "contentType" : "d6fed088b09d1aef8f8817661d43841a",
  "modDate" : "2025-05-26T00:48:59.114Z",
  "baseType" : "CONTENT",
  "showOnMenu" : false,
  "modUser" : "dotcms.org.1",
  "languageId" : 1,
  "owner" : "dotcms.org.1",
  "sortOrder" : 0,
  "disabledWysiwyg" : [ "  " ],
  "fields" : {
    "titulo" : {
      "value" : "Patacones",
      "type" : "Text"
    },
    "descripcion" : {
      "value" : "<p>Patacones</p>",
      "type" : "Wysiwyg"
    },
    "precio" : {
      "value" : "4000",
      "type" : "Text"
    },
    "destacado" : {
      "value" : "no",
      "type" : "Text-Radio"
    }
  },
  "modelVersion" : "2"
}, {
  "inode" : "661c847e-778d-4fc1-89f9-32b1a1474492",
  "identifier" : "7ac8498f340f54645f72e8da33f57c71",
  "contentType" : "d6fed088b09d1aef8f8817661d43841a",
  "modDate" : "2025-05-27T04:18:20.477Z",
  "baseType" : "CONTENT",
  "showOnMenu" : false,
  "modUser" : "dotcms.org.1",
  "languageId" : 1,
  "owner" : "dotcms.org.1",
  "sortOrder" : 0,
  "disabledWysiwyg" : [ "      " ],
  "fields" : {
    "titulo" : {
      "value" : "Patacones",
      "type" : "Text"
    },
    "descripcion" : {
      "value" : "<p>Patacones</p>",
      "type" : "Wysiwyg"
    },
    "precio" : {
      "value" : "4000",
      "type" : "Text"
    },
    "destacado" : {
      "value" : "no",
      "type" : "Text-Radio"
    }
  },
  "modelVersion" : "2"
}, {
  "inode" : "6a4eef6d-6d4d-416f-9e56-66c5bdaf1cc4",
  "identifier" : "f80462f82f4789f46652fec4cdc28874",
  "contentType" : "f2a3721bde8451663a4ca05f1abf921c",
  "modDate" : "2025-05-27T04:18:01.098Z",
  "baseType" : "CONTENT",
  "showOnMenu" : false,
  "modUser" : "dotcms.org.1",
  "languageId" : 1,
  "owner" : "dotcms.org.1",
  "sortOrder" : 0,
  "disabledWysiwyg" : [ "" ],
  "fields" : {
    "titulo" : {
      "value" : "Principal",
      "type" : "Text"
    }
  },
  "modelVersion" : "2"
}, {
  "inode" : "702f6542-8f0b-4a07-957b-8808988d6675",
  "identifier" : "7e2fd94025600f4f4a222f7ea71b9b83",
  "contentType" : "f2a3721bde8451663a4ca05f1abf921c",
  "modDate" : "2025-05-27T05:13:36.150Z",
  "baseType" : "CONTENT",
  "showOnMenu" : false,
  "modUser" : "dotcms.org.1",
  "languageId" : 1,
  "owner" : "dotcms.org.1",
  "sortOrder" : 0,
  "disabledWysiwyg" : [ "  " ],
  "fields" : {
    "titulo" : {
      "value" : "Bebida",
      "type" : "Text"
    }
  },
  "modelVersion" : "2"
}, {
  "inode" : "70d8ab7f-b1bb-4646-a300-163bb327cca3",
  "identifier" : "869adf9f53fc58e391e98dd316906145",
  "contentType" : "d6fed088b09d1aef8f8817661d43841a",
  "modDate" : "2025-06-20T06:20:29.881Z",
  "baseType" : "CONTENT",
  "showOnMenu" : false,
  "modUser" : "dotcms.org.1",
  "languageId" : 1,
  "owner" : "dotcms.org.1",
  "sortOrder" : 0,
  "disabledWysiwyg" : [ "      " ],
  "fields" : {
    "titulo" : {
      "value" : "Cerveza",
      "type" : "Text"
    },
    "descripcion" : {
      "value" : "<p>Cervezas</p>",
      "type" : "Wysiwyg"
    },
    "precio" : {
      "value" : "1700",
      "type" : "Text"
    },
    "imagen1" : {
      "value" : "NuevaIdentidadImperial_02.jpeg",
      "metadata" : {
        "isImage" : true,
        "sha256" : "f7f091e22ef05312570e4ca077e1e465eb9fbf2d3a2fd4c62627f0b79108b0c5",
        "name" : "NuevaIdentidadImperial_02.jpeg",
        "contentType" : "image/jpeg"
      },
      "type" : "Binary"
    },
    "destacado" : {
      "value" : "no",
      "type" : "Text-Radio"
    }
  },
  "modelVersion" : "2"
}, {
  "inode" : "78da6a60-0443-4328-8df5-44693126bb42",
  "identifier" : "7ac8498f340f54645f72e8da33f57c71",
  "contentType" : "d6fed088b09d1aef8f8817661d43841a",
  "modDate" : "2025-05-27T05:17:34.172Z",
  "baseType" : "CONTENT",
  "showOnMenu" : false,
  "modUser" : "dotcms.org.1",
  "languageId" : 1,
  "owner" : "dotcms.org.1",
  "sortOrder" : 0,
  "disabledWysiwyg" : [ "          " ],
  "fields" : {
    "titulo" : {
      "value" : "Patacones",
      "type" : "Text"
    },
    "descripcion" : {
      "value" : "<p>Patacones</p>",
      "type" : "Wysiwyg"
    },
    "precio" : {
      "value" : "4000",
      "type" : "Text"
    },
    "imagen1" : {
      "value" : "Patacones-o-tostones-caseros.jpg",
      "metadata" : {
        "isImage" : true,
        "sha256" : "ca1744c1a375c2342cf47f72bc0e6e176775da7e554cff6a637c5a879a28c805",
        "name" : "Patacones-o-tostones-caseros.jpg",
        "contentType" : "image/jpeg"
      },
      "type" : "Binary"
    },
    "destacado" : {
      "value" : "no",
      "type" : "Text-Radio"
    }
  },
  "modelVersion" : "2"
}, {
  "inode" : "7c9faa60-b3e2-44d1-be76-ceb18e587f84",
  "identifier" : "7ac8498f340f54645f72e8da33f57c71",
  "contentType" : "d6fed088b09d1aef8f8817661d43841a",
  "modDate" : "2025-05-27T03:26:15.333Z",
  "baseType" : "CONTENT",
  "showOnMenu" : false,
  "modUser" : "dotcms.org.1",
  "languageId" : 1,
  "owner" : "dotcms.org.1",
  "sortOrder" : 0,
  "disabledWysiwyg" : [ "    " ],
  "fields" : {
    "titulo" : {
      "value" : "Patacones",
      "type" : "Text"
    },
    "descripcion" : {
      "value" : "<p>Patacones</p>",
      "type" : "Wysiwyg"
    },
    "precio" : {
      "value" : "4000",
      "type" : "Text"
    },
    "destacado" : {
      "value" : "no",
      "type" : "Text-Radio"
    }
  },
  "modelVersion" : "2"
}, {
  "inode" : "80d5c1ff-8025-483f-af03-a7af6c654fd3",
  "identifier" : "347c1236a88f2a779963b7ff24f876f1",
  "contentType" : "d6fed088b09d1aef8f8817661d43841a",
  "modDate" : "2025-05-27T04:19:12.603Z",
  "baseType" : "CONTENT",
  "showOnMenu" : false,
  "modUser" : "dotcms.org.1",
  "languageId" : 1,
  "owner" : "dotcms.org.1",
  "sortOrder" : 0,
  "disabledWysiwyg" : [ "    " ],
  "fields" : {
    "titulo" : {
      "value" : "Pesca Del Dia",
      "type" : "Text"
    },
    "descripcion" : {
      "value" : "<p>Del mar a tu mesa: pescado fresco del d&iacute;a, preparado con el sabor aut&eacute;ntico de la costa.</p>",
      "type" : "Wysiwyg"
    },
    "precio" : {
      "value" : "7500",
      "type" : "Text"
    },
    "imagen1" : {
      "value" : "Captura-de-pantalla-2025-05-12-090749.webp",
      "metadata" : {
        "isImage" : true,
        "sha256" : "836ddfb2e61309f75c4e793bc30994eb9c9e2c80137b411794fa0d9cbd8b8dde",
        "name" : "Captura-de-pantalla-2025-05-12-090749.webp",
        "contentType" : "image/webp"
      },
      "type" : "Binary"
    },
    "destacado" : {
      "value" : "si",
      "type" : "Text-Radio"
    }
  },
  "modelVersion" : "2"
}, {
  "inode" : "83902504-6cd4-4142-a717-8d7938fc1810",
  "identifier" : "9a57e9fa7d2087764d4bb773bfe3fdd5",
  "contentType" : "f2a3721bde8451663a4ca05f1abf921c",
  "modDate" : "2025-05-27T05:13:43.282Z",
  "baseType" : "CONTENT",
  "showOnMenu" : false,
  "modUser" : "dotcms.org.1",
  "languageId" : 1,
  "owner" : "dotcms.org.1",
  "sortOrder" : 0,
  "disabledWysiwyg" : [ "  " ],
  "fields" : {
    "titulo" : {
      "value" : "Entrada",
      "type" : "Text"
    }
  },
  "modelVersion" : "2"
}, {
  "inode" : "863a61d2-a80b-4fcc-80bd-2b0e4fcbee8b",
  "identifier" : "347c1236a88f2a779963b7ff24f876f1",
  "contentType" : "d6fed088b09d1aef8f8817661d43841a",
  "modDate" : "2025-05-26T00:48:49.843Z",
  "baseType" : "CONTENT",
  "showOnMenu" : false,
  "modUser" : "dotcms.org.1",
  "languageId" : 1,
  "owner" : "dotcms.org.1",
  "sortOrder" : 0,
  "disabledWysiwyg" : [ "  " ],
  "fields" : {
    "titulo" : {
      "value" : "Pesca Del Dia",
      "type" : "Text"
    },
    "descripcion" : {
      "value" : "<p>Del mar a tu mesa: pescado fresco del d&iacute;a, preparado con el sabor aut&eacute;ntico de la costa.</p>",
      "type" : "Wysiwyg"
    },
    "precio" : {
      "value" : "7500",
      "type" : "Text"
    },
    "destacado" : {
      "value" : "si",
      "type" : "Text-Radio"
    }
  },
  "modelVersion" : "2"
}, {
  "inode" : "87300fcf-641e-4bfe-97d2-30056532b196",
  "identifier" : "7e2fd94025600f4f4a222f7ea71b9b83",
  "contentType" : "f2a3721bde8451663a4ca05f1abf921c",
  "modDate" : "2025-06-20T03:13:15.654Z",
  "baseType" : "CONTENT",
  "showOnMenu" : false,
  "modUser" : "dotcms.org.1",
  "languageId" : 1,
  "owner" : "dotcms.org.1",
  "sortOrder" : 0,
  "disabledWysiwyg" : [ "    " ],
  "fields" : {
    "titulo" : {
      "value" : "Bebida",
      "type" : "Text"
    }
  },
  "modelVersion" : "2"
}, {
  "inode" : "8f34cd9f-8f2d-433e-96ba-8dc57ef13c47",
  "identifier" : "bc77076c27b378501bf3d1651a3d0f17",
  "contentType" : "d6fed088b09d1aef8f8817661d43841a",
  "modDate" : "2025-05-25T23:53:26.341Z",
  "baseType" : "CONTENT",
  "showOnMenu" : false,
  "modUser" : "dotcms.org.1",
  "languageId" : 1,
  "owner" : "dotcms.org.1",
  "sortOrder" : 0,
  "disabledWysiwyg" : [ "" ],
  "fields" : {
    "titulo" : {
      "value" : "Ceviche de Pescado",
      "type" : "Text"
    },
    "descripcion" : {
      "value" : "<p>Cl&aacute;sico ceviche de pescado fresco con lim&oacute;n, cebolla y culantro.</p>",
      "type" : "Wysiwyg"
    },
    "precio" : {
      "value" : "2500",
      "type" : "Text"
    }
  },
  "modelVersion" : "2"
}, {
  "inode" : "9657134d-788c-4b31-a668-d65dfce96604",
  "identifier" : "18dd9bb9b45b9da5fa7852523b561b0b",
  "contentType" : "d6fed088b09d1aef8f8817661d43841a",
  "modDate" : "2025-05-27T05:21:25.866Z",
  "baseType" : "CONTENT",
  "showOnMenu" : false,
  "modUser" : "dotcms.org.1",
  "languageId" : 1,
  "owner" : "dotcms.org.1",
  "sortOrder" : 0,
  "disabledWysiwyg" : [ "    " ],
  "fields" : {
    "titulo" : {
      "value" : "Gaseosas",
      "type" : "Text"
    },
    "descripcion" : {
      "value" : "<p>Coca-cola, Fanta Naranja, Fanta Kolita, etc</p>",
      "type" : "Wysiwyg"
    },
    "precio" : {
      "value" : "1000",
      "type" : "Text"
    },
    "imagen1" : {
      "value" : "98.jpg",
      "metadata" : {
        "isImage" : true,
        "sha256" : "d82a854c008d026eb86d8e771b10c8693142a250cb7f9fd91b26ffadc95feca0",
        "name" : "98.jpg",
        "contentType" : "image/jpeg"
      },
      "type" : "Binary"
    },
    "destacado" : {
      "value" : "no",
      "type" : "Text-Radio"
    }
  },
  "modelVersion" : "2"
}, {
  "inode" : "9b477a15-5ea4-4727-8b2b-034a862d87e4",
  "identifier" : "8a7d5e23-da1e-420a-b4f0-471e7da8ea2d",
  "contentType" : "855a2d72-f2f3-4169-8b04-ac5157c4380c",
  "modDate" : "+49899-03-09T20:50:00Z",
  "baseType" : "CONTENT",
  "showOnMenu" : false,
  "modUser" : "dotcms.org.1",
  "languageId" : 1,
  "owner" : "dotcms.org.1",
  "sortOrder" : 0,
  "disabledWysiwyg" : [ ],
  "fields" : {
    "hostName" : {
      "value" : "default",
      "type" : "Text"
    },
    "tagStorage" : {
      "value" : "8a7d5e23-da1e-420a-b4f0-471e7da8ea2d",
      "type" : "Custom"
    },
    "isDefault" : {
      "value" : true,
      "type" : "Bool-Hidden"
    },
    "isSystemHost" : {
      "value" : false,
      "type" : "Bool-Hidden"
    },
    "runDashboard" : {
      "value" : false,
      "type" : "Bool-Radio"
    }
  },
  "modelVersion" : "2"
}, {
  "inode" : "a9619879-7bbe-4696-b22b-f225f38f727b",
  "identifier" : "bc77076c27b378501bf3d1651a3d0f17",
  "contentType" : "d6fed088b09d1aef8f8817661d43841a",
  "modDate" : "2025-05-27T04:18:33.254Z",
  "baseType" : "CONTENT",
  "showOnMenu" : false,
  "modUser" : "dotcms.org.1",
  "languageId" : 1,
  "owner" : "dotcms.org.1",
  "sortOrder" : 0,
  "disabledWysiwyg" : [ "    " ],
  "fields" : {
    "titulo" : {
      "value" : "Ceviche de Pescado",
      "type" : "Text"
    },
    "descripcion" : {
      "value" : "<p>Cl&aacute;sico ceviche de pescado fresco con lim&oacute;n, cebolla y culantro.</p>",
      "type" : "Wysiwyg"
    },
    "precio" : {
      "value" : "2500",
      "type" : "Text"
    },
    "imagen1" : {
      "value" : "DSC_0318.jpg",
      "metadata" : {
        "isImage" : true,
        "sha256" : "b149248ee420bd24a531bbf1915f16b431549463326903d9999b14dc12f9979e",
        "name" : "DSC_0318.jpg",
        "contentType" : "image/jpeg"
      },
      "type" : "Binary"
    },
    "destacado" : {
      "value" : "no",
      "type" : "Text-Radio"
    }
  },
  "modelVersion" : "2"
}, {
  "inode" : "b62da8ad-b651-4d0a-aaf8-0b2256bb6f96",
  "identifier" : "44fae59d2fce7413ddfc63c6fd8df1aa",
  "contentType" : "f2a3721bde8451663a4ca05f1abf921c",
  "modDate" : "2025-05-27T05:13:19.783Z",
  "baseType" : "CONTENT",
  "showOnMenu" : false,
  "modUser" : "dotcms.org.1",
  "languageId" : 1,
  "owner" : "dotcms.org.1",
  "sortOrder" : 0,
  "disabledWysiwyg" : [ "  " ],
  "fields" : {
    "titulo" : {
      "value" : "Postre",
      "type" : "Text"
    }
  },
  "modelVersion" : "2"
}, {
  "inode" : "bd5f3263-aa19-4c92-ae0e-6b5c5305e837",
  "identifier" : "18dd9bb9b45b9da5fa7852523b561b0b",
  "contentType" : "d6fed088b09d1aef8f8817661d43841a",
  "modDate" : "2025-05-27T04:19:00.783Z",
  "baseType" : "CONTENT",
  "showOnMenu" : false,
  "modUser" : "dotcms.org.1",
  "languageId" : 1,
  "owner" : "dotcms.org.1",
  "sortOrder" : 0,
  "disabledWysiwyg" : [ "    " ],
  "fields" : {
    "titulo" : {
      "value" : "Gaseosas",
      "type" : "Text"
    },
    "descripcion" : {
      "value" : "<p>Coca-cola, Fanta Naranja, Fanta Kolita, etc</p>",
      "type" : "Wysiwyg"
    },
    "precio" : {
      "value" : "1000",
      "type" : "Text"
    },
    "destacado" : {
      "value" : "no",
      "type" : "Text-Radio"
    }
  },
  "modelVersion" : "2"
}, {
  "inode" : "d39eb67f-3d63-42e8-b809-d2e0a7189e17",
  "identifier" : "347c1236a88f2a779963b7ff24f876f1",
  "contentType" : "d6fed088b09d1aef8f8817661d43841a",
  "modDate" : "2025-05-26T00:00:02.687Z",
  "baseType" : "CONTENT",
  "showOnMenu" : false,
  "modUser" : "dotcms.org.1",
  "languageId" : 1,
  "owner" : "dotcms.org.1",
  "sortOrder" : 0,
  "disabledWysiwyg" : [ "" ],
  "fields" : {
    "titulo" : {
      "value" : "Pesca Del Dia",
      "type" : "Text"
    },
    "descripcion" : {
      "value" : "<p>Del mar a tu mesa: pescado fresco del d&iacute;a, preparado con el sabor aut&eacute;ntico de la costa.</p>",
      "type" : "Wysiwyg"
    },
    "precio" : {
      "value" : "7500",
      "type" : "Text"
    }
  },
  "modelVersion" : "2"
}, {
  "inode" : "dbdec5e2-c02b-4cfb-83a9-4a4c4f3b2eb0",
  "identifier" : "SYSTEM_HOST",
  "contentType" : "855a2d72-f2f3-4169-8b04-ac5157c4380c",
  "modDate" : "2023-05-25T21:56:50.282Z",
  "baseType" : "CONTENT",
  "showOnMenu" : false,
  "modUser" : "system",
  "languageId" : 1,
  "owner" : "system",
  "sortOrder" : 0,
  "disabledWysiwyg" : [ ],
  "fields" : {
    "hostName" : {
      "value" : "System Host",
      "type" : "Text"
    },
    "aliases" : {
      "value" : "",
      "type" : "TextArea"
    },
    "tagStorage" : {
      "value" : "",
      "type" : "Custom"
    },
    "isDefault" : {
      "value" : false,
      "type" : "Bool-Hidden"
    },
    "isSystemHost" : {
      "value" : true,
      "type" : "Bool-Hidden"
    },
    "runDashboard" : {
      "value" : false,
      "type" : "Bool-Radio"
    }
  },
  "modelVersion" : "2"
}, {
  "inode" : "dc8275f5-131f-4d53-b208-b09cac73ad20",
  "identifier" : "9a57e9fa7d2087764d4bb773bfe3fdd5",
  "contentType" : "f2a3721bde8451663a4ca05f1abf921c",
  "modDate" : "2025-05-27T04:17:37.117Z",
  "baseType" : "CONTENT",
  "showOnMenu" : false,
  "modUser" : "dotcms.org.1",
  "languageId" : 1,
  "owner" : "dotcms.org.1",
  "sortOrder" : 0,
  "disabledWysiwyg" : [ "" ],
  "fields" : {
    "titulo" : {
      "value" : "Entrada",
      "type" : "Text"
    }
  },
  "modelVersion" : "2"
}, {
  "inode" : "e104f793-d53e-417d-9313-57f6c9bf912b",
  "identifier" : "7ac8498f340f54645f72e8da33f57c71",
  "contentType" : "d6fed088b09d1aef8f8817661d43841a",
  "modDate" : "2025-05-27T03:25:14.212Z",
  "baseType" : "CONTENT",
  "showOnMenu" : false,
  "modUser" : "dotcms.org.1",
  "languageId" : 1,
  "owner" : "dotcms.org.1",
  "sortOrder" : 0,
  "disabledWysiwyg" : [ "  " ],
  "fields" : {
    "titulo" : {
      "value" : "Patacones",
      "type" : "Text"
    },
    "descripcion" : {
      "value" : "<p>Patacones</p>",
      "type" : "Wysiwyg"
    },
    "precio" : {
      "value" : "4000",
      "type" : "Text"
    },
    "destacado" : {
      "value" : "no",
      "type" : "Text-Radio"
    }
  },
  "modelVersion" : "2"
}, {
  "inode" : "e60ae2fd-fd50-48d8-a8ea-4a477ee95bb0",
  "identifier" : "869adf9f53fc58e391e98dd316906145",
  "contentType" : "d6fed088b09d1aef8f8817661d43841a",
  "modDate" : "2025-06-20T06:03:05.112Z",
  "baseType" : "CONTENT",
  "showOnMenu" : false,
  "modUser" : "dotcms.org.1",
  "languageId" : 1,
  "owner" : "dotcms.org.1",
  "sortOrder" : 0,
  "disabledWysiwyg" : [ "  " ],
  "fields" : {
    "titulo" : {
      "value" : "Cerveza",
      "type" : "Text"
    },
    "descripcion" : {
      "value" : "<p>Cervezas</p>",
      "type" : "Wysiwyg"
    },
    "precio" : {
      "value" : "1500",
      "type" : "Text"
    },
    "destacado" : {
      "value" : "no",
      "type" : "Text-Radio"
    }
  },
  "modelVersion" : "2"
}, {
  "inode" : "e95e5029-06f2-4bea-b191-8fd0c7420457",
  "identifier" : "f80462f82f4789f46652fec4cdc28874",
  "contentType" : "f2a3721bde8451663a4ca05f1abf921c",
  "modDate" : "2025-05-27T05:13:28.027Z",
  "baseType" : "CONTENT",
  "showOnMenu" : false,
  "modUser" : "dotcms.org.1",
  "languageId" : 1,
  "owner" : "dotcms.org.1",
  "sortOrder" : 0,
  "disabledWysiwyg" : [ "  " ],
  "fields" : {
    "titulo" : {
      "value" : "Principal",
      "type" : "Text"
    }
  },
  "modelVersion" : "2"
}, {
  "inode" : "fe8aa869-e8d6-4222-b6fa-6ae811f1467d",
  "identifier" : "7ac8498f340f54645f72e8da33f57c71",
  "contentType" : "d6fed088b09d1aef8f8817661d43841a",
  "modDate" : "2025-05-27T05:16:54.639Z",
  "baseType" : "CONTENT",
  "showOnMenu" : false,
  "modUser" : "dotcms.org.1",
  "languageId" : 1,
  "owner" : "dotcms.org.1",
  "sortOrder" : 0,
  "disabledWysiwyg" : [ "        " ],
  "fields" : {
    "titulo" : {
      "value" : "Patacones",
      "type" : "Text"
    },
    "descripcion" : {
      "value" : "<p>Patacones</p>",
      "type" : "Wysiwyg"
    },
    "precio" : {
      "value" : "4000",
      "type" : "Text"
    },
    "destacado" : {
      "value" : "si",
      "type" : "Text-Radio"
    }
  },
  "modelVersion" : "2"
} ]