[ {
  "parent" : "12fac04412db4faf0872910e6bbeeeb0",
  "child" : "0a98358b-0654-430b-ac4a-c834183421e0",
  "relationType" : "child",
  "treeOrder" : 0
}, {
  "parent" : "12fac04412db4faf0872910e6bbeeeb0",
  "child" : "4e2c19d9-ed17-44a3-86d7-569a77de26bc",
  "relationType" : "child",
  "treeOrder" : 0
}, {
  "parent" : "12fac04412db4faf0872910e6bbeeeb0",
  "child" : "6283402d-75eb-4eae-bd78-8db0b7b1c1b5",
  "relationType" : "child",
  "treeOrder" : 0
}, {
  "parent" : "12fac04412db4faf0872910e6bbeeeb0",
  "child" : "7c9faa60-b3e2-44d1-be76-ceb18e587f84",
  "relationType" : "child",
  "treeOrder" : 0
}, {
  "parent" : "12fac04412db4faf0872910e6bbeeeb0",
  "child" : "8f34cd9f-8f2d-433e-96ba-8dc57ef13c47",
  "relationType" : "child",
  "treeOrder" : 0
}, {
  "parent" : "12fac04412db4faf0872910e6bbeeeb0",
  "child" : "e104f793-d53e-417d-9313-57f6c9bf912b",
  "relationType" : "child",
  "treeOrder" : 0
}, {
  "parent" : "18dd9bb9b45b9da5fa7852523b561b0b",
  "child" : "7e2fd94025600f4f4a222f7ea71b9b83",
  "relationType" : "Menu.categoria",
  "treeOrder" : 1
}, {
  "parent" : "2c2ed9ba031358855f7f2a179e5bf19a",
  "child" : "12fac04412db4faf0872910e6bbeeeb0",
  "relationType" : "child",
  "treeOrder" : 0
}, {
  "parent" : "2c2ed9ba031358855f7f2a179e5bf19a",
  "child" : "62aa817afabcddc684f171774717424a",
  "relationType" : "child",
  "treeOrder" : 0
}, {
  "parent" : "2c2ed9ba031358855f7f2a179e5bf19a",
  "child" : "f837bd2fa21e1a89480ccf22f358df37",
  "relationType" : "child",
  "treeOrder" : 0
}, {
  "parent" : "347c1236a88f2a779963b7ff24f876f1",
  "child" : "f80462f82f4789f46652fec4cdc28874",
  "relationType" : "Menu.categoria",
  "treeOrder" : 1
}, {
  "parent" : "62aa817afabcddc684f171774717424a",
  "child" : "35d66034-2f95-4631-9142-9016d7361856",
  "relationType" : "child",
  "treeOrder" : 0
}, {
  "parent" : "62aa817afabcddc684f171774717424a",
  "child" : "4901870e-fcb5-4c53-948a-304b059e8bb0",
  "relationType" : "child",
  "treeOrder" : 0
}, {
  "parent" : "7ac8498f340f54645f72e8da33f57c71",
  "child" : "9a57e9fa7d2087764d4bb773bfe3fdd5",
  "relationType" : "Menu.categoria",
  "treeOrder" : 1
}, {
  "parent" : "7e2fd94025600f4f4a222f7ea71b9b83",
  "child" : "18dd9bb9b45b9da5fa7852523b561b0b",
  "relationType" : "Categoria.menu",
  "treeOrder" : 3
}, {
  "parent" : "7e2fd94025600f4f4a222f7ea71b9b83",
  "child" : "869adf9f53fc58e391e98dd316906145",
  "relationType" : "Categoria.menu",
  "treeOrder" : 2
}, {
  "parent" : "869adf9f53fc58e391e98dd316906145",
  "child" : "7e2fd94025600f4f4a222f7ea71b9b83",
  "relationType" : "Menu.categoria",
  "treeOrder" : 1
}, {
  "parent" : "87c7fcbd26d9ab6d0f8d3df3527ab946",
  "child" : "547c03b5269d9bc4873ffedda9b6f0b5",
  "relationType" : "child",
  "treeOrder" : 0
}, {
  "parent" : "87c7fcbd26d9ab6d0f8d3df3527ab946",
  "child" : "c758e094fc9009b23242f01633c48708",
  "relationType" : "child",
  "treeOrder" : 0
}, {
  "parent" : "87c7fcbd26d9ab6d0f8d3df3527ab946",
  "child" : "ea86cfcc476620b0d6162431165096c8",
  "relationType" : "child",
  "treeOrder" : 0
}, {
  "parent" : "bc77076c27b378501bf3d1651a3d0f17",
  "child" : "9a57e9fa7d2087764d4bb773bfe3fdd5",
  "relationType" : "Menu.categoria",
  "treeOrder" : 1
}, {
  "parent" : "f837bd2fa21e1a89480ccf22f358df37",
  "child" : "863a61d2-a80b-4fcc-80bd-2b0e4fcbee8b",
  "relationType" : "child",
  "treeOrder" : 0
}, {
  "parent" : "f837bd2fa21e1a89480ccf22f358df37",
  "child" : "d39eb67f-3d63-42e8-b809-d2e0a7189e17",
  "relationType" : "child",
  "treeOrder" : 0
} ]