[ {
  "id" : "0c7104291a673c2d49155b11c11c7a6e",
  "assetName" : "content.6bcbec3b-7c64-4486-9ea0-e807b41b3be3",
  "assetType" : "contentlet",
  "parentPath" : "/",
  "hostId" : "8a7d5e23-da1e-420a-b4f0-471e7da8ea2d",
  "sysPublishDate" : null,
  "sysExpireDate" : null,
  "owner" : "dotcms.org.1",
  "createDate" : "2025-06-22T21:16:04.330+00:00",
  "assetSubType" : "Menu",
  "parentPermissionable" : null
}, {
  "id" : "0e29d502b504dc8853482cca23064839",
  "assetName" : "content.997e4eaa-8754-47ec-acab-f9b4bc099b39",
  "assetType" : "contentlet",
  "parentPath" : "/",
  "hostId" : "8a7d5e23-da1e-420a-b4f0-471e7da8ea2d",
  "sysPublishDate" : null,
  "sysExpireDate" : null,
  "owner" : "dotcms.org.1",
  "createDate" : "2025-06-22T21:17:31.455+00:00",
  "assetSubType" : "Menu",
  "parentPermissionable" : null
}, {
  "id" : "18506fe702147b518d51b68189be316a",
  "assetName" : "content.b093d113-db60-43a0-9a32-dd26af8e8071",
  "assetType" : "contentlet",
  "parentPath" : "/",
  "hostId" : "8a7d5e23-da1e-420a-b4f0-471e7da8ea2d",
  "sysPublishDate" : null,
  "sysExpireDate" : null,
  "owner" : "dotcms.org.1",
  "createDate" : "2025-06-22T21:14:25.951+00:00",
  "assetSubType" : "Menu",
  "parentPermissionable" : null
}, {
  "id" : "18dd9bb9b45b9da5fa7852523b561b0b",
  "assetName" : "content.4901870e-fcb5-4c53-948a-304b059e8bb0",
  "assetType" : "contentlet",
  "parentPath" : "/",
  "hostId" : "8a7d5e23-da1e-420a-b4f0-471e7da8ea2d",
  "sysPublishDate" : null,
  "sysExpireDate" : null,
  "owner" : "dotcms.org.1",
  "createDate" : "2025-05-25T23:57:16.310+00:00",
  "assetSubType" : "Menu",
  "parentPermissionable" : null
}, {
  "id" : "1c67e9124578780060d3dd818f7502b4",
  "assetName" : "content.dae67fa2-812c-4e2a-bf21-e61d39c6b7c1",
  "assetType" : "contentlet",
  "parentPath" : "/",
  "hostId" : "8a7d5e23-da1e-420a-b4f0-471e7da8ea2d",
  "sysPublishDate" : null,
  "sysExpireDate" : null,
  "owner" : "dotcms.org.1",
  "createDate" : "2025-06-22T17:44:20.105+00:00",
  "assetSubType" : "Menu",
  "parentPermissionable" : null
}, {
  "id" : "347c1236a88f2a779963b7ff24f876f1",
  "assetName" : "content.d39eb67f-3d63-42e8-b809-d2e0a7189e17",
  "assetType" : "contentlet",
  "parentPath" : "/",
  "hostId" : "8a7d5e23-da1e-420a-b4f0-471e7da8ea2d",
  "sysPublishDate" : null,
  "sysExpireDate" : null,
  "owner" : "dotcms.org.1",
  "createDate" : "2025-05-26T00:00:02.690+00:00",
  "assetSubType" : "Menu",
  "parentPermissionable" : null
}, {
  "id" : "44fae59d2fce7413ddfc63c6fd8df1aa",
  "assetName" : "content.0e3d7999-751e-4929-829f-c17fd8dfba2a",
  "assetType" : "contentlet",
  "parentPath" : "/",
  "hostId" : "8a7d5e23-da1e-420a-b4f0-471e7da8ea2d",
  "sysPublishDate" : null,
  "sysExpireDate" : null,
  "owner" : "dotcms.org.1",
  "createDate" : "2025-05-27T05:11:27.054+00:00",
  "assetSubType" : "Categoria",
  "parentPermissionable" : null
}, {
  "id" : "5bef0604a46f33e1c81f3bfe3152d99b",
  "assetName" : "content.09cd9e0c-fda0-4d53-98d2-e9fcd0be37de",
  "assetType" : "contentlet",
  "parentPath" : "/",
  "hostId" : "8a7d5e23-da1e-420a-b4f0-471e7da8ea2d",
  "sysPublishDate" : null,
  "sysExpireDate" : null,
  "owner" : "dotcms.org.1",
  "createDate" : "2025-06-22T21:18:15.376+00:00",
  "assetSubType" : "Menu",
  "parentPermissionable" : null
}, {
  "id" : "6ad9fbbdf3521f4c3ea5fbdf88361dcc",
  "assetName" : "content.a59924d6-766f-44f0-a016-fb450b80804a",
  "assetType" : "contentlet",
  "parentPath" : "/",
  "hostId" : "8a7d5e23-da1e-420a-b4f0-471e7da8ea2d",
  "sysPublishDate" : null,
  "sysExpireDate" : null,
  "owner" : "dotcms.org.1",
  "createDate" : "2025-06-22T21:13:31.620+00:00",
  "assetSubType" : "Menu",
  "parentPermissionable" : null
}, {
  "id" : "711ebf8c015bb795c7093ce57023f60c",
  "assetName" : "content.fc429d12-ea4e-4158-a66f-39993e2288fc",
  "assetType" : "contentlet",
  "parentPath" : "/",
  "hostId" : "8a7d5e23-da1e-420a-b4f0-471e7da8ea2d",
  "sysPublishDate" : null,
  "sysExpireDate" : null,
  "owner" : "dotcms.org.1",
  "createDate" : "2025-06-22T21:16:38.284+00:00",
  "assetSubType" : "Menu",
  "parentPermissionable" : null
}, {
  "id" : "7ac8498f340f54645f72e8da33f57c71",
  "assetName" : "content.4e2c19d9-ed17-44a3-86d7-569a77de26bc",
  "assetType" : "contentlet",
  "parentPath" : "/",
  "hostId" : "8a7d5e23-da1e-420a-b4f0-471e7da8ea2d",
  "sysPublishDate" : null,
  "sysExpireDate" : null,
  "owner" : "dotcms.org.1",
  "createDate" : "2025-05-26T00:00:54.783+00:00",
  "assetSubType" : "Menu",
  "parentPermissionable" : null
}, {
  "id" : "7e2fd94025600f4f4a222f7ea71b9b83",
  "assetName" : "content.06af1cd4-cddd-4b38-9114-81b97f4d628f",
  "assetType" : "contentlet",
  "parentPath" : "/",
  "hostId" : "8a7d5e23-da1e-420a-b4f0-471e7da8ea2d",
  "sysPublishDate" : null,
  "sysExpireDate" : null,
  "owner" : "dotcms.org.1",
  "createDate" : "2025-05-27T04:17:47.915+00:00",
  "assetSubType" : "Categoria",
  "parentPermissionable" : null
}, {
  "id" : "869adf9f53fc58e391e98dd316906145",
  "assetName" : "content.3fa24c86-4c44-4adc-b6cb-3928ede48e11",
  "assetType" : "contentlet",
  "parentPath" : "/",
  "hostId" : "8a7d5e23-da1e-420a-b4f0-471e7da8ea2d",
  "sysPublishDate" : null,
  "sysExpireDate" : null,
  "owner" : "dotcms.org.1",
  "createDate" : "2025-06-20T03:12:59.978+00:00",
  "assetSubType" : "Menu",
  "parentPermissionable" : null
}, {
  "id" : "8a7d5e23-da1e-420a-b4f0-471e7da8ea2d",
  "assetName" : "content.ff462f88-d9e1-4d31-b084-b73cb61976d3",
  "assetType" : "contentlet",
  "parentPath" : "/",
  "hostId" : "SYSTEM_HOST",
  "sysPublishDate" : null,
  "sysExpireDate" : null,
  "owner" : "dotcms.org.1",
  "createDate" : "2017-12-05T18:37:15.000+00:00",
  "assetSubType" : "Host",
  "parentPermissionable" : null
}, {
  "id" : "9a57e9fa7d2087764d4bb773bfe3fdd5",
  "assetName" : "content.dc8275f5-131f-4d53-b208-b09cac73ad20",
  "assetType" : "contentlet",
  "parentPath" : "/",
  "hostId" : "8a7d5e23-da1e-420a-b4f0-471e7da8ea2d",
  "sysPublishDate" : null,
  "sysExpireDate" : null,
  "owner" : "dotcms.org.1",
  "createDate" : "2025-05-27T04:17:37.123+00:00",
  "assetSubType" : "Categoria",
  "parentPermissionable" : null
}, {
  "id" : "a083e942-5fb0-47ef-9619-6f8f40593474",
  "assetName" : "content.52f6c0e2-7978-483b-a0a2-c589044db9e7",
  "assetType" : "contentlet",
  "parentPath" : "/",
  "hostId" : "SYSTEM_HOST",
  "sysPublishDate" : null,
  "sysExpireDate" : null,
  "owner" : "system",
  "createDate" : "2021-06-14T21:32:16.811+00:00",
  "assetSubType" : "DotAsset",
  "parentPermissionable" : null
}, {
  "id" : "bc77076c27b378501bf3d1651a3d0f17",
  "assetName" : "content.8f34cd9f-8f2d-433e-96ba-8dc57ef13c47",
  "assetType" : "contentlet",
  "parentPath" : "/",
  "hostId" : "8a7d5e23-da1e-420a-b4f0-471e7da8ea2d",
  "sysPublishDate" : null,
  "sysExpireDate" : null,
  "owner" : "dotcms.org.1",
  "createDate" : "2025-05-25T23:53:26.350+00:00",
  "assetSubType" : "Menu",
  "parentPermissionable" : null
}, {
  "id" : "ebbc4df0f247b8d917cb2cc34e4c9ebf",
  "assetName" : "content.bd212823-a645-4f95-860f-d55d66140b5a",
  "assetType" : "contentlet",
  "parentPath" : "/",
  "hostId" : "8a7d5e23-da1e-420a-b4f0-471e7da8ea2d",
  "sysPublishDate" : null,
  "sysExpireDate" : null,
  "owner" : "dotcms.org.1",
  "createDate" : "2025-06-22T21:12:53.947+00:00",
  "assetSubType" : "Menu",
  "parentPermissionable" : null
}, {
  "id" : "f80462f82f4789f46652fec4cdc28874",
  "assetName" : "content.6a4eef6d-6d4d-416f-9e56-66c5bdaf1cc4",
  "assetType" : "contentlet",
  "parentPath" : "/",
  "hostId" : "8a7d5e23-da1e-420a-b4f0-471e7da8ea2d",
  "sysPublishDate" : null,
  "sysExpireDate" : null,
  "owner" : "dotcms.org.1",
  "createDate" : "2025-05-27T04:18:01.103+00:00",
  "assetSubType" : "Categoria",
  "parentPermissionable" : null
}, {
  "id" : "ff63d163-7958-41fc-b637-561e0aa9ac12",
  "assetName" : "content.d3907755-4c7f-447f-b783-285171b70b82",
  "assetType" : "contentlet",
  "parentPath" : "/",
  "hostId" : "8a7d5e23-da1e-420a-b4f0-471e7da8ea2d",
  "sysPublishDate" : null,
  "sysExpireDate" : null,
  "owner" : "dotcms.org.1",
  "createDate" : "2025-06-22T21:18:20.195+00:00",
  "assetSubType" : "Menu",
  "parentPermissionable" : null
}, {
  "id" : "ff6cafba20d7b8ed81659b194636d0e2",
  "assetName" : "content.302dc99b-30f1-4e3b-a078-5bb8f143b0bb",
  "assetType" : "contentlet",
  "parentPath" : "/",
  "hostId" : "8a7d5e23-da1e-420a-b4f0-471e7da8ea2d",
  "sysPublishDate" : null,
  "sysExpireDate" : null,
  "owner" : "dotcms.org.1",
  "createDate" : "2025-06-22T21:17:14.642+00:00",
  "assetSubType" : "Menu",
  "parentPermissionable" : null
}, {
  "id" : "SYSTEM_HOST",
  "assetName" : "system host",
  "assetType" : "contentlet",
  "parentPath" : "/",
  "hostId" : "SYSTEM_HOST",
  "sysPublishDate" : null,
  "sysExpireDate" : null,
  "owner" : "system",
  "createDate" : "2009-11-17T12:55:33.000+00:00",
  "assetSubType" : "Host",
  "parentPermissionable" : null
}, {
  "id" : "bc9a1d37-dd2d-4d49-a29d-0c9be740bfaf",
  "assetName" : "system folder",
  "assetType" : "folder",
  "parentPath" : "/System folder",
  "hostId" : "SYSTEM_HOST",
  "sysPublishDate" : null,
  "sysExpireDate" : null,
  "owner" : "system",
  "createDate" : "2009-10-08T16:27:18.000+00:00",
  "assetSubType" : null,
  "parentPermissionable" : null
} ]