[ {
  "id" : 5,
  "inode" : "4958588d-9c8e-40e4-bfcb-4ded40bd099f",
  "permission" : 1,
  "type" : "individual",
  "bitPermission" : false,
  "individualPermission" : true,
  "roleId" : "c3eb4526-6d96-48d8-9540-e5fa560cfc0f"
}, {
  "id" : 14,
  "inode" : "000ec468-0a63-4283-beb7-fcb36c107b2f",
  "permission" : 1,
  "type" : "individual",
  "bitPermission" : false,
  "individualPermission" : true,
  "roleId" : "c3eb4526-6d96-48d8-9540-e5fa560cfc0f"
}, {
  "id" : 15,
  "inode" : "134a50d3-782d-43de-8877-42c0be1c86a4",
  "permission" : 1,
  "type" : "individual",
  "bitPermission" : false,
  "individualPermission" : true,
  "roleId" : "617f7300-5c7b-463f-9554-380b918520bc"
}, {
  "id" : 23,
  "inode" : "SYSTEM_HOST",
  "permission" : 1,
  "type" : "com.dotmarketing.beans.Host",
  "bitPermission" : false,
  "individualPermission" : false,
  "roleId" : "654b0931-1027-41f7-ad4d-173115ed8ec1"
}, {
  "id" : 24,
  "inode" : "SYSTEM_HOST",
  "permission" : 1,
  "type" : "com.dotmarketing.portlets.folders.model.Folder",
  "bitPermission" : false,
  "individualPermission" : false,
  "roleId" : "654b0931-1027-41f7-ad4d-173115ed8ec1"
}, {
  "id" : 25,
  "inode" : "SYSTEM_HOST",
  "permission" : 1,
  "type" : "com.dotmarketing.portlets.links.model.Link",
  "bitPermission" : false,
  "individualPermission" : false,
  "roleId" : "654b0931-1027-41f7-ad4d-173115ed8ec1"
}, {
  "id" : 26,
  "inode" : "SYSTEM_HOST",
  "permission" : 1,
  "type" : "com.dotmarketing.portlets.contentlet.model.Contentlet",
  "bitPermission" : false,
  "individualPermission" : false,
  "roleId" : "654b0931-1027-41f7-ad4d-173115ed8ec1"
}, {
  "id" : 27,
  "inode" : "SYSTEM_HOST",
  "permission" : 1,
  "type" : "com.dotmarketing.portlets.htmlpageasset.model.IHTMLPage",
  "bitPermission" : false,
  "individualPermission" : false,
  "roleId" : "654b0931-1027-41f7-ad4d-173115ed8ec1"
}, {
  "id" : 28,
  "inode" : "SYSTEM_HOST",
  "permission" : 1,
  "type" : "com.dotmarketing.portlets.structure.model.Structure",
  "bitPermission" : false,
  "individualPermission" : false,
  "roleId" : "654b0931-1027-41f7-ad4d-173115ed8ec1"
}, {
  "id" : 29,
  "inode" : "SYSTEM_HOST",
  "permission" : 1,
  "type" : "com.dotmarketing.portlets.categories.model.Category",
  "bitPermission" : false,
  "individualPermission" : false,
  "roleId" : "654b0931-1027-41f7-ad4d-173115ed8ec1"
}, {
  "id" : 30,
  "inode" : "4da13a42-5d59-480c-ad8f-94a3adf809fe",
  "permission" : 1,
  "type" : "individual",
  "bitPermission" : false,
  "individualPermission" : true,
  "roleId" : "617f7300-5c7b-463f-9554-380b918520bc"
}, {
  "id" : 31,
  "inode" : "963f6a04-5320-42e7-ab74-6d876d199946",
  "permission" : 1,
  "type" : "individual",
  "bitPermission" : false,
  "individualPermission" : true,
  "roleId" : "654b0931-1027-41f7-ad4d-173115ed8ec1"
}, {
  "id" : 32,
  "inode" : "777f1c6b-c877-4a37-ba4b-10627316c2cc",
  "permission" : 1,
  "type" : "individual",
  "bitPermission" : false,
  "individualPermission" : true,
  "roleId" : "c3eb4526-6d96-48d8-9540-e5fa560cfc0f"
}, {
  "id" : 33,
  "inode" : "1e0f1c6b-b67f-4c99-983d-db2b4bfa88b2",
  "permission" : 1,
  "type" : "individual",
  "bitPermission" : false,
  "individualPermission" : true,
  "roleId" : "c3eb4526-6d96-48d8-9540-e5fa560cfc0f"
}, {
  "id" : 34,
  "inode" : "b9d89c80-3d88-4311-8365-187323c96436",
  "permission" : 1,
  "type" : "individual",
  "bitPermission" : false,
  "individualPermission" : true,
  "roleId" : "c3eb4526-6d96-48d8-9540-e5fa560cfc0f"
}, {
  "id" : 35,
  "inode" : "ceca71a0-deee-4999-bd47-b01baa1bcfc8",
  "permission" : 1,
  "type" : "individual",
  "bitPermission" : false,
  "individualPermission" : true,
  "roleId" : "617f7300-5c7b-463f-9554-380b918520bc"
}, {
  "id" : 36,
  "inode" : "c92f9aa1-9503-4567-ac30-d3242b54d02d",
  "permission" : 1,
  "type" : "individual",
  "bitPermission" : false,
  "individualPermission" : true,
  "roleId" : "617f7300-5c7b-463f-9554-380b918520bc"
}, {
  "id" : 37,
  "inode" : "38efc763-d78f-4e4b-b092-59cd8c579b93",
  "permission" : 1,
  "type" : "individual",
  "bitPermission" : false,
  "individualPermission" : true,
  "roleId" : "c3eb4526-6d96-48d8-9540-e5fa560cfc0f"
}, {
  "id" : 39,
  "inode" : "dd4c4b7c-e9d3-4dc0-8fbf-36102f9c6324",
  "permission" : 1,
  "type" : "individual",
  "bitPermission" : false,
  "individualPermission" : true,
  "roleId" : "654b0931-1027-41f7-ad4d-173115ed8ec1"
}, {
  "id" : 40,
  "inode" : "ce930143870e11569f93f8a9fff5da19",
  "permission" : 15,
  "type" : "individual",
  "bitPermission" : false,
  "individualPermission" : true,
  "roleId" : "6b1fa42f-8729-4625-80d1-17e4ef691ce7"
}, {
  "id" : 41,
  "inode" : "ff63d163-7958-41fc-b637-561e0aa9ac12",
  "permission" : 1,
  "type" : "individual",
  "bitPermission" : false,
  "individualPermission" : true,
  "roleId" : "654b0931-1027-41f7-ad4d-173115ed8ec1"
} ]