[ {
  "userId" : "",
  "tagName" : "ceviche",
  "tagId" : "1ee0f5a9-a01d-4c38-b140-aa6224fde710",
  "persona" : false,
  "modDate" : "2025-05-25T23:53:26.538+00:00",
  "hostId" : "8a7d5e23-da1e-420a-b4f0-471e7da8ea2d"
}, {
  "userId" : "",
  "tagName" : "gaseosas",
  "tagId" : "53e976f3-64e5-4fdb-8af8-68f11cea08cf",
  "persona" : false,
  "modDate" : "2025-05-25T23:57:16.354+00:00",
  "hostId" : "8a7d5e23-da1e-420a-b4f0-471e7da8ea2d"
}, {
  "userId" : "",
  "tagName" : "gluten-free",
  "tagId" : "890c75d9-da82-4633-a215-a1a9f57c6923",
  "persona" : false,
  "modDate" : "2025-05-25T23:53:26.547+00:00",
  "hostId" : "8a7d5e23-da1e-420a-b4f0-471e7da8ea2d"
}, {
  "userId" : "",
  "tagName" : "coca-cola",
  "tagId" : "8aaa6db9-0b83-4710-b5da-76e8732705e3",
  "persona" : false,
  "modDate" : "2025-05-25T23:57:16.359+00:00",
  "hostId" : "8a7d5e23-da1e-420a-b4f0-471e7da8ea2d"
}, {
  "userId" : "",
  "tagName" : "bebida",
  "tagId" : "8e5fcdf4-16a7-4d55-8f03-45f9a97bbdc1",
  "persona" : false,
  "modDate" : "2025-05-25T23:57:16.351+00:00",
  "hostId" : "8a7d5e23-da1e-420a-b4f0-471e7da8ea2d"
}, {
  "userId" : "",
  "tagName" : "entrada",
  "tagId" : "a6fd932b-f663-4439-8bd2-a641995dc68a",
  "persona" : false,
  "modDate" : "2025-05-25T23:53:26.545+00:00",
  "hostId" : "8a7d5e23-da1e-420a-b4f0-471e7da8ea2d"
}, {
  "userId" : "",
  "tagName" : "pescado",
  "tagId" : "c6ccae99-84bc-4579-bf26-3b1b4ac6a25f",
  "persona" : false,
  "modDate" : "2025-05-26T00:00:02.729+00:00",
  "hostId" : "8a7d5e23-da1e-420a-b4f0-471e7da8ea2d"
}, {
  "userId" : "",
  "tagName" : "principal",
  "tagId" : "f87752e6-80d0-4cfc-b0d4-468034594384",
  "persona" : false,
  "modDate" : "2025-05-26T00:00:02.735+00:00",
  "hostId" : "8a7d5e23-da1e-420a-b4f0-471e7da8ea2d"
} ]