[ {
  "id" : "065caec4-43b1-46f2-8e8a-b0ec68349c90",
  "creationDate" : "2025-05-27T05:11:27.108+00:00",
  "modDate" : "2025-05-27T05:13:19.866+00:00",
  "dueDate" : null,
  "createdBy" : "e7d4e34e-5127-45fc-8123-d48b62d510e3",
  "assignedTo" : "e7d4e34e-5127-45fc-8123-d48b62d510e3",
  "belongsTo" : null,
  "title" : "Postre",
  "description" : "",
  "status" : "dc3c9cd0-8467-404b-bf95-cb7df3fbc293",
  "webasset" : "44fae59d2fce7413ddfc63c6fd8df1aa",
  "languageId" : 1,
  "inode" : "065caec4-43b1-46f2-8e8a-b0ec68349c90",
  "new" : false
}, {
  "id" : "09d4933d-e7b2-48da-b826-778fe0f1bfcf",
  "creationDate" : "2021-06-14T21:32:16.947+00:00",
  "modDate" : "2021-06-14T21:32:16.948+00:00",
  "dueDate" : null,
  "createdBy" : "2adccac3-a56b-4078-be40-94e343f20712",
  "assignedTo" : "2adccac3-a56b-4078-be40-94e343f20712",
  "belongsTo" : null,
  "title" : "company_logo.png",
  "description" : null,
  "status" : "dc3c9cd0-8467-404b-bf95-cb7df3fbc293",
  "webasset" : "a083e942-5fb0-47ef-9619-6f8f40593474",
  "languageId" : 1,
  "inode" : "09d4933d-e7b2-48da-b826-778fe0f1bfcf",
  "new" : false
}, {
  "id" : "0f7be3f0-5023-4df6-aefe-98c714f67c28",
  "creationDate" : "2025-06-20T06:07:22.198+00:00",
  "modDate" : "2025-06-20T06:07:22.198+00:00",
  "dueDate" : null,
  "createdBy" : "e7d4e34e-5127-45fc-8123-d48b62d510e3",
  "assignedTo" : "e7d4e34e-5127-45fc-8123-d48b62d510e3",
  "belongsTo" : null,
  "title" : "menu",
  "description" : "",
  "status" : "dc3c9cd0-8467-404b-bf95-cb7df3fbc293",
  "webasset" : "30926b6d7de972616465474ae8d63f8f",
  "languageId" : 1,
  "inode" : "0f7be3f0-5023-4df6-aefe-98c714f67c28",
  "new" : false
}, {
  "id" : "3c63620f-60dc-4579-9a83-8b34e0e41931",
  "creationDate" : "2025-06-20T06:01:32.453+00:00",
  "modDate" : "2025-06-20T06:01:32.454+00:00",
  "dueDate" : null,
  "createdBy" : "e7d4e34e-5127-45fc-8123-d48b62d510e3",
  "assignedTo" : "e7d4e34e-5127-45fc-8123-d48b62d510e3",
  "belongsTo" : null,
  "title" : "index",
  "description" : "",
  "status" : "dc3c9cd0-8467-404b-bf95-cb7df3fbc293",
  "webasset" : "62f01d7eb87b4e32e9c76f44e9193f35",
  "languageId" : 1,
  "inode" : "3c63620f-60dc-4579-9a83-8b34e0e41931",
  "new" : false
}, {
  "id" : "3ec4843f-10bb-400d-9ab8-ae1ae56abe6c",
  "creationDate" : "2025-05-27T04:17:37.263+00:00",
  "modDate" : "2025-05-27T05:13:43.368+00:00",
  "dueDate" : null,
  "createdBy" : "e7d4e34e-5127-45fc-8123-d48b62d510e3",
  "assignedTo" : "e7d4e34e-5127-45fc-8123-d48b62d510e3",
  "belongsTo" : null,
  "title" : "Entrada",
  "description" : "",
  "status" : "dc3c9cd0-8467-404b-bf95-cb7df3fbc293",
  "webasset" : "9a57e9fa7d2087764d4bb773bfe3fdd5",
  "languageId" : 1,
  "inode" : "3ec4843f-10bb-400d-9ab8-ae1ae56abe6c",
  "new" : false
}, {
  "id" : "4ddb0f05-ee88-4a25-a5fd-f2ec0ae51a9c",
  "creationDate" : "2025-05-26T00:00:02.838+00:00",
  "modDate" : "2025-05-27T04:19:12.802+00:00",
  "dueDate" : null,
  "createdBy" : "e7d4e34e-5127-45fc-8123-d48b62d510e3",
  "assignedTo" : "e7d4e34e-5127-45fc-8123-d48b62d510e3",
  "belongsTo" : null,
  "title" : "Pesca Del Dia",
  "description" : "",
  "status" : "dc3c9cd0-8467-404b-bf95-cb7df3fbc293",
  "webasset" : "347c1236a88f2a779963b7ff24f876f1",
  "languageId" : 1,
  "inode" : "4ddb0f05-ee88-4a25-a5fd-f2ec0ae51a9c",
  "new" : false
}, {
  "id" : "5dfadd7f-09d8-4ba1-9775-8f6bc1368adc",
  "creationDate" : "2025-05-26T00:00:54.883+00:00",
  "modDate" : "2025-05-27T05:17:34.271+00:00",
  "dueDate" : null,
  "createdBy" : "e7d4e34e-5127-45fc-8123-d48b62d510e3",
  "assignedTo" : "e7d4e34e-5127-45fc-8123-d48b62d510e3",
  "belongsTo" : null,
  "title" : "Patacones",
  "description" : "",
  "status" : "dc3c9cd0-8467-404b-bf95-cb7df3fbc293",
  "webasset" : "7ac8498f340f54645f72e8da33f57c71",
  "languageId" : 1,
  "inode" : "5dfadd7f-09d8-4ba1-9775-8f6bc1368adc",
  "new" : false
}, {
  "id" : "7a1b4dbd-6ebc-4f5f-acbd-754e73c8d89b",
  "creationDate" : "2025-06-20T03:13:00.320+00:00",
  "modDate" : "2025-06-20T06:20:30.192+00:00",
  "dueDate" : null,
  "createdBy" : "e7d4e34e-5127-45fc-8123-d48b62d510e3",
  "assignedTo" : "e7d4e34e-5127-45fc-8123-d48b62d510e3",
  "belongsTo" : null,
  "title" : "Cerveza",
  "description" : "",
  "status" : "dc3c9cd0-8467-404b-bf95-cb7df3fbc293",
  "webasset" : "869adf9f53fc58e391e98dd316906145",
  "languageId" : 1,
  "inode" : "7a1b4dbd-6ebc-4f5f-acbd-754e73c8d89b",
  "new" : false
}, {
  "id" : "9a9e9f29-b041-4aca-925e-081801d0f35c",
  "creationDate" : "2025-05-25T23:53:26.717+00:00",
  "modDate" : "2025-05-27T04:18:33.447+00:00",
  "dueDate" : null,
  "createdBy" : "e7d4e34e-5127-45fc-8123-d48b62d510e3",
  "assignedTo" : "e7d4e34e-5127-45fc-8123-d48b62d510e3",
  "belongsTo" : null,
  "title" : "Ceviche de Pescado",
  "description" : "",
  "status" : "dc3c9cd0-8467-404b-bf95-cb7df3fbc293",
  "webasset" : "bc77076c27b378501bf3d1651a3d0f17",
  "languageId" : 1,
  "inode" : "9a9e9f29-b041-4aca-925e-081801d0f35c",
  "new" : false
}, {
  "id" : "ab999804-8231-43c8-9734-9046b5830829",
  "creationDate" : "2025-05-27T04:17:47.995+00:00",
  "modDate" : "2025-06-20T03:13:15.930+00:00",
  "dueDate" : null,
  "createdBy" : "e7d4e34e-5127-45fc-8123-d48b62d510e3",
  "assignedTo" : "e7d4e34e-5127-45fc-8123-d48b62d510e3",
  "belongsTo" : null,
  "title" : "Bebida",
  "description" : "",
  "status" : "dc3c9cd0-8467-404b-bf95-cb7df3fbc293",
  "webasset" : "7e2fd94025600f4f4a222f7ea71b9b83",
  "languageId" : 1,
  "inode" : "ab999804-8231-43c8-9734-9046b5830829",
  "new" : false
}, {
  "id" : "ac00bff8-1026-46a2-afe8-4e627c9fccf4",
  "creationDate" : "2025-05-25T23:57:16.488+00:00",
  "modDate" : "2025-05-27T05:21:25.934+00:00",
  "dueDate" : null,
  "createdBy" : "e7d4e34e-5127-45fc-8123-d48b62d510e3",
  "assignedTo" : "e7d4e34e-5127-45fc-8123-d48b62d510e3",
  "belongsTo" : null,
  "title" : "Gaseosas",
  "description" : "",
  "status" : "dc3c9cd0-8467-404b-bf95-cb7df3fbc293",
  "webasset" : "18dd9bb9b45b9da5fa7852523b561b0b",
  "languageId" : 1,
  "inode" : "ac00bff8-1026-46a2-afe8-4e627c9fccf4",
  "new" : false
}, {
  "id" : "f75d4a49-6348-4359-9758-b93a00df7608",
  "creationDate" : "2025-05-27T04:18:01.189+00:00",
  "modDate" : "2025-05-27T05:13:28.165+00:00",
  "dueDate" : null,
  "createdBy" : "e7d4e34e-5127-45fc-8123-d48b62d510e3",
  "assignedTo" : "e7d4e34e-5127-45fc-8123-d48b62d510e3",
  "belongsTo" : null,
  "title" : "Principal",
  "description" : "",
  "status" : "dc3c9cd0-8467-404b-bf95-cb7df3fbc293",
  "webasset" : "f80462f82f4789f46652fec4cdc28874",
  "languageId" : 1,
  "inode" : "f75d4a49-6348-4359-9758-b93a00df7608",
  "new" : false
} ]