[ {
  "id" : "18dd9bb9b45b9da5fa7852523b561b0b",
  "assetName" : "content.4901870e-fcb5-4c53-948a-304b059e8bb0",
  "assetType" : "contentlet",
  "parentPath" : "/",
  "hostId" : "8a7d5e23-da1e-420a-b4f0-471e7da8ea2d",
  "sysPublishDate" : null,
  "sysExpireDate" : null,
  "owner" : "dotcms.org.1",
  "createDate" : "2025-05-25T23:57:16.310+00:00",
  "assetSubType" : "Menu",
  "parentPermissionable" : null
}, {
  "id" : "347c1236a88f2a779963b7ff24f876f1",
  "assetName" : "content.d39eb67f-3d63-42e8-b809-d2e0a7189e17",
  "assetType" : "contentlet",
  "parentPath" : "/",
  "hostId" : "8a7d5e23-da1e-420a-b4f0-471e7da8ea2d",
  "sysPublishDate" : null,
  "sysExpireDate" : null,
  "owner" : "dotcms.org.1",
  "createDate" : "2025-05-26T00:00:02.690+00:00",
  "assetSubType" : "Menu",
  "parentPermissionable" : null
}, {
  "id" : "44fae59d2fce7413ddfc63c6fd8df1aa",
  "assetName" : "content.0e3d7999-751e-4929-829f-c17fd8dfba2a",
  "assetType" : "contentlet",
  "parentPath" : "/",
  "hostId" : "8a7d5e23-da1e-420a-b4f0-471e7da8ea2d",
  "sysPublishDate" : null,
  "sysExpireDate" : null,
  "owner" : "dotcms.org.1",
  "createDate" : "2025-05-27T05:11:27.054+00:00",
  "assetSubType" : "Categoria",
  "parentPermissionable" : null
}, {
  "id" : "7ac8498f340f54645f72e8da33f57c71",
  "assetName" : "content.4e2c19d9-ed17-44a3-86d7-569a77de26bc",
  "assetType" : "contentlet",
  "parentPath" : "/",
  "hostId" : "8a7d5e23-da1e-420a-b4f0-471e7da8ea2d",
  "sysPublishDate" : null,
  "sysExpireDate" : null,
  "owner" : "dotcms.org.1",
  "createDate" : "2025-05-26T00:00:54.783+00:00",
  "assetSubType" : "Menu",
  "parentPermissionable" : null
}, {
  "id" : "7e2fd94025600f4f4a222f7ea71b9b83",
  "assetName" : "content.06af1cd4-cddd-4b38-9114-81b97f4d628f",
  "assetType" : "contentlet",
  "parentPath" : "/",
  "hostId" : "8a7d5e23-da1e-420a-b4f0-471e7da8ea2d",
  "sysPublishDate" : null,
  "sysExpireDate" : null,
  "owner" : "dotcms.org.1",
  "createDate" : "2025-05-27T04:17:47.915+00:00",
  "assetSubType" : "Categoria",
  "parentPermissionable" : null
}, {
  "id" : "869adf9f53fc58e391e98dd316906145",
  "assetName" : "content.3fa24c86-4c44-4adc-b6cb-3928ede48e11",
  "assetType" : "contentlet",
  "parentPath" : "/",
  "hostId" : "8a7d5e23-da1e-420a-b4f0-471e7da8ea2d",
  "sysPublishDate" : null,
  "sysExpireDate" : null,
  "owner" : "dotcms.org.1",
  "createDate" : "2025-06-20T03:12:59.978+00:00",
  "assetSubType" : "Menu",
  "parentPermissionable" : null
}, {
  "id" : "8a7d5e23-da1e-420a-b4f0-471e7da8ea2d",
  "assetName" : "content.ff462f88-d9e1-4d31-b084-b73cb61976d3",
  "assetType" : "contentlet",
  "parentPath" : "/",
  "hostId" : "SYSTEM_HOST",
  "sysPublishDate" : null,
  "sysExpireDate" : null,
  "owner" : "dotcms.org.1",
  "createDate" : "2017-12-05T18:37:15.000+00:00",
  "assetSubType" : "Host",
  "parentPermissionable" : null
}, {
  "id" : "9a57e9fa7d2087764d4bb773bfe3fdd5",
  "assetName" : "content.dc8275f5-131f-4d53-b208-b09cac73ad20",
  "assetType" : "contentlet",
  "parentPath" : "/",
  "hostId" : "8a7d5e23-da1e-420a-b4f0-471e7da8ea2d",
  "sysPublishDate" : null,
  "sysExpireDate" : null,
  "owner" : "dotcms.org.1",
  "createDate" : "2025-05-27T04:17:37.123+00:00",
  "assetSubType" : "Categoria",
  "parentPermissionable" : null
}, {
  "id" : "a083e942-5fb0-47ef-9619-6f8f40593474",
  "assetName" : "content.52f6c0e2-7978-483b-a0a2-c589044db9e7",
  "assetType" : "contentlet",
  "parentPath" : "/",
  "hostId" : "SYSTEM_HOST",
  "sysPublishDate" : null,
  "sysExpireDate" : null,
  "owner" : "system",
  "createDate" : "2021-06-14T21:32:16.811+00:00",
  "assetSubType" : "DotAsset",
  "parentPermissionable" : null
}, {
  "id" : "bc77076c27b378501bf3d1651a3d0f17",
  "assetName" : "content.8f34cd9f-8f2d-433e-96ba-8dc57ef13c47",
  "assetType" : "contentlet",
  "parentPath" : "/",
  "hostId" : "8a7d5e23-da1e-420a-b4f0-471e7da8ea2d",
  "sysPublishDate" : null,
  "sysExpireDate" : null,
  "owner" : "dotcms.org.1",
  "createDate" : "2025-05-25T23:53:26.350+00:00",
  "assetSubType" : "Menu",
  "parentPermissionable" : null
}, {
  "id" : "f80462f82f4789f46652fec4cdc28874",
  "assetName" : "content.6a4eef6d-6d4d-416f-9e56-66c5bdaf1cc4",
  "assetType" : "contentlet",
  "parentPath" : "/",
  "hostId" : "8a7d5e23-da1e-420a-b4f0-471e7da8ea2d",
  "sysPublishDate" : null,
  "sysExpireDate" : null,
  "owner" : "dotcms.org.1",
  "createDate" : "2025-05-27T04:18:01.103+00:00",
  "assetSubType" : "Categoria",
  "parentPermissionable" : null
}, {
  "id" : "SYSTEM_HOST",
  "assetName" : "system host",
  "assetType" : "contentlet",
  "parentPath" : "/",
  "hostId" : "SYSTEM_HOST",
  "sysPublishDate" : null,
  "sysExpireDate" : null,
  "owner" : "system",
  "createDate" : "2009-11-17T12:55:33.000+00:00",
  "assetSubType" : "Host",
  "parentPermissionable" : null
}, {
  "id" : "bc9a1d37-dd2d-4d49-a29d-0c9be740bfaf",
  "assetName" : "system folder",
  "assetType" : "folder",
  "parentPath" : "/System folder",
  "hostId" : "SYSTEM_HOST",
  "sysPublishDate" : null,
  "sysExpireDate" : null,
  "owner" : "system",
  "createDate" : "2009-10-08T16:27:18.000+00:00",
  "assetSubType" : null,
  "parentPermissionable" : null
} ]