[ {
  "identifier" : "18dd9bb9b45b9da5fa7852523b561b0b",
  "liveInode" : "9657134d-788c-4b31-a668-d65dfce96604",
  "workingInode" : "9657134d-788c-4b31-a668-d65dfce96604",
  "lockedBy" : null,
  "lockedOn" : "2025-05-27T05:21:25.932+00:00",
  "deleted" : false,
  "versionTs" : "2025-06-22T17:03:47.876+00:00",
  "lang" : 1,
  "variant" : "DEFAULT",
  "publishDate" : "2025-05-27T05:21:25.918+00:00"
}, {
  "identifier" : "347c1236a88f2a779963b7ff24f876f1",
  "liveInode" : "80d5c1ff-8025-483f-af03-a7af6c654fd3",
  "workingInode" : "80d5c1ff-8025-483f-af03-a7af6c654fd3",
  "lockedBy" : null,
  "lockedOn" : "2025-05-27T04:19:12.797+00:00",
  "deleted" : false,
  "versionTs" : "2025-06-22T17:03:47.881+00:00",
  "lang" : 1,
  "variant" : "DEFAULT",
  "publishDate" : "2025-05-27T04:19:12.755+00:00"
}, {
  "identifier" : "44fae59d2fce7413ddfc63c6fd8df1aa",
  "liveInode" : "b62da8ad-b651-4d0a-aaf8-0b2256bb6f96",
  "workingInode" : "b62da8ad-b651-4d0a-aaf8-0b2256bb6f96",
  "lockedBy" : null,
  "lockedOn" : "2025-05-27T05:13:19.862+00:00",
  "deleted" : false,
  "versionTs" : "2025-06-22T17:03:47.883+00:00",
  "lang" : 1,
  "variant" : "DEFAULT",
  "publishDate" : "2025-05-27T05:13:19.844+00:00"
}, {
  "identifier" : "7ac8498f340f54645f72e8da33f57c71",
  "liveInode" : "78da6a60-0443-4328-8df5-44693126bb42",
  "workingInode" : "78da6a60-0443-4328-8df5-44693126bb42",
  "lockedBy" : null,
  "lockedOn" : "2025-05-27T05:17:34.267+00:00",
  "deleted" : false,
  "versionTs" : "2025-06-22T17:03:47.887+00:00",
  "lang" : 1,
  "variant" : "DEFAULT",
  "publishDate" : "2025-05-27T05:17:34.245+00:00"
}, {
  "identifier" : "7e2fd94025600f4f4a222f7ea71b9b83",
  "liveInode" : "538f2cfd-3e10-43d9-9c47-c8bb701241ad",
  "workingInode" : "538f2cfd-3e10-43d9-9c47-c8bb701241ad",
  "lockedBy" : null,
  "lockedOn" : "2025-06-22T17:38:57.699+00:00",
  "deleted" : false,
  "versionTs" : "2025-06-22T17:38:57.670+00:00",
  "lang" : 1,
  "variant" : "DEFAULT",
  "publishDate" : "2025-06-22T17:38:57.669+00:00"
}, {
  "identifier" : "869adf9f53fc58e391e98dd316906145",
  "liveInode" : "70d8ab7f-b1bb-4646-a300-163bb327cca3",
  "workingInode" : "70d8ab7f-b1bb-4646-a300-163bb327cca3",
  "lockedBy" : null,
  "lockedOn" : "2025-06-20T06:20:30.189+00:00",
  "deleted" : false,
  "versionTs" : "2025-06-22T17:03:47.890+00:00",
  "lang" : 1,
  "variant" : "DEFAULT",
  "publishDate" : "2025-06-20T06:20:30.148+00:00"
}, {
  "identifier" : "8a7d5e23-da1e-420a-b4f0-471e7da8ea2d",
  "liveInode" : "1b407535-67e3-4f21-ad00-8ef5ef492d64",
  "workingInode" : "1b407535-67e3-4f21-ad00-8ef5ef492d64",
  "lockedBy" : "dotcms.org.1",
  "lockedOn" : "2020-04-20T20:28:30.733+00:00",
  "deleted" : false,
  "versionTs" : "2025-06-22T17:03:47.892+00:00",
  "lang" : 1,
  "variant" : "DEFAULT",
  "publishDate" : "2023-05-25T21:55:00.711+00:00"
}, {
  "identifier" : "9a57e9fa7d2087764d4bb773bfe3fdd5",
  "liveInode" : "83902504-6cd4-4142-a717-8d7938fc1810",
  "workingInode" : "83902504-6cd4-4142-a717-8d7938fc1810",
  "lockedBy" : null,
  "lockedOn" : "2025-05-27T05:13:43.364+00:00",
  "deleted" : false,
  "versionTs" : "2025-06-22T17:03:47.893+00:00",
  "lang" : 1,
  "variant" : "DEFAULT",
  "publishDate" : "2025-05-27T05:13:43.340+00:00"
}, {
  "identifier" : "a083e942-5fb0-47ef-9619-6f8f40593474",
  "liveInode" : "52f6c0e2-7978-483b-a0a2-c589044db9e7",
  "workingInode" : "52f6c0e2-7978-483b-a0a2-c589044db9e7",
  "lockedBy" : null,
  "lockedOn" : "2021-06-14T21:32:16.863+00:00",
  "deleted" : false,
  "versionTs" : "2025-06-22T17:03:47.895+00:00",
  "lang" : 1,
  "variant" : "DEFAULT",
  "publishDate" : "2023-05-25T21:55:00.715+00:00"
}, {
  "identifier" : "bc77076c27b378501bf3d1651a3d0f17",
  "liveInode" : "a9619879-7bbe-4696-b22b-f225f38f727b",
  "workingInode" : "a9619879-7bbe-4696-b22b-f225f38f727b",
  "lockedBy" : null,
  "lockedOn" : "2025-05-27T04:18:33.445+00:00",
  "deleted" : false,
  "versionTs" : "2025-06-22T17:03:47.896+00:00",
  "lang" : 1,
  "variant" : "DEFAULT",
  "publishDate" : "2025-05-27T04:18:33.408+00:00"
}, {
  "identifier" : "f80462f82f4789f46652fec4cdc28874",
  "liveInode" : "e95e5029-06f2-4bea-b191-8fd0c7420457",
  "workingInode" : "e95e5029-06f2-4bea-b191-8fd0c7420457",
  "lockedBy" : null,
  "lockedOn" : "2025-05-27T05:13:28.159+00:00",
  "deleted" : false,
  "versionTs" : "2025-06-22T17:03:47.897+00:00",
  "lang" : 1,
  "variant" : "DEFAULT",
  "publishDate" : "2025-05-27T05:13:28.133+00:00"
}, {
  "identifier" : "SYSTEM_HOST",
  "liveInode" : "dbdec5e2-c02b-4cfb-83a9-4a4c4f3b2eb0",
  "workingInode" : "dbdec5e2-c02b-4cfb-83a9-4a4c4f3b2eb0",
  "lockedBy" : null,
  "lockedOn" : "2012-06-07T09:46:26.000+00:00",
  "deleted" : false,
  "versionTs" : "2025-06-22T17:03:47.899+00:00",
  "lang" : 1,
  "variant" : "DEFAULT",
  "publishDate" : "2023-05-25T21:55:00.713+00:00"
} ]