[ {
  "contentType" : {
    "clazz" : "com.dotcms.contenttype.model.type.ImmutableKeyValueContentType",
    "name" : "Language Variable",
    "id" : "f4d7c1b8-2c88-4071-abf1-a5328977b07d",
    "description" : "Default Content Type for Language Variables",
    "defaultType" : false,
    "fixed" : true,
    "iDate" : 1504197529000,
    "system" : false,
    "versionable" : true,
    "variable" : "Languagevariable",
    "modDate" : 1750611822000,
    "host" : "SYSTEM_HOST",
    "siteName" : "systemHost",
    "icon" : "language",
    "sortOrder" : 0,
    "metadata" : { },
    "folder" : "SYSTEM_FOLDER",
    "folderPath" : "/",
    "multilingualable" : false
  },
  "fields" : [ {
    "clazz" : "com.dotcms.contenttype.model.field.ImmutableTextField",
    "searchable" : true,
    "unique" : true,
    "indexed" : true,
    "listed" : true,
    "readOnly" : false,
    "forceIncludeInApi" : false,
    "id" : "05b6edc6-6443-4dc7-a884-f029b12e5a0d",
    "modDate" : 1750611822000,
    "name" : "Key",
    "required" : true,
    "variable" : "key",
    "sortOrder" : 1,
    "fixed" : true,
    "contentTypeId" : "f4d7c1b8-2c88-4071-abf1-a5328977b07d",
    "dbColumn" : "text1",
    "iDate" : 1504197530000,
    "dataType" : "TEXT"
  }, {
    "clazz" : "com.dotcms.contenttype.model.field.ImmutableTextAreaField",
    "searchable" : true,
    "unique" : false,
    "indexed" : true,
    "listed" : true,
    "readOnly" : false,
    "forceIncludeInApi" : false,
    "id" : "c7829c13-cf47-4a20-9331-85fb314cef8e",
    "modDate" : 1750611822000,
    "name" : "Value",
    "required" : true,
    "variable" : "value",
    "sortOrder" : 2,
    "fixed" : true,
    "contentTypeId" : "f4d7c1b8-2c88-4071-abf1-a5328977b07d",
    "dbColumn" : "text_area1",
    "iDate" : 1504197530000,
    "dataType" : "LONG_TEXT"
  } ],
  "fieldVariables" : [ ]
}, {
  "contentType" : {
    "clazz" : "com.dotcms.contenttype.model.type.ImmutablePersonaContentType",
    "name" : "Persona",
    "id" : "c938b15f-bcb6-49ef-8651-14d455a97045",
    "description" : "Default Structure for Personas",
    "defaultType" : false,
    "fixed" : false,
    "iDate" : 1450285003000,
    "system" : false,
    "versionable" : true,
    "multilingualable" : false,
    "variable" : "persona",
    "modDate" : 1750611823000,
    "host" : "SYSTEM_HOST",
    "siteName" : "systemHost",
    "icon" : "person",
    "sortOrder" : 0,
    "metadata" : { },
    "folder" : "SYSTEM_FOLDER",
    "folderPath" : "/"
  },
  "fields" : [ {
    "clazz" : "com.dotcms.contenttype.model.field.ImmutableHostFolderField",
    "searchable" : true,
    "unique" : false,
    "listed" : false,
    "readOnly" : false,
    "forceIncludeInApi" : false,
    "id" : "606ac3af-63e5-4bd4-bfa1-c4c672bb8eb8",
    "modDate" : 1750611822000,
    "name" : "Site/Folder",
    "required" : true,
    "variable" : "hostFolder",
    "sortOrder" : 1,
    "fixed" : true,
    "contentTypeId" : "c938b15f-bcb6-49ef-8651-14d455a97045",
    "dbColumn" : "system_field",
    "iDate" : 1450285003000,
    "indexed" : true,
    "dataType" : "SYSTEM"
  }, {
    "clazz" : "com.dotcms.contenttype.model.field.ImmutableTextField",
    "searchable" : true,
    "unique" : false,
    "indexed" : true,
    "listed" : true,
    "readOnly" : false,
    "forceIncludeInApi" : false,
    "id" : "0ea2bd92-4b2d-48a2-a394-77fd560b1fce",
    "modDate" : 1750611822000,
    "name" : "Name",
    "required" : true,
    "variable" : "name",
    "sortOrder" : 2,
    "fixed" : true,
    "contentTypeId" : "c938b15f-bcb6-49ef-8651-14d455a97045",
    "dbColumn" : "text1",
    "iDate" : 1450285003000,
    "dataType" : "TEXT"
  }, {
    "clazz" : "com.dotcms.contenttype.model.field.ImmutableCustomField",
    "searchable" : true,
    "unique" : false,
    "indexed" : true,
    "listed" : true,
    "readOnly" : false,
    "forceIncludeInApi" : false,
    "id" : "6b25d960-034d-4030-b785-89cc01baaa3d",
    "modDate" : 1750611822000,
    "name" : "Key Tag",
    "required" : true,
    "variable" : "keyTag",
    "sortOrder" : 3,
    "values" : "$velutil.mergeTemplate('/static/personas/keytag_custom_field.vtl')",
    "regexCheck" : "[a-zA-Z0-9]+",
    "fixed" : true,
    "contentTypeId" : "c938b15f-bcb6-49ef-8651-14d455a97045",
    "dbColumn" : "text2",
    "iDate" : 1450285003000,
    "dataType" : "TEXT"
  }, {
    "clazz" : "com.dotcms.contenttype.model.field.ImmutableBinaryField",
    "searchable" : false,
    "unique" : false,
    "indexed" : false,
    "listed" : false,
    "readOnly" : false,
    "forceIncludeInApi" : false,
    "id" : "07cfbc2c-47de-4c78-a411-176fe8bb24a5",
    "modDate" : 1750611823000,
    "name" : "Photo",
    "required" : false,
    "variable" : "photo",
    "sortOrder" : 4,
    "fixed" : true,
    "contentTypeId" : "c938b15f-bcb6-49ef-8651-14d455a97045",
    "dbColumn" : "system_field",
    "iDate" : 1450285003000,
    "dataType" : "SYSTEM"
  }, {
    "clazz" : "com.dotcms.contenttype.model.field.ImmutableTagField",
    "searchable" : true,
    "unique" : false,
    "listed" : false,
    "readOnly" : false,
    "forceIncludeInApi" : false,
    "id" : "2dab7223-ebb5-411b-922f-611a30bc2a2b",
    "modDate" : 1750611823000,
    "name" : "Other Tags",
    "required" : false,
    "variable" : "tags",
    "sortOrder" : 5,
    "fixed" : true,
    "contentTypeId" : "c938b15f-bcb6-49ef-8651-14d455a97045",
    "dbColumn" : "system_field",
    "iDate" : 1450285003000,
    "indexed" : true,
    "dataType" : "SYSTEM"
  }, {
    "clazz" : "com.dotcms.contenttype.model.field.ImmutableTextAreaField",
    "searchable" : true,
    "unique" : false,
    "indexed" : true,
    "listed" : false,
    "readOnly" : false,
    "forceIncludeInApi" : false,
    "id" : "65e4e742-d87a-47ff-84ef-fde44e889e27",
    "modDate" : 1750611823000,
    "name" : "Description",
    "required" : false,
    "variable" : "description",
    "sortOrder" : 6,
    "fixed" : false,
    "contentTypeId" : "c938b15f-bcb6-49ef-8651-14d455a97045",
    "dbColumn" : "text_area2",
    "iDate" : 1450285003000,
    "dataType" : "LONG_TEXT"
  } ],
  "fieldVariables" : [ ]
}, {
  "contentType" : {
    "clazz" : "com.dotcms.contenttype.model.type.ImmutableWidgetContentType",
    "name" : "Forms",
    "id" : "4d21b6d8-1711-4ae6-9419-89e2b1ae5a06",
    "description" : "Forms",
    "defaultType" : false,
    "fixed" : true,
    "iDate" : 1386194452000,
    "system" : true,
    "versionable" : true,
    "variable" : "forms",
    "modDate" : 1750611823000,
    "host" : "SYSTEM_HOST",
    "siteName" : "systemHost",
    "icon" : "input",
    "sortOrder" : 0,
    "metadata" : { },
    "folder" : "SYSTEM_FOLDER",
    "folderPath" : "/",
    "multilingualable" : false
  },
  "fields" : [ {
    "clazz" : "com.dotcms.contenttype.model.field.ImmutableTextField",
    "searchable" : true,
    "unique" : false,
    "indexed" : true,
    "listed" : true,
    "readOnly" : false,
    "forceIncludeInApi" : false,
    "id" : "8859f1ed-84ad-4105-acda-5d5d29553d9b",
    "modDate" : 1750611823000,
    "name" : "Widget Title",
    "required" : true,
    "variable" : "widgetTitle",
    "sortOrder" : 1,
    "fixed" : true,
    "contentTypeId" : "4d21b6d8-1711-4ae6-9419-89e2b1ae5a06",
    "dbColumn" : "text3",
    "iDate" : 1497457833000,
    "dataType" : "TEXT"
  }, {
    "clazz" : "com.dotcms.contenttype.model.field.ImmutableConstantField",
    "searchable" : true,
    "unique" : false,
    "indexed" : true,
    "listed" : false,
    "readOnly" : true,
    "forceIncludeInApi" : false,
    "id" : "d12a2a4f-45f1-4194-95e3-338865e7afde",
    "modDate" : 1750611823000,
    "name" : "Widget Usage",
    "required" : false,
    "variable" : "widgetUsage",
    "sortOrder" : 2,
    "fixed" : true,
    "contentTypeId" : "4d21b6d8-1711-4ae6-9419-89e2b1ae5a06",
    "dbColumn" : "system_field",
    "iDate" : 1497457833000,
    "dataType" : "SYSTEM"
  }, {
    "clazz" : "com.dotcms.contenttype.model.field.ImmutableConstantField",
    "searchable" : false,
    "unique" : false,
    "indexed" : false,
    "listed" : false,
    "readOnly" : false,
    "forceIncludeInApi" : false,
    "id" : "e5666638-e7f4-4b3a-b6d3-22f8d13188e8",
    "modDate" : 1750611823000,
    "name" : "Widget Code",
    "required" : false,
    "variable" : "widgetCode",
    "sortOrder" : 3,
    "values" : "$velutil.mergeTemplate('/static/content/content_form.vtl')",
    "fixed" : true,
    "contentTypeId" : "4d21b6d8-1711-4ae6-9419-89e2b1ae5a06",
    "dbColumn" : "system_field",
    "iDate" : 1568223889000,
    "dataType" : "SYSTEM"
  }, {
    "clazz" : "com.dotcms.contenttype.model.field.ImmutableConstantField",
    "searchable" : true,
    "unique" : false,
    "indexed" : true,
    "listed" : false,
    "readOnly" : true,
    "forceIncludeInApi" : false,
    "id" : "6b33d6be-d197-4f9e-8fc3-d20d36e08c75",
    "modDate" : 1750611823000,
    "name" : "Widget Pre-Execute",
    "required" : false,
    "variable" : "widgetPreexecute",
    "sortOrder" : 4,
    "fixed" : true,
    "contentTypeId" : "4d21b6d8-1711-4ae6-9419-89e2b1ae5a06",
    "dbColumn" : "system_field",
    "iDate" : 1497457833000,
    "dataType" : "SYSTEM"
  }, {
    "clazz" : "com.dotcms.contenttype.model.field.ImmutableTextField",
    "searchable" : true,
    "unique" : false,
    "indexed" : true,
    "listed" : true,
    "readOnly" : false,
    "forceIncludeInApi" : false,
    "id" : "31519868-f318-4447-88e7-0ffc2fe4b2cd",
    "modDate" : 1750611823000,
    "name" : "Form ID",
    "required" : true,
    "variable" : "formId",
    "sortOrder" : 5,
    "fixed" : true,
    "contentTypeId" : "4d21b6d8-1711-4ae6-9419-89e2b1ae5a06",
    "dbColumn" : "text1",
    "iDate" : 1311009865000,
    "dataType" : "TEXT"
  } ],
  "fieldVariables" : [ ]
}, {
  "contentType" : {
    "clazz" : "com.dotcms.contenttype.model.type.ImmutableDotAssetContentType",
    "name" : "dotAsset",
    "id" : "f2d8a1c7-2b77-2081-bcf1-b5348988c08d",
    "description" : "Default Content Type for DotAsset",
    "defaultType" : false,
    "fixed" : false,
    "iDate" : 1587411142986,
    "system" : false,
    "versionable" : true,
    "multilingualable" : false,
    "variable" : "DotAsset",
    "modDate" : 1750611823000,
    "host" : "SYSTEM_HOST",
    "siteName" : "systemHost",
    "icon" : "assessment",
    "sortOrder" : 0,
    "metadata" : { },
    "folder" : "SYSTEM_FOLDER",
    "folderPath" : "/"
  },
  "fields" : [ {
    "clazz" : "com.dotcms.contenttype.model.field.ImmutableHostFolderField",
    "searchable" : true,
    "unique" : false,
    "listed" : false,
    "readOnly" : false,
    "forceIncludeInApi" : false,
    "id" : "d8719d24-df37-3a20-9442-75fb423cef7e",
    "modDate" : 1750611823000,
    "name" : "Site or Folder",
    "required" : false,
    "variable" : "hostFolder",
    "sortOrder" : 0,
    "fixed" : false,
    "contentTypeId" : "f2d8a1c7-2b77-2081-bcf1-b5348988c08d",
    "dbColumn" : "system_field",
    "iDate" : 1587411143000,
    "indexed" : true,
    "dataType" : "SYSTEM"
  }, {
    "clazz" : "com.dotcms.contenttype.model.field.ImmutableBinaryField",
    "searchable" : true,
    "unique" : false,
    "indexed" : true,
    "listed" : true,
    "readOnly" : false,
    "forceIncludeInApi" : false,
    "id" : "06d5ecb5-5334-3cb7-a883-f029d12e6a0b",
    "modDate" : 1750611823000,
    "name" : "Asset",
    "required" : true,
    "variable" : "asset",
    "sortOrder" : 1,
    "fixed" : true,
    "contentTypeId" : "f2d8a1c7-2b77-2081-bcf1-b5348988c08d",
    "dbColumn" : "system_field",
    "iDate" : 1587411143000,
    "dataType" : "SYSTEM"
  }, {
    "clazz" : "com.dotcms.contenttype.model.field.ImmutableTagField",
    "searchable" : true,
    "unique" : false,
    "listed" : false,
    "readOnly" : false,
    "forceIncludeInApi" : false,
    "id" : "d8720d13-df48-4b29-9331-75fa314def7e",
    "modDate" : 1750611823000,
    "name" : "Tags",
    "required" : false,
    "variable" : "tags",
    "sortOrder" : 2,
    "fixed" : false,
    "contentTypeId" : "f2d8a1c7-2b77-2081-bcf1-b5348988c08d",
    "dbColumn" : "system_field",
    "iDate" : 1587411143000,
    "indexed" : true,
    "dataType" : "SYSTEM"
  } ],
  "fieldVariables" : [ ]
}, {
  "contentType" : {
    "clazz" : "com.dotcms.contenttype.model.type.ImmutableDotAssetContentType",
    "name" : "Image",
    "id" : "2c46b6586c38852ac08a824a303ced80",
    "description" : "Media image file content",
    "defaultType" : false,
    "fixed" : false,
    "iDate" : 1665698759000,
    "system" : false,
    "versionable" : true,
    "multilingualable" : false,
    "variable" : "Image",
    "modDate" : 1750611823000,
    "host" : "8a7d5e23-da1e-420a-b4f0-471e7da8ea2d",
    "siteName" : "default",
    "icon" : "file_copy",
    "sortOrder" : 0,
    "metadata" : { },
    "folder" : "SYSTEM_FOLDER",
    "folderPath" : "/"
  },
  "fields" : [ {
    "clazz" : "com.dotcms.contenttype.model.field.ImmutableHostFolderField",
    "searchable" : true,
    "unique" : false,
    "listed" : false,
    "readOnly" : false,
    "forceIncludeInApi" : false,
    "id" : "ee1e372c2ea0168b1c8f39486346ea4f",
    "modDate" : 1750611823000,
    "name" : "Site or Folder",
    "required" : false,
    "variable" : "hostFolder",
    "sortOrder" : 0,
    "fixed" : false,
    "contentTypeId" : "2c46b6586c38852ac08a824a303ced80",
    "dbColumn" : "system_field",
    "iDate" : 1665698759000,
    "indexed" : true,
    "dataType" : "SYSTEM"
  }, {
    "clazz" : "com.dotcms.contenttype.model.field.ImmutableBinaryField",
    "searchable" : true,
    "unique" : false,
    "indexed" : true,
    "listed" : true,
    "readOnly" : false,
    "forceIncludeInApi" : false,
    "id" : "32905984b84a30b712b828c911b5da30",
    "modDate" : 1750611823000,
    "name" : "Asset",
    "required" : true,
    "variable" : "asset",
    "sortOrder" : 1,
    "fixed" : true,
    "contentTypeId" : "2c46b6586c38852ac08a824a303ced80",
    "dbColumn" : "system_field",
    "iDate" : 1665698759000,
    "dataType" : "SYSTEM"
  }, {
    "clazz" : "com.dotcms.contenttype.model.field.ImmutableTagField",
    "searchable" : true,
    "unique" : false,
    "listed" : false,
    "readOnly" : false,
    "forceIncludeInApi" : false,
    "id" : "c1e8085b4626312510a6a204e78257c7",
    "modDate" : 1750611823000,
    "name" : "Tags",
    "required" : false,
    "variable" : "tags",
    "sortOrder" : 2,
    "fixed" : false,
    "contentTypeId" : "2c46b6586c38852ac08a824a303ced80",
    "dbColumn" : "system_field",
    "iDate" : 1665698759000,
    "indexed" : true,
    "dataType" : "SYSTEM"
  } ],
  "fieldVariables" : [ {
    "clazz" : "com.dotcms.contenttype.model.field.ImmutableFieldVariable",
    "id" : "052e5a29-bed5-4b39-b1ca-2b64359d5966",
    "fieldId" : "32905984b84a30b712b828c911b5da30",
    "name" : "1665698777059",
    "key" : "accept",
    "value" : "image/*",
    "userId" : "system",
    "modDate" : 1750611823000
  } ]
}, {
  "contentType" : {
    "clazz" : "com.dotcms.contenttype.model.type.ImmutableDotAssetContentType",
    "name" : "Video",
    "id" : "c77450b834901a20c8193ef9d561ee5b",
    "description" : "Media video file content",
    "defaultType" : false,
    "fixed" : false,
    "iDate" : 1665698804000,
    "system" : false,
    "versionable" : true,
    "multilingualable" : false,
    "variable" : "Video",
    "modDate" : 1750611823000,
    "host" : "8a7d5e23-da1e-420a-b4f0-471e7da8ea2d",
    "siteName" : "default",
    "icon" : "file_copy",
    "sortOrder" : 0,
    "metadata" : { },
    "folder" : "SYSTEM_FOLDER",
    "folderPath" : "/"
  },
  "fields" : [ {
    "clazz" : "com.dotcms.contenttype.model.field.ImmutableHostFolderField",
    "searchable" : true,
    "unique" : false,
    "listed" : false,
    "readOnly" : false,
    "forceIncludeInApi" : false,
    "id" : "add79c4eb798bb80e539229ed158c824",
    "modDate" : 1750611823000,
    "name" : "Site or Folder",
    "required" : false,
    "variable" : "hostFolder",
    "sortOrder" : 0,
    "fixed" : false,
    "contentTypeId" : "c77450b834901a20c8193ef9d561ee5b",
    "dbColumn" : "system_field",
    "iDate" : 1665698804000,
    "indexed" : true,
    "dataType" : "SYSTEM"
  }, {
    "clazz" : "com.dotcms.contenttype.model.field.ImmutableBinaryField",
    "searchable" : true,
    "unique" : false,
    "indexed" : true,
    "listed" : true,
    "readOnly" : false,
    "forceIncludeInApi" : false,
    "id" : "fe416dcd4e400d596dcd581f75a51bd6",
    "modDate" : 1750611823000,
    "name" : "Asset",
    "required" : true,
    "variable" : "asset",
    "sortOrder" : 1,
    "fixed" : true,
    "contentTypeId" : "c77450b834901a20c8193ef9d561ee5b",
    "dbColumn" : "system_field",
    "iDate" : 1665698804000,
    "dataType" : "SYSTEM"
  }, {
    "clazz" : "com.dotcms.contenttype.model.field.ImmutableTagField",
    "searchable" : true,
    "unique" : false,
    "listed" : false,
    "readOnly" : false,
    "forceIncludeInApi" : false,
    "id" : "194b033a5e8357d01fe3d0fca0d44640",
    "modDate" : 1750611823000,
    "name" : "Tags",
    "required" : false,
    "variable" : "tags",
    "sortOrder" : 2,
    "fixed" : false,
    "contentTypeId" : "c77450b834901a20c8193ef9d561ee5b",
    "dbColumn" : "system_field",
    "iDate" : 1665698804000,
    "indexed" : true,
    "dataType" : "SYSTEM"
  } ],
  "fieldVariables" : [ {
    "clazz" : "com.dotcms.contenttype.model.field.ImmutableFieldVariable",
    "id" : "a4c308be-5ef9-4fca-834c-9d8b97267605",
    "fieldId" : "fe416dcd4e400d596dcd581f75a51bd6",
    "name" : "1665698819594",
    "key" : "accept",
    "value" : "video/*",
    "userId" : "system",
    "modDate" : 1750611823000
  } ]
}, {
  "contentType" : {
    "clazz" : "com.dotcms.contenttype.model.type.ImmutableSimpleContentType",
    "name" : "Content (Generic)",
    "id" : "2a3e91e4-fbbf-4876-8c5b-2233c1739b05",
    "description" : "Basic default web page content",
    "defaultType" : true,
    "fixed" : false,
    "iDate" : 1489071096000,
    "system" : false,
    "versionable" : true,
    "multilingualable" : false,
    "variable" : "webPageContent",
    "modDate" : 1750611823000,
    "host" : "SYSTEM_HOST",
    "siteName" : "systemHost",
    "icon" : "article",
    "sortOrder" : 0,
    "metadata" : { },
    "folder" : "SYSTEM_FOLDER",
    "folderPath" : "/"
  },
  "fields" : [ {
    "clazz" : "com.dotcms.contenttype.model.field.ImmutableRowField",
    "fieldContentTypeProperties" : [ ],
    "searchable" : false,
    "unique" : false,
    "indexed" : false,
    "listed" : false,
    "readOnly" : false,
    "forceIncludeInApi" : false,
    "id" : "67c89b1df448623087f2f39fe3a7b9e8",
    "modDate" : 1750611823000,
    "name" : "Row Field",
    "required" : false,
    "variable" : "rowField",
    "sortOrder" : 0,
    "fixed" : false,
    "contentTypeId" : "2a3e91e4-fbbf-4876-8c5b-2233c1739b05",
    "dbColumn" : "system_field",
    "iDate" : 1665698711000,
    "dataType" : "SYSTEM"
  }, {
    "clazz" : "com.dotcms.contenttype.model.field.ImmutableColumnField",
    "fieldContentTypeProperties" : [ ],
    "searchable" : false,
    "unique" : false,
    "indexed" : false,
    "listed" : false,
    "readOnly" : false,
    "forceIncludeInApi" : false,
    "id" : "32b02fef08e09ddec71cb6f444343738",
    "modDate" : 1750611823000,
    "name" : "Column Field",
    "required" : false,
    "variable" : "columnField",
    "sortOrder" : 1,
    "fixed" : false,
    "contentTypeId" : "2a3e91e4-fbbf-4876-8c5b-2233c1739b05",
    "dbColumn" : "system_field",
    "iDate" : 1665698711000,
    "dataType" : "SYSTEM"
  }, {
    "clazz" : "com.dotcms.contenttype.model.field.ImmutableTextField",
    "searchable" : true,
    "unique" : false,
    "indexed" : true,
    "listed" : true,
    "readOnly" : false,
    "forceIncludeInApi" : false,
    "id" : "9f5a97dc-703c-4721-9cce-29478671558b",
    "modDate" : 1750611823000,
    "name" : "Title",
    "required" : true,
    "variable" : "title",
    "sortOrder" : 2,
    "regexCheck" : "[^(<[.\\n]+>)]*",
    "fixed" : false,
    "contentTypeId" : "2a3e91e4-fbbf-4876-8c5b-2233c1739b05",
    "dbColumn" : "text1",
    "iDate" : 1266962755000,
    "dataType" : "TEXT"
  }, {
    "clazz" : "com.dotcms.contenttype.model.field.ImmutableHostFolderField",
    "searchable" : false,
    "unique" : false,
    "listed" : false,
    "readOnly" : false,
    "forceIncludeInApi" : false,
    "id" : "49c5bd96-d70c-441c-9c5f-7ccaa8e7ff9a",
    "modDate" : 1750611823000,
    "name" : "Site",
    "required" : true,
    "variable" : "contentHost",
    "sortOrder" : 3,
    "fixed" : false,
    "contentTypeId" : "2a3e91e4-fbbf-4876-8c5b-2233c1739b05",
    "dbColumn" : "system_field",
    "iDate" : 1267102629000,
    "indexed" : true,
    "dataType" : "SYSTEM"
  }, {
    "clazz" : "com.dotcms.contenttype.model.field.ImmutableStoryBlockField",
    "searchable" : false,
    "unique" : false,
    "indexed" : false,
    "listed" : false,
    "readOnly" : false,
    "forceIncludeInApi" : false,
    "id" : "5c6e0bff-cfeb-44c6-86e2-a0ba40e7b66c",
    "modDate" : 1750611823000,
    "name" : "Body",
    "required" : true,
    "variable" : "body",
    "sortOrder" : 4,
    "fixed" : false,
    "contentTypeId" : "2a3e91e4-fbbf-4876-8c5b-2233c1739b05",
    "dbColumn" : "text_area1",
    "iDate" : 1266962784000,
    "dataType" : "LONG_TEXT"
  } ],
  "fieldVariables" : [ ]
}, {
  "contentType" : {
    "clazz" : "com.dotcms.contenttype.model.type.ImmutableSimpleContentType",
    "name" : "Host",
    "id" : "855a2d72-f2f3-4169-8b04-ac5157c4380c",
    "description" : "System hosts information",
    "defaultType" : false,
    "fixed" : true,
    "iDate" : 1459177814000,
    "system" : true,
    "versionable" : true,
    "multilingualable" : false,
    "variable" : "Host",
    "modDate" : 1750611824000,
    "host" : "SYSTEM_HOST",
    "siteName" : "systemHost",
    "icon" : "computer",
    "sortOrder" : 0,
    "metadata" : { },
    "folder" : "SYSTEM_FOLDER",
    "folderPath" : "/"
  },
  "fields" : [ {
    "clazz" : "com.dotcms.contenttype.model.field.ImmutableRowField",
    "fieldContentTypeProperties" : [ ],
    "searchable" : false,
    "unique" : false,
    "indexed" : false,
    "listed" : false,
    "readOnly" : false,
    "forceIncludeInApi" : false,
    "id" : "d59ffe8d-7f46-4b68-a243-dbbd3be11f74",
    "modDate" : 1750611823000,
    "name" : "fields-2",
    "required" : false,
    "variable" : "fields0",
    "sortOrder" : 0,
    "fixed" : false,
    "contentTypeId" : "855a2d72-f2f3-4169-8b04-ac5157c4380c",
    "dbColumn" : "system_field",
    "iDate" : 1527170171000,
    "dataType" : "SYSTEM"
  }, {
    "clazz" : "com.dotcms.contenttype.model.field.ImmutableColumnField",
    "fieldContentTypeProperties" : [ ],
    "searchable" : false,
    "unique" : false,
    "indexed" : false,
    "listed" : false,
    "readOnly" : false,
    "forceIncludeInApi" : false,
    "id" : "2b97316e-6801-4b61-9dfd-960fc2986380",
    "modDate" : 1750611823000,
    "name" : "fields-3",
    "required" : false,
    "variable" : "fields1",
    "sortOrder" : 1,
    "fixed" : false,
    "contentTypeId" : "855a2d72-f2f3-4169-8b04-ac5157c4380c",
    "dbColumn" : "system_field",
    "iDate" : 1527170171000,
    "dataType" : "SYSTEM"
  }, {
    "clazz" : "com.dotcms.contenttype.model.field.ImmutableTextField",
    "searchable" : true,
    "unique" : true,
    "indexed" : true,
    "listed" : true,
    "readOnly" : false,
    "forceIncludeInApi" : false,
    "id" : "ec8cc36f-6058-4ab5-9bfb-fc36ab011ee5",
    "modDate" : 1750611823000,
    "name" : "Site Key",
    "required" : true,
    "variable" : "hostName",
    "sortOrder" : 2,
    "fixed" : true,
    "contentTypeId" : "855a2d72-f2f3-4169-8b04-ac5157c4380c",
    "dbColumn" : "text1",
    "iDate" : 1258480531000,
    "dataType" : "TEXT"
  }, {
    "clazz" : "com.dotcms.contenttype.model.field.ImmutableTextAreaField",
    "searchable" : true,
    "unique" : false,
    "indexed" : true,
    "listed" : true,
    "readOnly" : false,
    "forceIncludeInApi" : false,
    "id" : "01f23a87-9859-4860-8368-f70a6ba9687f",
    "modDate" : 1750611823000,
    "name" : "Aliases",
    "required" : false,
    "variable" : "aliases",
    "sortOrder" : 3,
    "fixed" : true,
    "contentTypeId" : "855a2d72-f2f3-4169-8b04-ac5157c4380c",
    "dbColumn" : "text_area1",
    "iDate" : 1258480531000,
    "dataType" : "LONG_TEXT"
  }, {
    "clazz" : "com.dotcms.contenttype.model.field.ImmutableCustomField",
    "searchable" : false,
    "unique" : false,
    "indexed" : true,
    "listed" : false,
    "readOnly" : false,
    "forceIncludeInApi" : false,
    "id" : "cf5d08aa-7ff0-4fc8-a6ac-5a36e82cd741",
    "modDate" : 1750611823000,
    "name" : "Tag Storage",
    "required" : false,
    "variable" : "tagStorage",
    "sortOrder" : 4,
    "values" : "#parse('static/tag/tag_storage_field_creation.vtl')",
    "fixed" : true,
    "contentTypeId" : "855a2d72-f2f3-4169-8b04-ac5157c4380c",
    "dbColumn" : "text4",
    "iDate" : 1323987554000,
    "dataType" : "TEXT"
  }, {
    "clazz" : "com.dotcms.contenttype.model.field.ImmutableHiddenField",
    "searchable" : false,
    "unique" : false,
    "indexed" : true,
    "listed" : false,
    "readOnly" : true,
    "forceIncludeInApi" : false,
    "id" : "c4628fad-9122-404a-8248-faaac4e6c29f",
    "modDate" : 1750611823000,
    "name" : "Is Default",
    "required" : false,
    "variable" : "isDefault",
    "sortOrder" : 5,
    "values" : "true|true\nfalse|false",
    "defaultValue" : "false",
    "fixed" : true,
    "contentTypeId" : "855a2d72-f2f3-4169-8b04-ac5157c4380c",
    "dbColumn" : "bool1",
    "iDate" : 1258480531000,
    "dataType" : "BOOL"
  }, {
    "clazz" : "com.dotcms.contenttype.model.field.ImmutableHiddenField",
    "searchable" : false,
    "unique" : false,
    "indexed" : true,
    "listed" : false,
    "readOnly" : true,
    "forceIncludeInApi" : false,
    "id" : "a0712c61-06ec-4019-a148-21d53fe05f92",
    "modDate" : 1750611823000,
    "name" : "Is System Host",
    "required" : false,
    "variable" : "isSystemHost",
    "sortOrder" : 6,
    "values" : "true|true\nfalse|false",
    "defaultValue" : "false",
    "fixed" : true,
    "contentTypeId" : "855a2d72-f2f3-4169-8b04-ac5157c4380c",
    "dbColumn" : "bool2",
    "iDate" : 1258480531000,
    "dataType" : "BOOL"
  }, {
    "clazz" : "com.dotcms.contenttype.model.field.ImmutableBinaryField",
    "searchable" : false,
    "unique" : false,
    "indexed" : false,
    "listed" : false,
    "readOnly" : false,
    "forceIncludeInApi" : false,
    "id" : "8377586d-ac40-43b9-81ce-55b64f24433b",
    "modDate" : 1750611824000,
    "name" : "Host Thumbnail",
    "required" : false,
    "variable" : "hostThumbnail",
    "sortOrder" : 7,
    "fixed" : false,
    "contentTypeId" : "855a2d72-f2f3-4169-8b04-ac5157c4380c",
    "dbColumn" : "system_field",
    "iDate" : 1258480531000,
    "dataType" : "SYSTEM"
  }, {
    "clazz" : "com.dotcms.contenttype.model.field.ImmutableRadioField",
    "searchable" : false,
    "unique" : false,
    "indexed" : true,
    "listed" : false,
    "readOnly" : false,
    "forceIncludeInApi" : false,
    "id" : "2f00a11d-f64c-4f8f-8126-238cc01fbf96",
    "modDate" : 1750611824000,
    "name" : "Run Dashboard",
    "required" : false,
    "variable" : "runDashboard",
    "sortOrder" : 8,
    "values" : "Yes|1\r\nNo|0",
    "defaultValue" : "0",
    "fixed" : true,
    "contentTypeId" : "855a2d72-f2f3-4169-8b04-ac5157c4380c",
    "dbColumn" : "bool3",
    "iDate" : 1301085005000,
    "dataType" : "BOOL"
  } ],
  "fieldVariables" : [ ]
}, {
  "contentType" : {
    "clazz" : "com.dotcms.contenttype.model.type.ImmutableFileAssetContentType",
    "name" : "File Asset",
    "id" : "33888b6f-7a8e-4069-b1b6-5c1aa9d0a48d",
    "description" : "Default structure for all uploaded files",
    "defaultType" : false,
    "fixed" : true,
    "iDate" : 1323969554000,
    "system" : false,
    "versionable" : true,
    "multilingualable" : false,
    "variable" : "FileAsset",
    "modDate" : 1750611824000,
    "host" : "SYSTEM_HOST",
    "siteName" : "systemHost",
    "icon" : "attach_file",
    "sortOrder" : 0,
    "metadata" : { },
    "folder" : "SYSTEM_FOLDER",
    "folderPath" : "/"
  },
  "fields" : [ {
    "clazz" : "com.dotcms.contenttype.model.field.ImmutableHostFolderField",
    "searchable" : true,
    "unique" : false,
    "listed" : false,
    "readOnly" : false,
    "forceIncludeInApi" : false,
    "id" : "9e194425-7cea-45b1-81b9-aa53b4f9641e",
    "modDate" : 1750611824000,
    "name" : "Host Or Folder",
    "required" : true,
    "variable" : "hostFolder",
    "sortOrder" : 1,
    "fixed" : true,
    "contentTypeId" : "33888b6f-7a8e-4069-b1b6-5c1aa9d0a48d",
    "dbColumn" : "text1",
    "iDate" : 1323969555000,
    "indexed" : true,
    "dataType" : "TEXT"
  }, {
    "clazz" : "com.dotcms.contenttype.model.field.ImmutableTextField",
    "searchable" : true,
    "unique" : false,
    "indexed" : true,
    "listed" : true,
    "readOnly" : false,
    "forceIncludeInApi" : false,
    "id" : "f07d5eeb-609c-414a-83c7-948fce643e99",
    "modDate" : 1750611824000,
    "name" : "File Name",
    "required" : false,
    "variable" : "fileName",
    "sortOrder" : 2,
    "fixed" : true,
    "contentTypeId" : "33888b6f-7a8e-4069-b1b6-5c1aa9d0a48d",
    "dbColumn" : "text3",
    "iDate" : 1323969555000,
    "dataType" : "TEXT"
  }, {
    "clazz" : "com.dotcms.contenttype.model.field.ImmutableBinaryField",
    "searchable" : true,
    "unique" : false,
    "indexed" : true,
    "listed" : true,
    "readOnly" : false,
    "forceIncludeInApi" : false,
    "id" : "468512c0-423e-4f1a-b94c-7cf8b064260a",
    "modDate" : 1750611824000,
    "name" : "File Asset",
    "required" : true,
    "variable" : "fileAsset",
    "sortOrder" : 3,
    "fixed" : true,
    "contentTypeId" : "33888b6f-7a8e-4069-b1b6-5c1aa9d0a48d",
    "dbColumn" : "system_field",
    "iDate" : 1323969555000,
    "dataType" : "SYSTEM"
  }, {
    "clazz" : "com.dotcms.contenttype.model.field.ImmutableTextField",
    "searchable" : true,
    "unique" : false,
    "indexed" : true,
    "listed" : false,
    "readOnly" : false,
    "forceIncludeInApi" : false,
    "id" : "f49faf40-ae06-48b4-8801-cf169c9d2eb7",
    "modDate" : 1750611824000,
    "name" : "Title",
    "required" : true,
    "variable" : "title",
    "sortOrder" : 4,
    "fixed" : false,
    "contentTypeId" : "33888b6f-7a8e-4069-b1b6-5c1aa9d0a48d",
    "dbColumn" : "text2",
    "iDate" : 1323969555000,
    "dataType" : "TEXT"
  }, {
    "clazz" : "com.dotcms.contenttype.model.field.ImmutableTabDividerField",
    "searchable" : false,
    "unique" : false,
    "indexed" : false,
    "listed" : false,
    "readOnly" : false,
    "forceIncludeInApi" : false,
    "id" : "3bceabd2-a59d-4ad7-86f2-b557bfc205bb",
    "modDate" : 1750611824000,
    "name" : "Metadata",
    "required" : false,
    "variable" : "MetadataTab",
    "sortOrder" : 5,
    "fixed" : false,
    "contentTypeId" : "33888b6f-7a8e-4069-b1b6-5c1aa9d0a48d",
    "dbColumn" : "system_field",
    "iDate" : 1323969555000,
    "dataType" : "SYSTEM"
  }, {
    "clazz" : "com.dotcms.contenttype.model.field.ImmutableKeyValueField",
    "searchable" : true,
    "unique" : false,
    "listed" : false,
    "readOnly" : true,
    "forceIncludeInApi" : false,
    "id" : "c6960e09-8eb1-431e-8a5d-fa22d91cd6f1",
    "modDate" : 1750611824000,
    "name" : "Metadata",
    "required" : false,
    "variable" : "metaData",
    "sortOrder" : 6,
    "fixed" : true,
    "contentTypeId" : "33888b6f-7a8e-4069-b1b6-5c1aa9d0a48d",
    "dbColumn" : "text_area1",
    "iDate" : 1323969555000,
    "indexed" : true,
    "dataType" : "LONG_TEXT"
  }, {
    "clazz" : "com.dotcms.contenttype.model.field.ImmutableCheckboxField",
    "searchable" : false,
    "unique" : false,
    "indexed" : true,
    "listed" : false,
    "readOnly" : false,
    "forceIncludeInApi" : false,
    "id" : "b889dbf8-5e2c-4537-9f2b-024892cf2928",
    "modDate" : 1750611824000,
    "name" : "Show On Menu",
    "required" : false,
    "variable" : "showOnMenu",
    "sortOrder" : 7,
    "values" : "|true",
    "defaultValue" : "false",
    "fixed" : false,
    "contentTypeId" : "33888b6f-7a8e-4069-b1b6-5c1aa9d0a48d",
    "dbColumn" : "text4",
    "iDate" : 1323969555000,
    "dataType" : "TEXT"
  }, {
    "clazz" : "com.dotcms.contenttype.model.field.ImmutableTextField",
    "searchable" : false,
    "unique" : false,
    "indexed" : true,
    "listed" : false,
    "readOnly" : false,
    "forceIncludeInApi" : false,
    "id" : "46c9ead3-f501-42ca-9ac6-289ef109809f",
    "modDate" : 1750611824000,
    "name" : "Sort Order",
    "required" : false,
    "variable" : "sortOrder",
    "sortOrder" : 8,
    "defaultValue" : "0",
    "fixed" : false,
    "contentTypeId" : "33888b6f-7a8e-4069-b1b6-5c1aa9d0a48d",
    "dbColumn" : "integer1",
    "iDate" : 1323969555000,
    "dataType" : "INTEGER"
  }, {
    "clazz" : "com.dotcms.contenttype.model.field.ImmutableTextField",
    "searchable" : false,
    "unique" : false,
    "indexed" : true,
    "listed" : false,
    "readOnly" : false,
    "forceIncludeInApi" : false,
    "id" : "280f79fd-2c84-4840-8672-0651558974bd",
    "modDate" : 1750611824000,
    "name" : "Description",
    "required" : false,
    "variable" : "description",
    "sortOrder" : 9,
    "fixed" : false,
    "contentTypeId" : "33888b6f-7a8e-4069-b1b6-5c1aa9d0a48d",
    "dbColumn" : "text5",
    "iDate" : 1323969555000,
    "dataType" : "TEXT"
  } ],
  "fieldVariables" : [ ]
}, {
  "contentType" : {
    "clazz" : "com.dotcms.contenttype.model.type.ImmutableVanityUrlContentType",
    "name" : "Vanity URL",
    "id" : "8e850645-bb92-4fda-a765-e67063a59be0",
    "description" : "Default Content Type for Vanity URLs",
    "defaultType" : false,
    "fixed" : true,
    "iDate" : 1504197529000,
    "system" : false,
    "versionable" : true,
    "multilingualable" : false,
    "variable" : "Vanityurl",
    "modDate" : 1750611824000,
    "host" : "SYSTEM_HOST",
    "siteName" : "systemHost",
    "icon" : "link",
    "sortOrder" : 0,
    "metadata" : { },
    "folder" : "SYSTEM_FOLDER",
    "folderPath" : "/"
  },
  "fields" : [ {
    "clazz" : "com.dotcms.contenttype.model.field.ImmutableTextField",
    "searchable" : true,
    "unique" : false,
    "indexed" : true,
    "listed" : true,
    "readOnly" : false,
    "forceIncludeInApi" : false,
    "id" : "4e64a309-8c5e-48cf-b4a9-e724a5e09575",
    "modDate" : 1750611824000,
    "name" : "Title",
    "required" : true,
    "variable" : "title",
    "sortOrder" : 1,
    "fixed" : true,
    "contentTypeId" : "8e850645-bb92-4fda-a765-e67063a59be0",
    "dbColumn" : "text1",
    "iDate" : 1504197529000,
    "dataType" : "TEXT"
  }, {
    "clazz" : "com.dotcms.contenttype.model.field.ImmutableHostFolderField",
    "searchable" : false,
    "unique" : false,
    "listed" : false,
    "readOnly" : false,
    "forceIncludeInApi" : false,
    "id" : "3b7f25bb-c5be-48bb-b00b-5b1b754e550c",
    "modDate" : 1750611824000,
    "name" : "Site",
    "required" : true,
    "variable" : "site",
    "sortOrder" : 2,
    "values" : "$velutil.mergeTemplate('/static/content/site_selector_field_render.vtl')",
    "fixed" : true,
    "contentTypeId" : "8e850645-bb92-4fda-a765-e67063a59be0",
    "dbColumn" : "system_field",
    "iDate" : 1504197529000,
    "indexed" : true,
    "dataType" : "SYSTEM"
  }, {
    "clazz" : "com.dotcms.contenttype.model.field.ImmutableTextField",
    "searchable" : true,
    "unique" : false,
    "indexed" : true,
    "listed" : true,
    "readOnly" : false,
    "forceIncludeInApi" : false,
    "id" : "de4fea7f-4d8f-48eb-8a63-20772dced99a",
    "modDate" : 1750611824000,
    "name" : "Uri",
    "required" : true,
    "variable" : "uri",
    "sortOrder" : 3,
    "fixed" : true,
    "contentTypeId" : "8e850645-bb92-4fda-a765-e67063a59be0",
    "dbColumn" : "text3",
    "iDate" : 1504197529000,
    "dataType" : "TEXT"
  }, {
    "clazz" : "com.dotcms.contenttype.model.field.ImmutableSelectField",
    "searchable" : true,
    "unique" : false,
    "indexed" : true,
    "listed" : true,
    "readOnly" : false,
    "forceIncludeInApi" : false,
    "id" : "7e438b93-b631-4812-9c9c-331b03e6b1cd",
    "modDate" : 1750611824000,
    "name" : "Action",
    "required" : true,
    "variable" : "action",
    "sortOrder" : 4,
    "values" : "200 - Forward|200\r\n301 - Permanent Redirect|301\r\n302 - Temporary Redirect|302",
    "fixed" : true,
    "contentTypeId" : "8e850645-bb92-4fda-a765-e67063a59be0",
    "dbColumn" : "integer1",
    "iDate" : 1504197529000,
    "dataType" : "INTEGER"
  }, {
    "clazz" : "com.dotcms.contenttype.model.field.ImmutableCustomField",
    "searchable" : false,
    "unique" : false,
    "indexed" : true,
    "listed" : true,
    "readOnly" : false,
    "forceIncludeInApi" : false,
    "id" : "49f3803a-b2b0-4e03-bb2e-d1bb2a1c135e",
    "modDate" : 1750611824000,
    "name" : "Forward To",
    "required" : true,
    "variable" : "forwardTo",
    "sortOrder" : 5,
    "values" : "$velutil.mergeTemplate('/static/content/file_browser_field_render.vtl')",
    "fixed" : true,
    "contentTypeId" : "8e850645-bb92-4fda-a765-e67063a59be0",
    "dbColumn" : "text4",
    "iDate" : 1504197529000,
    "dataType" : "TEXT"
  }, {
    "clazz" : "com.dotcms.contenttype.model.field.ImmutableTextField",
    "searchable" : true,
    "unique" : false,
    "indexed" : true,
    "listed" : false,
    "readOnly" : false,
    "forceIncludeInApi" : false,
    "id" : "9ae3e58a-75c9-4e4a-90f3-6f0d5f32a6f0",
    "modDate" : 1750611824000,
    "name" : "Order",
    "required" : true,
    "variable" : "order",
    "sortOrder" : 6,
    "defaultValue" : "0",
    "fixed" : true,
    "contentTypeId" : "8e850645-bb92-4fda-a765-e67063a59be0",
    "dbColumn" : "integer2",
    "iDate" : 1504197529000,
    "dataType" : "INTEGER"
  } ],
  "fieldVariables" : [ ]
}, {
  "contentType" : {
    "clazz" : "com.dotcms.contenttype.model.type.ImmutableSimpleContentType",
    "name" : "Dot Favorite Page",
    "id" : "ce930143870e11569f93f8a9fff5da19",
    "defaultType" : false,
    "fixed" : false,
    "iDate" : 1673451732000,
    "system" : true,
    "versionable" : true,
    "multilingualable" : false,
    "variable" : "dotFavoritePage",
    "modDate" : 1750611824000,
    "host" : "SYSTEM_HOST",
    "siteName" : "systemHost",
    "icon" : "event_note",
    "sortOrder" : 0,
    "metadata" : { },
    "folder" : "SYSTEM_FOLDER",
    "folderPath" : "/"
  },
  "fields" : [ {
    "clazz" : "com.dotcms.contenttype.model.field.ImmutableBinaryField",
    "searchable" : false,
    "unique" : false,
    "indexed" : false,
    "listed" : false,
    "readOnly" : false,
    "forceIncludeInApi" : false,
    "id" : "fd98a0871c994d0ff1a8407a391487da",
    "modDate" : 1750611824000,
    "name" : "Screenshot",
    "required" : false,
    "variable" : "screenshot",
    "sortOrder" : 0,
    "fixed" : false,
    "contentTypeId" : "ce930143870e11569f93f8a9fff5da19",
    "dbColumn" : "system_field",
    "iDate" : 1683665548000,
    "dataType" : "SYSTEM"
  }, {
    "clazz" : "com.dotcms.contenttype.model.field.ImmutableTextField",
    "searchable" : false,
    "unique" : false,
    "indexed" : false,
    "listed" : false,
    "readOnly" : false,
    "forceIncludeInApi" : false,
    "id" : "d0c2a52795fd310b21b4778d3e9b17e5",
    "modDate" : 1750611824000,
    "name" : "title",
    "required" : false,
    "variable" : "title",
    "sortOrder" : 1,
    "fixed" : false,
    "contentTypeId" : "ce930143870e11569f93f8a9fff5da19",
    "dbColumn" : "text1",
    "iDate" : 1683665548000,
    "dataType" : "TEXT"
  }, {
    "clazz" : "com.dotcms.contenttype.model.field.ImmutableTextField",
    "searchable" : false,
    "unique" : false,
    "indexed" : true,
    "listed" : false,
    "readOnly" : false,
    "forceIncludeInApi" : false,
    "id" : "17c8f531d34e93b0b84f094f5c6643b6",
    "modDate" : 1750611824000,
    "name" : "url",
    "required" : true,
    "variable" : "url",
    "sortOrder" : 2,
    "fixed" : false,
    "contentTypeId" : "ce930143870e11569f93f8a9fff5da19",
    "dbColumn" : "text2",
    "iDate" : 1683665548000,
    "dataType" : "TEXT"
  }, {
    "clazz" : "com.dotcms.contenttype.model.field.ImmutableTextField",
    "searchable" : false,
    "unique" : false,
    "indexed" : true,
    "listed" : false,
    "readOnly" : false,
    "forceIncludeInApi" : false,
    "id" : "0a9d0982c02b4ad1b18c0e2536cb037e",
    "modDate" : 1750611824000,
    "name" : "order",
    "required" : false,
    "variable" : "order",
    "sortOrder" : 3,
    "fixed" : false,
    "contentTypeId" : "ce930143870e11569f93f8a9fff5da19",
    "dbColumn" : "integer1",
    "iDate" : 1683665548000,
    "dataType" : "INTEGER"
  } ],
  "fieldVariables" : [ ]
}, {
  "contentType" : {
    "clazz" : "com.dotcms.contenttype.model.type.ImmutablePageContentType",
    "name" : "Page",
    "id" : "c541abb1-69b3-4bc5-8430-5e09e5239cc8",
    "description" : "Default Structure for Pages",
    "defaultType" : false,
    "fixed" : true,
    "iDate" : 1432812394000,
    "system" : false,
    "versionable" : true,
    "multilingualable" : false,
    "variable" : "htmlpageasset",
    "modDate" : 1750611825000,
    "host" : "SYSTEM_HOST",
    "siteName" : "systemHost",
    "icon" : "description",
    "sortOrder" : 0,
    "metadata" : { },
    "folder" : "SYSTEM_FOLDER",
    "folderPath" : "/"
  },
  "fields" : [ {
    "clazz" : "com.dotcms.contenttype.model.field.ImmutableRowField",
    "fieldContentTypeProperties" : [ ],
    "searchable" : false,
    "unique" : false,
    "indexed" : false,
    "listed" : false,
    "readOnly" : false,
    "forceIncludeInApi" : false,
    "id" : "653ed908a94a23600f89feb9fb873955",
    "modDate" : 1750611824000,
    "name" : "Row Field",
    "required" : false,
    "variable" : "rowField",
    "sortOrder" : 0,
    "fixed" : false,
    "contentTypeId" : "c541abb1-69b3-4bc5-8430-5e09e5239cc8",
    "dbColumn" : "system_field",
    "iDate" : 1721410819000,
    "dataType" : "SYSTEM"
  }, {
    "clazz" : "com.dotcms.contenttype.model.field.ImmutableColumnField",
    "fieldContentTypeProperties" : [ ],
    "searchable" : false,
    "unique" : false,
    "indexed" : false,
    "listed" : false,
    "readOnly" : false,
    "forceIncludeInApi" : false,
    "id" : "5f8031bdc429c4428cebdc64ddb65b1e",
    "modDate" : 1750611824000,
    "name" : "Column Field",
    "required" : false,
    "variable" : "columnField",
    "sortOrder" : 1,
    "fixed" : false,
    "contentTypeId" : "c541abb1-69b3-4bc5-8430-5e09e5239cc8",
    "dbColumn" : "system_field",
    "iDate" : 1721410819000,
    "dataType" : "SYSTEM"
  }, {
    "clazz" : "com.dotcms.contenttype.model.field.ImmutableCustomField",
    "searchable" : true,
    "unique" : false,
    "indexed" : true,
    "listed" : true,
    "readOnly" : false,
    "forceIncludeInApi" : false,
    "id" : "c623cd2f-6653-47d8-9825-1153061ea088",
    "modDate" : 1750611824000,
    "name" : "Title",
    "required" : true,
    "variable" : "title",
    "sortOrder" : 2,
    "values" : "$velutil.mergeTemplate('/static/htmlpage_assets/title_custom_field.vtl')",
    "fixed" : true,
    "contentTypeId" : "c541abb1-69b3-4bc5-8430-5e09e5239cc8",
    "dbColumn" : "text1",
    "iDate" : 1421398266000,
    "dataType" : "TEXT"
  }, {
    "clazz" : "com.dotcms.contenttype.model.field.ImmutableTextField",
    "searchable" : true,
    "unique" : false,
    "indexed" : true,
    "listed" : true,
    "readOnly" : false,
    "forceIncludeInApi" : false,
    "id" : "a1bfbb4f-b78b-4197-94e7-917f4e812043",
    "modDate" : 1750611824000,
    "name" : "Url",
    "required" : true,
    "variable" : "url",
    "sortOrder" : 3,
    "fixed" : true,
    "contentTypeId" : "c541abb1-69b3-4bc5-8430-5e09e5239cc8",
    "dbColumn" : "text3",
    "iDate" : 1421398266000,
    "dataType" : "TEXT"
  }, {
    "clazz" : "com.dotcms.contenttype.model.field.ImmutableHostFolderField",
    "searchable" : true,
    "unique" : false,
    "listed" : false,
    "readOnly" : false,
    "forceIncludeInApi" : false,
    "id" : "23b5f1be-935e-442e-be48-1cf2d1c96d71",
    "modDate" : 1750611824000,
    "name" : "Host or Folder",
    "required" : true,
    "variable" : "hostFolder",
    "sortOrder" : 4,
    "fixed" : true,
    "contentTypeId" : "c541abb1-69b3-4bc5-8430-5e09e5239cc8",
    "dbColumn" : "text2",
    "iDate" : 1421398266000,
    "indexed" : true,
    "dataType" : "TEXT"
  }, {
    "clazz" : "com.dotcms.contenttype.model.field.ImmutableCustomField",
    "searchable" : true,
    "unique" : false,
    "indexed" : true,
    "listed" : false,
    "readOnly" : false,
    "forceIncludeInApi" : false,
    "id" : "bf73876b-8517-4123-a0ec-d862ba6e8797",
    "modDate" : 1750611824000,
    "name" : "Template",
    "required" : true,
    "variable" : "template",
    "sortOrder" : 5,
    "values" : "$velutil.mergeTemplate('/static/htmlpage_assets/template_custom_field.vtl')",
    "fixed" : true,
    "contentTypeId" : "c541abb1-69b3-4bc5-8430-5e09e5239cc8",
    "dbColumn" : "text5",
    "iDate" : 1421398266000,
    "dataType" : "TEXT"
  }, {
    "clazz" : "com.dotcms.contenttype.model.field.ImmutableTextField",
    "searchable" : true,
    "unique" : false,
    "indexed" : true,
    "listed" : false,
    "readOnly" : false,
    "forceIncludeInApi" : false,
    "id" : "d8a7431e-140d-4076-bf07-17fdfad6a14e",
    "modDate" : 1750611824000,
    "name" : "Friendly Name",
    "required" : true,
    "variable" : "friendlyName",
    "sortOrder" : 6,
    "fixed" : false,
    "contentTypeId" : "c541abb1-69b3-4bc5-8430-5e09e5239cc8",
    "dbColumn" : "text7",
    "iDate" : 1421398266000,
    "dataType" : "TEXT"
  }, {
    "clazz" : "com.dotcms.contenttype.model.field.ImmutableCheckboxField",
    "searchable" : false,
    "unique" : false,
    "indexed" : true,
    "listed" : false,
    "readOnly" : false,
    "forceIncludeInApi" : false,
    "id" : "99ac031c-7d72-4b08-bedd-37a71b594950",
    "modDate" : 1750611824000,
    "name" : "Show on Menu",
    "required" : false,
    "variable" : "showOnMenu",
    "sortOrder" : 7,
    "values" : "|true",
    "defaultValue" : "false",
    "fixed" : false,
    "contentTypeId" : "c541abb1-69b3-4bc5-8430-5e09e5239cc8",
    "dbColumn" : "text6",
    "iDate" : 1421398266000,
    "dataType" : "TEXT"
  }, {
    "clazz" : "com.dotcms.contenttype.model.field.ImmutableTextField",
    "searchable" : true,
    "unique" : false,
    "indexed" : true,
    "listed" : false,
    "readOnly" : false,
    "forceIncludeInApi" : false,
    "id" : "1677ca4f-e46f-449f-ae59-4952fb567e5e",
    "modDate" : 1750611824000,
    "name" : "Sort Order",
    "required" : true,
    "variable" : "sortOrder",
    "sortOrder" : 8,
    "defaultValue" : "0",
    "fixed" : false,
    "contentTypeId" : "c541abb1-69b3-4bc5-8430-5e09e5239cc8",
    "dbColumn" : "integer1",
    "iDate" : 1421398266000,
    "dataType" : "INTEGER"
  }, {
    "clazz" : "com.dotcms.contenttype.model.field.ImmutableCustomField",
    "searchable" : true,
    "unique" : false,
    "indexed" : true,
    "listed" : false,
    "readOnly" : false,
    "forceIncludeInApi" : false,
    "id" : "e633ab20-0aa1-4ed1-b052-82a711af61df",
    "modDate" : 1750611824000,
    "name" : "Cache TTL (seconds)",
    "required" : true,
    "variable" : "cachettl",
    "sortOrder" : 9,
    "values" : "$velutil.mergeTemplate('/static/htmlpage_assets/cachettl_custom_field.vtl')",
    "regexCheck" : "^[0-9]+$",
    "fixed" : false,
    "contentTypeId" : "c541abb1-69b3-4bc5-8430-5e09e5239cc8",
    "dbColumn" : "text4",
    "iDate" : 1421398266000,
    "dataType" : "TEXT"
  }, {
    "clazz" : "com.dotcms.contenttype.model.field.ImmutableTabDividerField",
    "searchable" : false,
    "unique" : false,
    "indexed" : false,
    "listed" : false,
    "readOnly" : false,
    "forceIncludeInApi" : false,
    "id" : "1aa4bbc6-d30e-4b43-8f13-d6e8f2a58a52",
    "modDate" : 1750611824000,
    "name" : "Advanced Properties",
    "required" : false,
    "variable" : "advancedtab",
    "sortOrder" : 10,
    "fixed" : false,
    "contentTypeId" : "c541abb1-69b3-4bc5-8430-5e09e5239cc8",
    "dbColumn" : "system_field",
    "iDate" : 1421398266000,
    "dataType" : "SYSTEM"
  }, {
    "clazz" : "com.dotcms.contenttype.model.field.ImmutableRowField",
    "fieldContentTypeProperties" : [ ],
    "searchable" : false,
    "unique" : false,
    "indexed" : false,
    "listed" : false,
    "readOnly" : false,
    "forceIncludeInApi" : false,
    "id" : "d7bc36717f66fd64acd7ee4331e39a1b",
    "modDate" : 1750611824000,
    "name" : "Row Field",
    "required" : false,
    "variable" : "rowField1",
    "sortOrder" : 11,
    "fixed" : false,
    "contentTypeId" : "c541abb1-69b3-4bc5-8430-5e09e5239cc8",
    "dbColumn" : "system_field",
    "iDate" : 1721410819000,
    "dataType" : "SYSTEM"
  }, {
    "clazz" : "com.dotcms.contenttype.model.field.ImmutableColumnField",
    "fieldContentTypeProperties" : [ ],
    "searchable" : false,
    "unique" : false,
    "indexed" : false,
    "listed" : false,
    "readOnly" : false,
    "forceIncludeInApi" : false,
    "id" : "0fc7fe408c30ccd239233ce6eae16ba5",
    "modDate" : 1750611825000,
    "name" : "Column Field",
    "required" : false,
    "variable" : "columnField1",
    "sortOrder" : 12,
    "fixed" : false,
    "contentTypeId" : "c541abb1-69b3-4bc5-8430-5e09e5239cc8",
    "dbColumn" : "system_field",
    "iDate" : 1721410819000,
    "dataType" : "SYSTEM"
  }, {
    "clazz" : "com.dotcms.contenttype.model.field.ImmutableCustomField",
    "searchable" : true,
    "unique" : false,
    "indexed" : true,
    "listed" : false,
    "readOnly" : false,
    "forceIncludeInApi" : false,
    "id" : "ba99667c-87be-44cd-82b6-4aa7bb157ac7",
    "modDate" : 1750611825000,
    "name" : "Redirect Url",
    "required" : false,
    "variable" : "redirecturl",
    "sortOrder" : 13,
    "values" : "$velutil.mergeTemplate('/static/htmlpage_assets/redirect_custom_field.vtl')",
    "fixed" : false,
    "contentTypeId" : "c541abb1-69b3-4bc5-8430-5e09e5239cc8",
    "dbColumn" : "text8",
    "iDate" : 1421398266000,
    "dataType" : "TEXT"
  }, {
    "clazz" : "com.dotcms.contenttype.model.field.ImmutableCheckboxField",
    "searchable" : false,
    "unique" : false,
    "indexed" : true,
    "listed" : false,
    "readOnly" : false,
    "forceIncludeInApi" : false,
    "id" : "b0d65eee-b050-4fa2-bcf6-4016dc4e20af",
    "modDate" : 1750611825000,
    "name" : "HTTPS Required",
    "required" : false,
    "variable" : "httpsreq",
    "sortOrder" : 14,
    "values" : "|true",
    "defaultValue" : "false",
    "fixed" : false,
    "contentTypeId" : "c541abb1-69b3-4bc5-8430-5e09e5239cc8",
    "dbColumn" : "text9",
    "iDate" : 1421398266000,
    "dataType" : "TEXT"
  }, {
    "clazz" : "com.dotcms.contenttype.model.field.ImmutableTextAreaField",
    "searchable" : true,
    "unique" : false,
    "indexed" : true,
    "listed" : false,
    "readOnly" : false,
    "forceIncludeInApi" : false,
    "id" : "dfc5f28d-d47e-4007-869a-f2d5cfbc3d39",
    "modDate" : 1750611825000,
    "name" : "SEO Description",
    "required" : false,
    "variable" : "seodescription",
    "sortOrder" : 15,
    "fixed" : false,
    "contentTypeId" : "c541abb1-69b3-4bc5-8430-5e09e5239cc8",
    "dbColumn" : "text_area1",
    "iDate" : 1421398266000,
    "dataType" : "LONG_TEXT"
  }, {
    "clazz" : "com.dotcms.contenttype.model.field.ImmutableTextAreaField",
    "searchable" : true,
    "unique" : false,
    "indexed" : true,
    "listed" : false,
    "readOnly" : false,
    "forceIncludeInApi" : false,
    "id" : "f00b3844-820d-4967-9f8e-0cce68d22b13",
    "modDate" : 1750611825000,
    "name" : "SEO Keywords",
    "required" : false,
    "variable" : "seokeywords",
    "sortOrder" : 16,
    "fixed" : false,
    "contentTypeId" : "c541abb1-69b3-4bc5-8430-5e09e5239cc8",
    "dbColumn" : "text_area2",
    "iDate" : 1421398266000,
    "dataType" : "LONG_TEXT"
  }, {
    "clazz" : "com.dotcms.contenttype.model.field.ImmutableTextAreaField",
    "searchable" : true,
    "unique" : false,
    "indexed" : true,
    "listed" : false,
    "readOnly" : false,
    "forceIncludeInApi" : false,
    "id" : "c50906a6-dafb-4348-a185-a9334448813c",
    "modDate" : 1750611825000,
    "name" : "Page Metadata",
    "required" : false,
    "variable" : "pagemetadata",
    "sortOrder" : 17,
    "fixed" : false,
    "contentTypeId" : "c541abb1-69b3-4bc5-8430-5e09e5239cc8",
    "dbColumn" : "text_area3",
    "iDate" : 1421398266000,
    "dataType" : "LONG_TEXT"
  }, {
    "clazz" : "com.dotcms.contenttype.model.field.ImmutableTextField",
    "searchable" : false,
    "unique" : false,
    "indexed" : false,
    "listed" : false,
    "readOnly" : false,
    "forceIncludeInApi" : false,
    "id" : "95b191a7-a28e-463f-bb0f-e0d36fb40022",
    "modDate" : 1750611825000,
    "name" : "Canonical URL",
    "required" : false,
    "variable" : "canonicalUrl",
    "sortOrder" : 18,
    "fixed" : false,
    "contentTypeId" : "c541abb1-69b3-4bc5-8430-5e09e5239cc8",
    "dbColumn" : "text10",
    "iDate" : 1432812395000,
    "dataType" : "TEXT"
  } ],
  "fieldVariables" : [ ]
}, {
  "contentType" : {
    "clazz" : "com.dotcms.contenttype.model.type.ImmutableSimpleContentType",
    "name" : "Producto",
    "id" : "e16be8d19e4d9780e9a40e09bbe2eca0",
    "defaultType" : false,
    "fixed" : false,
    "iDate" : 1748213855000,
    "system" : false,
    "versionable" : true,
    "multilingualable" : false,
    "variable" : "Producto",
    "modDate" : 1750611826000,
    "host" : "8a7d5e23-da1e-420a-b4f0-471e7da8ea2d",
    "siteName" : "default",
    "icon" : "event_note",
    "sortOrder" : 0,
    "metadata" : {
      "CONTENT_EDITOR2_ENABLED" : false
    },
    "folder" : "SYSTEM_FOLDER",
    "folderPath" : "/"
  },
  "fields" : [ {
    "clazz" : "com.dotcms.contenttype.model.field.ImmutableRowField",
    "fieldContentTypeProperties" : [ ],
    "searchable" : false,
    "unique" : false,
    "indexed" : false,
    "listed" : false,
    "readOnly" : false,
    "forceIncludeInApi" : false,
    "id" : "c79a93fe5fd04430b8d0c99a4272b378",
    "modDate" : 1750611825000,
    "name" : "fields-0",
    "required" : false,
    "variable" : "fields0",
    "sortOrder" : 0,
    "fixed" : false,
    "contentTypeId" : "e16be8d19e4d9780e9a40e09bbe2eca0",
    "dbColumn" : "system_field",
    "iDate" : 1748213855000,
    "dataType" : "SYSTEM"
  }, {
    "clazz" : "com.dotcms.contenttype.model.field.ImmutableColumnField",
    "fieldContentTypeProperties" : [ ],
    "searchable" : false,
    "unique" : false,
    "indexed" : false,
    "listed" : false,
    "readOnly" : false,
    "forceIncludeInApi" : false,
    "id" : "5addd43f9b878f0587485cd2f776f324",
    "modDate" : 1750611825000,
    "name" : "fields-1",
    "required" : false,
    "variable" : "fields1",
    "sortOrder" : 1,
    "fixed" : false,
    "contentTypeId" : "e16be8d19e4d9780e9a40e09bbe2eca0",
    "dbColumn" : "system_field",
    "iDate" : 1748213855000,
    "dataType" : "SYSTEM"
  }, {
    "clazz" : "com.dotcms.contenttype.model.field.ImmutableTextField",
    "searchable" : true,
    "unique" : false,
    "indexed" : true,
    "listed" : true,
    "readOnly" : false,
    "forceIncludeInApi" : false,
    "id" : "a59202e2572a698831c6483b0ec02bb2",
    "modDate" : 1750611825000,
    "name" : "Title",
    "required" : true,
    "variable" : "title",
    "sortOrder" : 2,
    "fixed" : false,
    "contentTypeId" : "e16be8d19e4d9780e9a40e09bbe2eca0",
    "dbColumn" : "text1",
    "iDate" : 1748214092000,
    "dataType" : "TEXT"
  }, {
    "clazz" : "com.dotcms.contenttype.model.field.ImmutableTextField",
    "searchable" : true,
    "unique" : false,
    "indexed" : true,
    "listed" : true,
    "readOnly" : false,
    "forceIncludeInApi" : false,
    "id" : "cbe46e4f3eecca6af001dd50da9b5f9a",
    "modDate" : 1750611825000,
    "name" : "Id",
    "required" : true,
    "variable" : "id",
    "sortOrder" : 3,
    "fixed" : false,
    "contentTypeId" : "e16be8d19e4d9780e9a40e09bbe2eca0",
    "dbColumn" : "text2",
    "iDate" : 1748214128000,
    "dataType" : "TEXT"
  }, {
    "clazz" : "com.dotcms.contenttype.model.field.ImmutableTextField",
    "searchable" : true,
    "unique" : false,
    "indexed" : true,
    "listed" : true,
    "readOnly" : false,
    "forceIncludeInApi" : false,
    "id" : "51a338b91cf38cba79c62ea277455f58",
    "modDate" : 1750611825000,
    "name" : "Retail Price",
    "required" : true,
    "variable" : "retailPrice",
    "sortOrder" : 4,
    "fixed" : false,
    "contentTypeId" : "e16be8d19e4d9780e9a40e09bbe2eca0",
    "dbColumn" : "text3",
    "iDate" : 1748214291000,
    "dataType" : "TEXT"
  }, {
    "clazz" : "com.dotcms.contenttype.model.field.ImmutableTextField",
    "searchable" : true,
    "unique" : false,
    "indexed" : true,
    "listed" : true,
    "readOnly" : false,
    "forceIncludeInApi" : false,
    "id" : "558ac4104470b0feda7084202db880ff",
    "modDate" : 1750611825000,
    "name" : "Sale Price",
    "required" : false,
    "variable" : "salePrice",
    "sortOrder" : 5,
    "fixed" : false,
    "contentTypeId" : "e16be8d19e4d9780e9a40e09bbe2eca0",
    "dbColumn" : "text4",
    "iDate" : 1748214308000,
    "dataType" : "TEXT"
  }, {
    "clazz" : "com.dotcms.contenttype.model.field.ImmutableRadioField",
    "searchable" : true,
    "unique" : false,
    "indexed" : true,
    "listed" : true,
    "readOnly" : false,
    "forceIncludeInApi" : false,
    "id" : "cd05ff34468d1b0025e94931dd22df8e",
    "modDate" : 1750611825000,
    "name" : "Show in Recommended Section",
    "required" : false,
    "variable" : "showInRecommendedSection",
    "sortOrder" : 6,
    "values" : "Yes|Yes\r\nNo|No",
    "defaultValue" : "No",
    "fixed" : false,
    "contentTypeId" : "e16be8d19e4d9780e9a40e09bbe2eca0",
    "dbColumn" : "text5",
    "iDate" : 1748214338000,
    "dataType" : "TEXT"
  }, {
    "clazz" : "com.dotcms.contenttype.model.field.ImmutableTextField",
    "searchable" : true,
    "unique" : false,
    "indexed" : true,
    "listed" : true,
    "readOnly" : false,
    "forceIncludeInApi" : false,
    "id" : "1de4550fb9392139895c841dde9793d0",
    "modDate" : 1750611825000,
    "name" : "Stock",
    "required" : true,
    "variable" : "stock",
    "sortOrder" : 7,
    "fixed" : false,
    "contentTypeId" : "e16be8d19e4d9780e9a40e09bbe2eca0",
    "dbColumn" : "integer1",
    "iDate" : 1748214618000,
    "dataType" : "INTEGER"
  }, {
    "clazz" : "com.dotcms.contenttype.model.field.ImmutableColumnField",
    "fieldContentTypeProperties" : [ ],
    "searchable" : false,
    "unique" : false,
    "indexed" : false,
    "listed" : false,
    "readOnly" : false,
    "forceIncludeInApi" : false,
    "id" : "6579fadb259776d9be57ad61c759070c",
    "modDate" : 1750611825000,
    "name" : "fields-2",
    "required" : false,
    "variable" : "fields2",
    "sortOrder" : 8,
    "fixed" : false,
    "contentTypeId" : "e16be8d19e4d9780e9a40e09bbe2eca0",
    "dbColumn" : "system_field",
    "iDate" : 1748214408000,
    "dataType" : "SYSTEM"
  }, {
    "clazz" : "com.dotcms.contenttype.model.field.ImmutableWysiwygField",
    "searchable" : false,
    "unique" : false,
    "indexed" : false,
    "listed" : false,
    "readOnly" : false,
    "forceIncludeInApi" : false,
    "id" : "ef632cc7ff52559bba4c6c9c4ca967ea",
    "modDate" : 1750611825000,
    "name" : "Description",
    "required" : false,
    "variable" : "description",
    "sortOrder" : 9,
    "fixed" : false,
    "contentTypeId" : "e16be8d19e4d9780e9a40e09bbe2eca0",
    "dbColumn" : "text_area1",
    "iDate" : 1748214192000,
    "dataType" : "LONG_TEXT"
  }, {
    "clazz" : "com.dotcms.contenttype.model.field.ImmutableCategoryField",
    "searchable" : true,
    "unique" : false,
    "listed" : false,
    "readOnly" : false,
    "forceIncludeInApi" : false,
    "id" : "4632dab01733ec558af851c062eeabda",
    "modDate" : 1750611825000,
    "name" : "Categoria",
    "required" : false,
    "variable" : "categoria",
    "sortOrder" : 10,
    "values" : "87c7fcbd26d9ab6d0f8d3df3527ab946",
    "fixed" : false,
    "contentTypeId" : "e16be8d19e4d9780e9a40e09bbe2eca0",
    "dbColumn" : "system_field",
    "iDate" : 1748214781000,
    "indexed" : true,
    "dataType" : "SYSTEM"
  }, {
    "clazz" : "com.dotcms.contenttype.model.field.ImmutableCheckboxField",
    "searchable" : false,
    "unique" : false,
    "indexed" : false,
    "listed" : false,
    "readOnly" : false,
    "forceIncludeInApi" : false,
    "id" : "36c972fdb02143408c192afd26972e32",
    "modDate" : 1750611825000,
    "name" : "Activo",
    "required" : false,
    "variable" : "activo",
    "sortOrder" : 11,
    "values" : "Yes|Yes\r\nNo|No",
    "fixed" : false,
    "contentTypeId" : "e16be8d19e4d9780e9a40e09bbe2eca0",
    "dbColumn" : "text6",
    "iDate" : 1748214917000,
    "dataType" : "TEXT"
  }, {
    "clazz" : "com.dotcms.contenttype.model.field.ImmutableRowField",
    "fieldContentTypeProperties" : [ ],
    "searchable" : false,
    "unique" : false,
    "indexed" : false,
    "listed" : false,
    "readOnly" : false,
    "forceIncludeInApi" : false,
    "id" : "4a83edf8df20e42d076c6144d57db87b",
    "modDate" : 1750611825000,
    "name" : "fields-3",
    "required" : false,
    "variable" : "fields3",
    "sortOrder" : 12,
    "fixed" : false,
    "contentTypeId" : "e16be8d19e4d9780e9a40e09bbe2eca0",
    "dbColumn" : "system_field",
    "iDate" : 1748214461000,
    "dataType" : "SYSTEM"
  }, {
    "clazz" : "com.dotcms.contenttype.model.field.ImmutableColumnField",
    "fieldContentTypeProperties" : [ ],
    "searchable" : false,
    "unique" : false,
    "indexed" : false,
    "listed" : false,
    "readOnly" : false,
    "forceIncludeInApi" : false,
    "id" : "66fdaef072e3ce52357b933fde3034d6",
    "modDate" : 1750611826000,
    "name" : "fields-4",
    "required" : false,
    "variable" : "fields4",
    "sortOrder" : 13,
    "fixed" : false,
    "contentTypeId" : "e16be8d19e4d9780e9a40e09bbe2eca0",
    "dbColumn" : "system_field",
    "iDate" : 1748214461000,
    "dataType" : "SYSTEM"
  }, {
    "clazz" : "com.dotcms.contenttype.model.field.ImmutableBinaryField",
    "searchable" : false,
    "unique" : false,
    "indexed" : false,
    "listed" : false,
    "readOnly" : false,
    "forceIncludeInApi" : false,
    "id" : "16e082183ae945e7902034bfe77c7f68",
    "modDate" : 1750611826000,
    "name" : "Image1",
    "required" : false,
    "variable" : "image1",
    "sortOrder" : 14,
    "fixed" : false,
    "contentTypeId" : "e16be8d19e4d9780e9a40e09bbe2eca0",
    "dbColumn" : "system_field",
    "iDate" : 1748214144000,
    "dataType" : "SYSTEM"
  }, {
    "clazz" : "com.dotcms.contenttype.model.field.ImmutableColumnField",
    "fieldContentTypeProperties" : [ ],
    "searchable" : false,
    "unique" : false,
    "indexed" : false,
    "listed" : false,
    "readOnly" : false,
    "forceIncludeInApi" : false,
    "id" : "d4778f3abbd9ccabc8ae14ad6d3a795b",
    "modDate" : 1750611826000,
    "name" : "fields-5",
    "required" : false,
    "variable" : "fields5",
    "sortOrder" : 15,
    "fixed" : false,
    "contentTypeId" : "e16be8d19e4d9780e9a40e09bbe2eca0",
    "dbColumn" : "system_field",
    "iDate" : 1748214529000,
    "dataType" : "SYSTEM"
  }, {
    "clazz" : "com.dotcms.contenttype.model.field.ImmutableBinaryField",
    "searchable" : false,
    "unique" : false,
    "indexed" : false,
    "listed" : false,
    "readOnly" : false,
    "forceIncludeInApi" : false,
    "id" : "06d556455c526c3df0a88ff076727cf4",
    "modDate" : 1750611826000,
    "name" : "Image2",
    "required" : false,
    "variable" : "image2",
    "sortOrder" : 16,
    "fixed" : false,
    "contentTypeId" : "e16be8d19e4d9780e9a40e09bbe2eca0",
    "dbColumn" : "system_field",
    "iDate" : 1748214152000,
    "dataType" : "SYSTEM"
  }, {
    "clazz" : "com.dotcms.contenttype.model.field.ImmutableColumnField",
    "fieldContentTypeProperties" : [ ],
    "searchable" : false,
    "unique" : false,
    "indexed" : false,
    "listed" : false,
    "readOnly" : false,
    "forceIncludeInApi" : false,
    "id" : "13615ed7dfaed3489624bb52b866b681",
    "modDate" : 1750611826000,
    "name" : "fields-6",
    "required" : false,
    "variable" : "fields6",
    "sortOrder" : 17,
    "fixed" : false,
    "contentTypeId" : "e16be8d19e4d9780e9a40e09bbe2eca0",
    "dbColumn" : "system_field",
    "iDate" : 1748214537000,
    "dataType" : "SYSTEM"
  }, {
    "clazz" : "com.dotcms.contenttype.model.field.ImmutableBinaryField",
    "searchable" : false,
    "unique" : false,
    "indexed" : false,
    "listed" : false,
    "readOnly" : false,
    "forceIncludeInApi" : false,
    "id" : "2fea0fca7529d6ff95fed633a8fa2346",
    "modDate" : 1750611826000,
    "name" : "Image3",
    "required" : false,
    "variable" : "image3",
    "sortOrder" : 18,
    "fixed" : false,
    "contentTypeId" : "e16be8d19e4d9780e9a40e09bbe2eca0",
    "dbColumn" : "system_field",
    "iDate" : 1748214159000,
    "dataType" : "SYSTEM"
  }, {
    "clazz" : "com.dotcms.contenttype.model.field.ImmutableRowField",
    "fieldContentTypeProperties" : [ ],
    "searchable" : false,
    "unique" : false,
    "indexed" : false,
    "listed" : false,
    "readOnly" : false,
    "forceIncludeInApi" : false,
    "id" : "af53e033bbff8dbbf8af0fb3ee850527",
    "modDate" : 1750611826000,
    "name" : "fields-7",
    "required" : false,
    "variable" : "fields7",
    "sortOrder" : 19,
    "fixed" : false,
    "contentTypeId" : "e16be8d19e4d9780e9a40e09bbe2eca0",
    "dbColumn" : "system_field",
    "iDate" : 1748214553000,
    "dataType" : "SYSTEM"
  }, {
    "clazz" : "com.dotcms.contenttype.model.field.ImmutableColumnField",
    "fieldContentTypeProperties" : [ ],
    "searchable" : false,
    "unique" : false,
    "indexed" : false,
    "listed" : false,
    "readOnly" : false,
    "forceIncludeInApi" : false,
    "id" : "3008e9d3f00774f0f30f3c8be3f7d685",
    "modDate" : 1750611826000,
    "name" : "fields-8",
    "required" : false,
    "variable" : "fields8",
    "sortOrder" : 20,
    "fixed" : false,
    "contentTypeId" : "e16be8d19e4d9780e9a40e09bbe2eca0",
    "dbColumn" : "system_field",
    "iDate" : 1748214553000,
    "dataType" : "SYSTEM"
  }, {
    "clazz" : "com.dotcms.contenttype.model.field.ImmutableKeyValueField",
    "searchable" : true,
    "unique" : false,
    "listed" : false,
    "readOnly" : false,
    "forceIncludeInApi" : false,
    "id" : "8a39438efd95c9313459cd13b7c11e84",
    "modDate" : 1750611826000,
    "name" : "Specs",
    "required" : false,
    "variable" : "specs",
    "sortOrder" : 21,
    "fixed" : false,
    "contentTypeId" : "e16be8d19e4d9780e9a40e09bbe2eca0",
    "dbColumn" : "text_area2",
    "iDate" : 1748214261000,
    "indexed" : true,
    "dataType" : "LONG_TEXT"
  } ],
  "fieldVariables" : [ ]
}, {
  "contentType" : {
    "clazz" : "com.dotcms.contenttype.model.type.ImmutableSimpleContentType",
    "name" : "Categoria",
    "id" : "f2a3721bde8451663a4ca05f1abf921c",
    "defaultType" : false,
    "fixed" : false,
    "iDate" : 1748319324000,
    "system" : false,
    "versionable" : true,
    "multilingualable" : false,
    "variable" : "Categoria",
    "modDate" : 1750613799000,
    "host" : "8a7d5e23-da1e-420a-b4f0-471e7da8ea2d",
    "siteName" : "default",
    "icon" : "category",
    "sortOrder" : 0,
    "metadata" : {
      "CONTENT_EDITOR2_ENABLED" : false
    },
    "folder" : "SYSTEM_FOLDER",
    "folderPath" : "/"
  },
  "fields" : [ {
    "clazz" : "com.dotcms.contenttype.model.field.ImmutableRowField",
    "fieldContentTypeProperties" : [ ],
    "searchable" : false,
    "unique" : false,
    "indexed" : false,
    "listed" : false,
    "readOnly" : false,
    "forceIncludeInApi" : false,
    "id" : "bb35f203354a5d8209caab109b4a402d",
    "modDate" : 1750611826000,
    "name" : "fields-0",
    "required" : false,
    "variable" : "fields0",
    "sortOrder" : 0,
    "fixed" : false,
    "contentTypeId" : "f2a3721bde8451663a4ca05f1abf921c",
    "dbColumn" : "system_field",
    "iDate" : 1748319324000,
    "dataType" : "SYSTEM"
  }, {
    "clazz" : "com.dotcms.contenttype.model.field.ImmutableColumnField",
    "fieldContentTypeProperties" : [ ],
    "searchable" : false,
    "unique" : false,
    "indexed" : false,
    "listed" : false,
    "readOnly" : false,
    "forceIncludeInApi" : false,
    "id" : "e33eebd04bd05d1919f23dc42cec7769",
    "modDate" : 1750611826000,
    "name" : "fields-1",
    "required" : false,
    "variable" : "fields1",
    "sortOrder" : 1,
    "fixed" : false,
    "contentTypeId" : "f2a3721bde8451663a4ca05f1abf921c",
    "dbColumn" : "system_field",
    "iDate" : 1748319324000,
    "dataType" : "SYSTEM"
  }, {
    "clazz" : "com.dotcms.contenttype.model.field.ImmutableTextField",
    "searchable" : true,
    "unique" : false,
    "indexed" : true,
    "listed" : true,
    "readOnly" : false,
    "forceIncludeInApi" : false,
    "id" : "cee92157d6754c13c18db3ddcc7ceedb",
    "modDate" : 1750611826000,
    "name" : "Titulo",
    "required" : true,
    "variable" : "titulo",
    "sortOrder" : 2,
    "fixed" : false,
    "contentTypeId" : "f2a3721bde8451663a4ca05f1abf921c",
    "dbColumn" : "text1",
    "iDate" : 1748319356000,
    "dataType" : "TEXT"
  }, {
    "clazz" : "com.dotcms.contenttype.model.field.ImmutableRelationshipField",
    "searchable" : true,
    "unique" : false,
    "listed" : false,
    "readOnly" : false,
    "forceIncludeInApi" : false,
    "id" : "dda557983bd39372d0d62e176a3ec683",
    "modDate" : 1750613799000,
    "name" : "Menu",
    "relationType" : "Menu",
    "required" : false,
    "variable" : "menu",
    "sortOrder" : 3,
    "values" : "0",
    "fixed" : false,
    "contentTypeId" : "f2a3721bde8451663a4ca05f1abf921c",
    "dbColumn" : "system_field",
    "iDate" : 1750613799000,
    "indexed" : true,
    "dataType" : "SYSTEM",
    "skipRelationshipCreation" : false
  } ],
  "fieldVariables" : [ ]
}, {
  "contentType" : {
    "clazz" : "com.dotcms.contenttype.model.type.ImmutableSimpleContentType",
    "name" : "Menu",
    "id" : "d6fed088b09d1aef8f8817661d43841a",
    "defaultType" : false,
    "fixed" : false,
    "iDate" : 1748215404000,
    "system" : false,
    "versionable" : true,
    "multilingualable" : false,
    "variable" : "Menu",
    "modDate" : 1750613835000,
    "host" : "8a7d5e23-da1e-420a-b4f0-471e7da8ea2d",
    "siteName" : "default",
    "icon" : "fastfood",
    "sortOrder" : 0,
    "metadata" : {
      "CONTENT_EDITOR2_ENABLED" : false
    },
    "folder" : "SYSTEM_FOLDER",
    "folderPath" : "/"
  },
  "fields" : [ {
    "clazz" : "com.dotcms.contenttype.model.field.ImmutableRowField",
    "fieldContentTypeProperties" : [ ],
    "searchable" : false,
    "unique" : false,
    "indexed" : false,
    "listed" : false,
    "readOnly" : false,
    "forceIncludeInApi" : false,
    "id" : "abf078df76b49eb8ba195db8013bbf90",
    "modDate" : 1750611826000,
    "name" : "fields-0",
    "required" : false,
    "variable" : "fields0",
    "sortOrder" : 0,
    "fixed" : false,
    "contentTypeId" : "d6fed088b09d1aef8f8817661d43841a",
    "dbColumn" : "system_field",
    "iDate" : 1748215404000,
    "dataType" : "SYSTEM"
  }, {
    "clazz" : "com.dotcms.contenttype.model.field.ImmutableColumnField",
    "fieldContentTypeProperties" : [ ],
    "searchable" : false,
    "unique" : false,
    "indexed" : false,
    "listed" : false,
    "readOnly" : false,
    "forceIncludeInApi" : false,
    "id" : "6508dfb733f64225c7c8afa322922530",
    "modDate" : 1750611826000,
    "name" : "fields-1",
    "required" : false,
    "variable" : "fields1",
    "sortOrder" : 1,
    "fixed" : false,
    "contentTypeId" : "d6fed088b09d1aef8f8817661d43841a",
    "dbColumn" : "system_field",
    "iDate" : 1748215404000,
    "dataType" : "SYSTEM"
  }, {
    "clazz" : "com.dotcms.contenttype.model.field.ImmutableTextField",
    "searchable" : true,
    "unique" : false,
    "indexed" : true,
    "listed" : true,
    "readOnly" : false,
    "forceIncludeInApi" : false,
    "id" : "a0072b3ebf1321162e69020c2e7db6e2",
    "modDate" : 1750611826000,
    "name" : "Titulo",
    "required" : true,
    "variable" : "titulo",
    "sortOrder" : 2,
    "fixed" : false,
    "contentTypeId" : "d6fed088b09d1aef8f8817661d43841a",
    "dbColumn" : "text1",
    "iDate" : 1748215430000,
    "dataType" : "TEXT"
  }, {
    "clazz" : "com.dotcms.contenttype.model.field.ImmutableRelationshipField",
    "searchable" : true,
    "unique" : false,
    "listed" : false,
    "readOnly" : false,
    "forceIncludeInApi" : false,
    "id" : "369d2525773790b0ceceb86a5cfa4747",
    "modDate" : 1750613834000,
    "name" : "Categoria",
    "relationType" : "Categoria.menu",
    "required" : false,
    "variable" : "categoria",
    "sortOrder" : 3,
    "values" : "0",
    "fixed" : false,
    "contentTypeId" : "d6fed088b09d1aef8f8817661d43841a",
    "dbColumn" : "system_field",
    "iDate" : 1750613834000,
    "indexed" : true,
    "dataType" : "SYSTEM",
    "skipRelationshipCreation" : false
  }, {
    "clazz" : "com.dotcms.contenttype.model.field.ImmutableWysiwygField",
    "searchable" : true,
    "unique" : false,
    "indexed" : true,
    "listed" : false,
    "readOnly" : false,
    "forceIncludeInApi" : false,
    "id" : "f78ebc7bcd94b7b189fdac7940973841",
    "modDate" : 1750613835000,
    "name" : "Descripcion",
    "required" : true,
    "variable" : "descripcion",
    "sortOrder" : 4,
    "fixed" : false,
    "contentTypeId" : "d6fed088b09d1aef8f8817661d43841a",
    "dbColumn" : "text_area1",
    "iDate" : 1748215882000,
    "dataType" : "LONG_TEXT"
  }, {
    "clazz" : "com.dotcms.contenttype.model.field.ImmutableTextField",
    "searchable" : true,
    "unique" : false,
    "indexed" : true,
    "listed" : true,
    "readOnly" : false,
    "forceIncludeInApi" : false,
    "id" : "396d6bd5decf6efad50ee367b1ecbfc5",
    "modDate" : 1750613835000,
    "name" : "Precio",
    "required" : true,
    "variable" : "precio",
    "sortOrder" : 5,
    "fixed" : false,
    "contentTypeId" : "d6fed088b09d1aef8f8817661d43841a",
    "dbColumn" : "text2",
    "iDate" : 1748216170000,
    "dataType" : "TEXT"
  }, {
    "clazz" : "com.dotcms.contenttype.model.field.ImmutableBinaryField",
    "searchable" : false,
    "unique" : false,
    "indexed" : false,
    "listed" : false,
    "readOnly" : false,
    "forceIncludeInApi" : false,
    "id" : "c579b120a0d4f0354015a042acb60447",
    "modDate" : 1750613835000,
    "name" : "Imagen1",
    "required" : false,
    "variable" : "imagen1",
    "sortOrder" : 6,
    "fixed" : false,
    "contentTypeId" : "d6fed088b09d1aef8f8817661d43841a",
    "dbColumn" : "system_field",
    "iDate" : 1748216192000,
    "dataType" : "SYSTEM"
  }, {
    "clazz" : "com.dotcms.contenttype.model.field.ImmutableRadioField",
    "searchable" : true,
    "unique" : false,
    "indexed" : true,
    "listed" : true,
    "readOnly" : false,
    "forceIncludeInApi" : false,
    "id" : "1fda092febfe22481487b34a730a6cfa",
    "modDate" : 1750613835000,
    "name" : "Destacado",
    "required" : false,
    "variable" : "destacado",
    "sortOrder" : 7,
    "values" : "si|si\r\nno|no",
    "defaultValue" : "no",
    "fixed" : false,
    "contentTypeId" : "d6fed088b09d1aef8f8817661d43841a",
    "dbColumn" : "text3",
    "iDate" : 1748220519000,
    "dataType" : "TEXT"
  } ],
  "fieldVariables" : [ ]
} ]