{"schemes":[{"id":"d61a59e1-a49c-46f2-a929-db2b4bfa88b2","creationDate":1750613982523,"name":"System Workflow","variableName":"SystemWorkflow","description":"","archived":false,"mandatory":false,"defaultScheme":false,"modDate":1750611827835,"entryActionId":null,"system":true}],"steps":[{"id":"6cb7e3bd-1710-4eed-8838-d3db60f78f19","creationDate":1750613982565,"name":"New","schemeId":"d61a59e1-a49c-46f2-a929-db2b4bfa88b2","myOrder":0,"resolved":false,"enableEscalation":false,"escalationAction":null,"escalationTime":0},{"id":"ee24a4cb-2d15-4c98-b1bd-6327126451f3","creationDate":1750613982566,"name":"Draft","schemeId":"d61a59e1-a49c-46f2-a929-db2b4bfa88b2","myOrder":1,"resolved":false,"enableEscalation":false,"escalationAction":null,"escalationTime":0},{"id":"dc3c9cd0-8467-404b-bf95-cb7df3fbc293","creationDate":1750613982567,"name":"Published","schemeId":"d61a59e1-a49c-46f2-a929-db2b4bfa88b2","myOrder":2,"resolved":true,"enableEscalation":false,"escalationAction":null,"escalationTime":0},{"id":"d6b095b6-b65f-4bdb-bbfd-701d663dfee2","creationDate":1750613982568,"name":"Archived","schemeId":"d61a59e1-a49c-46f2-a929-db2b4bfa88b2","myOrder":3,"resolved":true,"enableEscalation":false,"escalationAction":null,"escalationTime":0}],"actions":[{"id":"4da13a42-5d59-480c-ad8f-94a3adf809fe","name":"Archive","schemeId":"d61a59e1-a49c-46f2-a929-db2b4bfa88b2","condition":"","nextStep":"d6b095b6-b65f-4bdb-bbfd-701d663dfee2","nextAssign":"654b0931-1027-41f7-ad4d-173115ed8ec1","icon":"workflowIcon","roleHierarchyForAssign":false,"assignable":false,"commentable":false,"order":0,"metadata":{},"nextStepCurrentStep":false,"owner":null,"showOn":["ARCHIVED","LISTING","UNPUBLISHED","UNLOCKED"],"hasOnlyBatchActionlet":false,"hasPublishActionlet":false,"hasUnpublishActionlet":false,"hasArchiveActionlet":true,"hasUnarchiveActionlet":false,"hasDeleteActionlet":false,"hasDestroyActionlet":false,"hasCommentActionlet":false,"hasResetActionlet":false,"hasPushPublishActionlet":false,"hasMoveActionletActionlet":false,"hasMoveActionletHasPathActionlet":false,"hasSaveActionlet":false},{"id":"963f6a04-5320-42e7-ab74-6d876d199946","name":"Copy","schemeId":"d61a59e1-a49c-46f2-a929-db2b4bfa88b2","condition":"","nextStep":"currentstep","nextAssign":"654b0931-1027-41f7-ad4d-173115ed8ec1","icon":"workflowIcon","roleHierarchyForAssign":false,"assignable":false,"commentable":false,"order":0,"metadata":{},"nextStepCurrentStep":true,"owner":null,"showOn":["LISTING","UNLOCKED","PUBLISHED","LOCKED"],"hasOnlyBatchActionlet":false,"hasPublishActionlet":false,"hasUnpublishActionlet":false,"hasArchiveActionlet":false,"hasUnarchiveActionlet":false,"hasDeleteActionlet":false,"hasDestroyActionlet":false,"hasCommentActionlet":false,"hasResetActionlet":false,"hasPushPublishActionlet":false,"hasMoveActionletActionlet":false,"hasMoveActionletHasPathActionlet":false,"hasSaveActionlet":false},{"id":"777f1c6b-c877-4a37-ba4b-10627316c2cc","name":"Delete","schemeId":"d61a59e1-a49c-46f2-a929-db2b4bfa88b2","condition":"","nextStep":"d6b095b6-b65f-4bdb-bbfd-701d663dfee2","nextAssign":"654b0931-1027-41f7-ad4d-173115ed8ec1","icon":"workflowIcon","roleHierarchyForAssign":false,"assignable":false,"commentable":false,"order":0,"metadata":{},"nextStepCurrentStep":false,"owner":null,"showOn":["ARCHIVED","LISTING","UNLOCKED","EDITING","LOCKED"],"hasOnlyBatchActionlet":false,"hasPublishActionlet":false,"hasUnpublishActionlet":false,"hasArchiveActionlet":false,"hasUnarchiveActionlet":false,"hasDeleteActionlet":true,"hasDestroyActionlet":false,"hasCommentActionlet":false,"hasResetActionlet":false,"hasPushPublishActionlet":false,"hasMoveActionletActionlet":false,"hasMoveActionletHasPathActionlet":false,"hasSaveActionlet":false},{"id":"1e0f1c6b-b67f-4c99-983d-db2b4bfa88b2","name":"Destroy","schemeId":"d61a59e1-a49c-46f2-a929-db2b4bfa88b2","condition":"","nextStep":"d6b095b6-b65f-4bdb-bbfd-701d663dfee2","nextAssign":"654b0931-1027-41f7-ad4d-173115ed8ec1","icon":"workflowIcon","roleHierarchyForAssign":false,"assignable":false,"commentable":false,"order":0,"metadata":{},"nextStepCurrentStep":false,"owner":null,"showOn":["ARCHIVED","LISTING","UNLOCKED","EDITING","LOCKED"],"hasOnlyBatchActionlet":false,"hasPublishActionlet":false,"hasUnpublishActionlet":false,"hasArchiveActionlet":false,"hasUnarchiveActionlet":false,"hasDeleteActionlet":false,"hasDestroyActionlet":true,"hasCommentActionlet":false,"hasResetActionlet":false,"hasPushPublishActionlet":false,"hasMoveActionletActionlet":false,"hasMoveActionletHasPathActionlet":false,"hasSaveActionlet":false},{"id":"dd4c4b7c-e9d3-4dc0-8fbf-36102f9c6324","name":"Move","schemeId":"d61a59e1-a49c-46f2-a929-db2b4bfa88b2","condition":"","nextStep":"currentstep","nextAssign":"654b0931-1027-41f7-ad4d-173115ed8ec1","icon":"workflowIcon","roleHierarchyForAssign":false,"assignable":false,"commentable":false,"order":0,"metadata":{},"nextStepCurrentStep":true,"owner":null,"showOn":["LISTING","UNLOCKED","PUBLISHED","EDITING","LOCKED"],"hasOnlyBatchActionlet":false,"hasPublishActionlet":false,"hasUnpublishActionlet":false,"hasArchiveActionlet":false,"hasUnarchiveActionlet":false,"hasDeleteActionlet":false,"hasDestroyActionlet":false,"hasCommentActionlet":false,"hasResetActionlet":false,"hasPushPublishActionlet":false,"hasMoveActionletActionlet":true,"hasMoveActionletHasPathActionlet":false,"hasSaveActionlet":false},{"id":"b9d89c80-3d88-4311-8365-187323c96436","name":"Publish","schemeId":"d61a59e1-a49c-46f2-a929-db2b4bfa88b2","condition":"","nextStep":"dc3c9cd0-8467-404b-bf95-cb7df3fbc293","nextAssign":"654b0931-1027-41f7-ad4d-173115ed8ec1","icon":"workflowIcon","roleHierarchyForAssign":false,"assignable":false,"commentable":false,"order":0,"metadata":{},"nextStepCurrentStep":false,"owner":null,"showOn":["LISTING","UNPUBLISHED","UNLOCKED","PUBLISHED","NEW","EDITING","LOCKED"],"hasOnlyBatchActionlet":false,"hasPublishActionlet":true,"hasUnpublishActionlet":false,"hasArchiveActionlet":false,"hasUnarchiveActionlet":false,"hasDeleteActionlet":false,"hasDestroyActionlet":false,"hasCommentActionlet":false,"hasResetActionlet":false,"hasPushPublishActionlet":false,"hasMoveActionletActionlet":false,"hasMoveActionletHasPathActionlet":false,"hasSaveActionlet":true},{"id":"ceca71a0-deee-4999-bd47-b01baa1bcfc8","name":"Save","schemeId":"d61a59e1-a49c-46f2-a929-db2b4bfa88b2","condition":"","nextStep":"ee24a4cb-2d15-4c98-b1bd-6327126451f3","nextAssign":"654b0931-1027-41f7-ad4d-173115ed8ec1","icon":"workflowIcon","roleHierarchyForAssign":false,"assignable":false,"commentable":false,"order":0,"metadata":{},"nextStepCurrentStep":false,"owner":null,"showOn":["UNPUBLISHED","PUBLISHED","NEW","EDITING","LOCKED"],"hasOnlyBatchActionlet":false,"hasPublishActionlet":false,"hasUnpublishActionlet":false,"hasArchiveActionlet":false,"hasUnarchiveActionlet":false,"hasDeleteActionlet":false,"hasDestroyActionlet":false,"hasCommentActionlet":false,"hasResetActionlet":false,"hasPushPublishActionlet":false,"hasMoveActionletActionlet":false,"hasMoveActionletHasPathActionlet":false,"hasSaveActionlet":true},{"id":"c92f9aa1-9503-4567-ac30-d3242b54d02d","name":"Unarchive","schemeId":"d61a59e1-a49c-46f2-a929-db2b4bfa88b2","condition":"","nextStep":"ee24a4cb-2d15-4c98-b1bd-6327126451f3","nextAssign":"654b0931-1027-41f7-ad4d-173115ed8ec1","icon":"workflowIcon","roleHierarchyForAssign":false,"assignable":false,"commentable":false,"order":0,"metadata":{},"nextStepCurrentStep":false,"owner":null,"showOn":["ARCHIVED","LISTING","UNLOCKED","LOCKED"],"hasOnlyBatchActionlet":false,"hasPublishActionlet":false,"hasUnpublishActionlet":false,"hasArchiveActionlet":false,"hasUnarchiveActionlet":true,"hasDeleteActionlet":false,"hasDestroyActionlet":false,"hasCommentActionlet":false,"hasResetActionlet":false,"hasPushPublishActionlet":false,"hasMoveActionletActionlet":false,"hasMoveActionletHasPathActionlet":false,"hasSaveActionlet":false},{"id":"38efc763-d78f-4e4b-b092-59cd8c579b93","name":"Unpublish","schemeId":"d61a59e1-a49c-46f2-a929-db2b4bfa88b2","condition":"","nextStep":"ee24a4cb-2d15-4c98-b1bd-6327126451f3","nextAssign":"654b0931-1027-41f7-ad4d-173115ed8ec1","icon":"workflowIcon","roleHierarchyForAssign":false,"assignable":false,"commentable":false,"order":0,"metadata":{},"nextStepCurrentStep":false,"owner":null,"showOn":["LISTING","UNLOCKED","PUBLISHED","LOCKED"],"hasOnlyBatchActionlet":false,"hasPublishActionlet":false,"hasUnpublishActionlet":true,"hasArchiveActionlet":false,"hasUnarchiveActionlet":false,"hasDeleteActionlet":false,"hasDestroyActionlet":false,"hasCommentActionlet":false,"hasResetActionlet":false,"hasPushPublishActionlet":false,"hasMoveActionletActionlet":false,"hasMoveActionletHasPathActionlet":false,"hasSaveActionlet":false}],"actionSteps":[{"stepId":"6cb7e3bd-1710-4eed-8838-d3db60f78f19","actionId":"ceca71a0-deee-4999-bd47-b01baa1bcfc8","actionOrder":"0"},{"stepId":"6cb7e3bd-1710-4eed-8838-d3db60f78f19","actionId":"b9d89c80-3d88-4311-8365-187323c96436","actionOrder":"1"},{"stepId":"6cb7e3bd-1710-4eed-8838-d3db60f78f19","actionId":"777f1c6b-c877-4a37-ba4b-10627316c2cc","actionOrder":"2"},{"stepId":"ee24a4cb-2d15-4c98-b1bd-6327126451f3","actionId":"ceca71a0-deee-4999-bd47-b01baa1bcfc8","actionOrder":"0"},{"stepId":"ee24a4cb-2d15-4c98-b1bd-6327126451f3","actionId":"dd4c4b7c-e9d3-4dc0-8fbf-36102f9c6324","actionOrder":"1"},{"stepId":"ee24a4cb-2d15-4c98-b1bd-6327126451f3","actionId":"38efc763-d78f-4e4b-b092-59cd8c579b93","actionOrder":"2"},{"stepId":"ee24a4cb-2d15-4c98-b1bd-6327126451f3","actionId":"963f6a04-5320-42e7-ab74-6d876d199946","actionOrder":"3"},{"stepId":"ee24a4cb-2d15-4c98-b1bd-6327126451f3","actionId":"b9d89c80-3d88-4311-8365-187323c96436","actionOrder":"4"},{"stepId":"ee24a4cb-2d15-4c98-b1bd-6327126451f3","actionId":"4da13a42-5d59-480c-ad8f-94a3adf809fe","actionOrder":"5"},{"stepId":"dc3c9cd0-8467-404b-bf95-cb7df3fbc293","actionId":"963f6a04-5320-42e7-ab74-6d876d199946","actionOrder":"0"},{"stepId":"dc3c9cd0-8467-404b-bf95-cb7df3fbc293","actionId":"38efc763-d78f-4e4b-b092-59cd8c579b93","actionOrder":"1"},{"stepId":"dc3c9cd0-8467-404b-bf95-cb7df3fbc293","actionId":"ceca71a0-deee-4999-bd47-b01baa1bcfc8","actionOrder":"2"},{"stepId":"dc3c9cd0-8467-404b-bf95-cb7df3fbc293","actionId":"4da13a42-5d59-480c-ad8f-94a3adf809fe","actionOrder":"3"},{"stepId":"dc3c9cd0-8467-404b-bf95-cb7df3fbc293","actionId":"b9d89c80-3d88-4311-8365-187323c96436","actionOrder":"4"},{"stepId":"dc3c9cd0-8467-404b-bf95-cb7df3fbc293","actionId":"dd4c4b7c-e9d3-4dc0-8fbf-36102f9c6324","actionOrder":"5"},{"stepId":"d6b095b6-b65f-4bdb-bbfd-701d663dfee2","actionId":"c92f9aa1-9503-4567-ac30-d3242b54d02d","actionOrder":"0"},{"stepId":"d6b095b6-b65f-4bdb-bbfd-701d663dfee2","actionId":"777f1c6b-c877-4a37-ba4b-10627316c2cc","actionOrder":"1"},{"stepId":"d6b095b6-b65f-4bdb-bbfd-701d663dfee2","actionId":"1e0f1c6b-b67f-4c99-983d-db2b4bfa88b2","actionOrder":"2"}],"actionClasses":[{"id":"74c560b7-f71d-44cd-bb33-8016abb3f0f2","actionId":"4da13a42-5d59-480c-ad8f-94a3adf809fe","name":"Archive content","order":0,"clazz":"com.dotmarketing.portlets.workflows.actionlet.ArchiveContentActionlet","actionlet":{"howTo":"This actionlet will archive the content.","name":"Archive content","parameters":null,"actionClass":"com.dotmarketing.portlets.workflows.actionlet.ArchiveContentActionlet","localizedHowto":"com.dotmarketing.portlets.workflows.actionlet.ArchiveContentActionlet.howTo","localizedName":"Archive Content"}},{"id":"6bc6def5-0565-483d-a5bf-e42d4e424bf0","actionId":"4da13a42-5d59-480c-ad8f-94a3adf809fe","name":"Unlock content","order":1,"clazz":"com.dotmarketing.portlets.workflows.actionlet.CheckinContentActionlet","actionlet":{"howTo":"This actionlet will unlock the content.","nextStep":null,"name":"Unlock content","parameters":[{"displayName":"Force Unlock","key":"force-unlock","defaultValue":"false","required":false}],"actionClass":"com.dotmarketing.portlets.workflows.actionlet.CheckinContentActionlet","localizedHowto":"com.dotmarketing.portlets.workflows.actionlet.CheckinContentActionlet.howTo","localizedName":"Unlock Content"}},{"id":"a0346612-62fe-4a8f-bdbc-528d25c71a13","actionId":"963f6a04-5320-42e7-ab74-6d876d199946","name":"Copy Contentlet","order":0,"clazz":"com.dotmarketing.portlets.workflows.actionlet.CopyActionlet","actionlet":{"howTo":"This workflow actionlet copies the edited contentlet ","name":"Copy Contentlet","parameters":[],"actionClass":"com.dotmarketing.portlets.workflows.actionlet.CopyActionlet","localizedHowto":"com.dotmarketing.portlets.workflows.actionlet.CopyActionlet.howTo","localizedName":"Copy Contentlet"}},{"id":"93f32847-87b7-4770-bd00-987446fd69b8","actionId":"777f1c6b-c877-4a37-ba4b-10627316c2cc","name":"Delete content","order":0,"clazz":"com.dotmarketing.portlets.workflows.actionlet.DeleteContentActionlet","actionlet":{"howTo":"This action will delete the content. Warning: this can't be undone!","name":"Delete content","parameters":null,"actionClass":"com.dotmarketing.portlets.workflows.actionlet.DeleteContentActionlet","localizedHowto":"com.dotmarketing.portlets.workflows.actionlet.DeleteContentActionlet.howTo","localizedName":"Delete content"}},{"id":"74f42846-86b6-4660-bd00-789446fd67c8","actionId":"1e0f1c6b-b67f-4c99-983d-db2b4bfa88b2","name":"Destroy content","order":0,"clazz":"com.dotmarketing.portlets.workflows.actionlet.DestroyContentActionlet","actionlet":{"howTo":"This will destroy the content in ALL languages that exist and cannot be undone","name":"Destroy content","parameters":null,"actionClass":"com.dotmarketing.portlets.workflows.actionlet.DestroyContentActionlet","localizedHowto":"com.dotmarketing.portlets.workflows.actionlet.DestroyContentActionlet.howTo","localizedName":"Destroy content"}},{"id":"f970943f-3768-49b6-bc6b-f24f9affbfbf","actionId":"dd4c4b7c-e9d3-4dc0-8fbf-36102f9c6324","name":"Move","order":0,"clazz":"com.dotmarketing.portlets.workflows.actionlet.MoveContentActionlet","actionlet":{"howTo":"If the path is not set on this actionlet, dotCMS will allow a user to select a destination","name":"Move","parameters":[{"displayName":"Optional path to move, for example: //demo.dotcms.com/application","key":"path","defaultValue":"","required":false}],"actionClass":"com.dotmarketing.portlets.workflows.actionlet.MoveContentActionlet","localizedHowto":"com.dotmarketing.portlets.workflows.actionlet.MoveContentActionlet.howTo","localizedName":"Move"}},{"id":"b84879e9-545f-4436-b4c5-e76c1743d168","actionId":"b9d89c80-3d88-4311-8365-187323c96436","name":"Save content","order":0,"clazz":"com.dotmarketing.portlets.workflows.actionlet.SaveContentActionlet","actionlet":{"howTo":"This actionlet will checkin the content.","nextStep":null,"name":"Save content","parameters":null,"actionClass":"com.dotmarketing.portlets.workflows.actionlet.SaveContentActionlet","localizedHowto":"com.dotmarketing.portlets.workflows.actionlet.SaveContentActionlet.howTo","localizedName":"Save content"}},{"id":"9aacba54-b6f4-424c-97f2-56019cbdbbc7","actionId":"b9d89c80-3d88-4311-8365-187323c96436","name":"Publish content","order":1,"clazz":"com.dotmarketing.portlets.workflows.actionlet.PublishContentActionlet","actionlet":{"howTo":"This actionlet will publish the content.","nextStep":null,"name":"Publish content","parameters":null,"actionClass":"com.dotmarketing.portlets.workflows.actionlet.PublishContentActionlet","localizedHowto":"com.dotmarketing.portlets.workflows.actionlet.PublishContentActionlet.howTo","localizedName":"Publish Content"}},{"id":"6abcf2ab-16ae-4d84-9977-b6124d4d1f73","actionId":"b9d89c80-3d88-4311-8365-187323c96436","name":"Unlock content","order":2,"clazz":"com.dotmarketing.portlets.workflows.actionlet.CheckinContentActionlet","actionlet":{"howTo":"This actionlet will unlock the content.","nextStep":null,"name":"Unlock content","parameters":[{"displayName":"Force Unlock","key":"force-unlock","defaultValue":"false","required":false}],"actionClass":"com.dotmarketing.portlets.workflows.actionlet.CheckinContentActionlet","localizedHowto":"com.dotmarketing.portlets.workflows.actionlet.CheckinContentActionlet.howTo","localizedName":"Unlock Content"}},{"id":"52c05cfd-5544-4fe1-9fa4-4e9d95059909","actionId":"ceca71a0-deee-4999-bd47-b01baa1bcfc8","name":"Save Draft content","order":0,"clazz":"com.dotmarketing.portlets.workflows.actionlet.SaveContentAsDraftActionlet","actionlet":{"howTo":"This actionlet will do checkin as draft the content.","nextStep":null,"name":"Save Draft content","parameters":null,"actionClass":"com.dotmarketing.portlets.workflows.actionlet.SaveContentAsDraftActionlet","localizedHowto":"com.dotmarketing.portlets.workflows.actionlet.SaveContentAsDraftActionlet.howTo","localizedName":"Save Draft content"}},{"id":"7e25aaa2-8371-479a-a978-01374c70decd","actionId":"ceca71a0-deee-4999-bd47-b01baa1bcfc8","name":"Unlock content","order":1,"clazz":"com.dotmarketing.portlets.workflows.actionlet.CheckinContentActionlet","actionlet":{"howTo":"This actionlet will unlock the content.","nextStep":null,"name":"Unlock content","parameters":[{"displayName":"Force Unlock","key":"force-unlock","defaultValue":"false","required":false}],"actionClass":"com.dotmarketing.portlets.workflows.actionlet.CheckinContentActionlet","localizedHowto":"com.dotmarketing.portlets.workflows.actionlet.CheckinContentActionlet.howTo","localizedName":"Unlock Content"}},{"id":"a766e1a8-dd14-4b6a-b39e-98db6a258623","actionId":"c92f9aa1-9503-4567-ac30-d3242b54d02d","name":"Unarchive content","order":0,"clazz":"com.dotmarketing.portlets.workflows.actionlet.UnarchiveContentActionlet","actionlet":{"howTo":"This actionlet will un archive the content and return it to a working state","nextStep":null,"name":"Unarchive content","parameters":null,"actionClass":"com.dotmarketing.portlets.workflows.actionlet.UnarchiveContentActionlet","localizedHowto":"com.dotmarketing.portlets.workflows.actionlet.UnarchiveContentActionlet.howTo","localizedName":"Unarchive Content"}},{"id":"4132cee3-393d-42ee-84f7-1084a015c4b3","actionId":"38efc763-d78f-4e4b-b092-59cd8c579b93","name":"Unpublish content","order":0,"clazz":"com.dotmarketing.portlets.workflows.actionlet.UnpublishContentActionlet","actionlet":{"howTo":"This actionlet will unpublish the content.","nextStep":null,"name":"Unpublish content","parameters":null,"actionClass":"com.dotmarketing.portlets.workflows.actionlet.UnpublishContentActionlet","localizedHowto":"com.dotmarketing.portlets.workflows.actionlet.UnpublishContentActionlet.howTo","localizedName":"Unpublish Content"}}],"actionClassParams":[{"id":"3cded941-2f87-49cd-9349-97eb7375bbbe","actionClassId":"6bc6def5-0565-483d-a5bf-e42d4e424bf0","key":"force-unlock","value":"false"},{"id":"a56ff395-bc37-40d8-a3bb-23cf572b37f1","actionClassId":"f970943f-3768-49b6-bc6b-f24f9affbfbf","key":"path","value":null},{"id":"b9507d57-4d89-445b-9395-ee2bb30eba7a","actionClassId":"6abcf2ab-16ae-4d84-9977-b6124d4d1f73","key":"force-unlock","value":"false"},{"id":"6858a410-8261-4711-afa8-12a4028fa9bd","actionClassId":"7e25aaa2-8371-479a-a978-01374c70decd","key":"force-unlock","value":"false"}],"workflowStructures":[{"scheme_id":"d61a59e1-a49c-46f2-a929-db2b4bfa88b2","rownumber":"0","structure_id":"855a2d72-f2f3-4169-8b04-ac5157c4380c","id":"a06c8143-b640-4dd9-b6c8-bd42db2c18d0","oddoreven":"0"},{"scheme_id":"d61a59e1-a49c-46f2-a929-db2b4bfa88b2","rownumber":"1","structure_id":"c938b15f-bcb6-49ef-8651-14d455a97045","id":"daa22f15-d6ef-447b-a3e2-c0585b7e3dc2","oddoreven":"1"},{"scheme_id":"d61a59e1-a49c-46f2-a929-db2b4bfa88b2","rownumber":"2","structure_id":"8e850645-bb92-4fda-a765-e67063a59be0","id":"40deb8d6-caea-40b3-add1-38f4c01eb151","oddoreven":"0"},{"scheme_id":"d61a59e1-a49c-46f2-a929-db2b4bfa88b2","rownumber":"3","structure_id":"f4d7c1b8-2c88-4071-abf1-a5328977b07d","id":"c3845622-012f-4e6a-85ba-434231be2f93","oddoreven":"1"},{"scheme_id":"d61a59e1-a49c-46f2-a929-db2b4bfa88b2","rownumber":"4","structure_id":"4d21b6d8-1711-4ae6-9419-89e2b1ae5a06","id":"a0970250-8e0b-49e2-9ff7-b9349893bc55","oddoreven":"0"},{"scheme_id":"d61a59e1-a49c-46f2-a929-db2b4bfa88b2","rownumber":"5","structure_id":"33888b6f-7a8e-4069-b1b6-5c1aa9d0a48d","id":"38fcbf0f-7b03-470e-b35b-1216daf1679f","oddoreven":"1"},{"scheme_id":"d61a59e1-a49c-46f2-a929-db2b4bfa88b2","rownumber":"6","structure_id":"f2d8a1c7-2b77-2081-bcf1-b5348988c08d","id":"b5eb2a8e-4a25-4cf6-b0b6-a3f8fe3c6e98","oddoreven":"0"},{"scheme_id":"d61a59e1-a49c-46f2-a929-db2b4bfa88b2","rownumber":"7","structure_id":"c541abb1-69b3-4bc5-8430-5e09e5239cc8","id":"e0c3090e-d6d8-4dcb-b78f-2fff7e682bb8","oddoreven":"1"},{"scheme_id":"d61a59e1-a49c-46f2-a929-db2b4bfa88b2","rownumber":"8","structure_id":"2c46b6586c38852ac08a824a303ced80","id":"16ab18c2-63cb-47b6-a091-5203d7a91f4e","oddoreven":"0"},{"scheme_id":"d61a59e1-a49c-46f2-a929-db2b4bfa88b2","rownumber":"9","structure_id":"c77450b834901a20c8193ef9d561ee5b","id":"66147e37-3353-423c-9451-9237a4d31804","oddoreven":"1"},{"scheme_id":"d61a59e1-a49c-46f2-a929-db2b4bfa88b2","rownumber":"10","structure_id":"2a3e91e4-fbbf-4876-8c5b-2233c1739b05","id":"b361d666-471e-4cf8-b42c-2faa2d030d49","oddoreven":"0"},{"scheme_id":"d61a59e1-a49c-46f2-a929-db2b4bfa88b2","rownumber":"11","structure_id":"e16be8d19e4d9780e9a40e09bbe2eca0","id":"fb30950b-97a1-4bb1-a6d7-861d2140f2f5","oddoreven":"1"},{"scheme_id":"d61a59e1-a49c-46f2-a929-db2b4bfa88b2","rownumber":"12","structure_id":"d6fed088b09d1aef8f8817661d43841a","id":"f9a815a7-4ebb-4c53-ac8e-b4188176c933","oddoreven":"0"},{"scheme_id":"d61a59e1-a49c-46f2-a929-db2b4bfa88b2","rownumber":"13","structure_id":"f2a3721bde8451663a4ca05f1abf921c","id":"ad2b18c8-92cf-4964-b0d7-3a5fb56723ef","oddoreven":"1"}],"schemeSystemActionWorkflowActionMappings":[{"identifier":"3d6be719-6b61-4ef8-a594-a9764e461597","systemAction":"NEW","workflowAction":{"id":"ceca71a0-deee-4999-bd47-b01baa1bcfc8","name":"Save","schemeId":"d61a59e1-a49c-46f2-a929-db2b4bfa88b2","condition":"","nextStep":"ee24a4cb-2d15-4c98-b1bd-6327126451f3","nextAssign":"654b0931-1027-41f7-ad4d-173115ed8ec1","icon":"workflowIcon","roleHierarchyForAssign":false,"assignable":false,"commentable":false,"order":0,"metadata":{},"nextStepCurrentStep":false,"owner":null,"showOn":["UNPUBLISHED","PUBLISHED","NEW","EDITING","LOCKED"],"hasOnlyBatchActionlet":false,"hasPublishActionlet":false,"hasUnpublishActionlet":false,"hasArchiveActionlet":false,"hasUnarchiveActionlet":false,"hasDeleteActionlet":false,"hasDestroyActionlet":false,"hasCommentActionlet":false,"hasResetActionlet":false,"hasPushPublishActionlet":false,"hasMoveActionletActionlet":false,"hasMoveActionletHasPathActionlet":false,"hasSaveActionlet":true},"owner":{"id":"d61a59e1-a49c-46f2-a929-db2b4bfa88b2","creationDate":1750613982523,"name":"System Workflow","variableName":"SystemWorkflow","description":"","archived":false,"mandatory":false,"defaultScheme":false,"modDate":1750611827835,"entryActionId":null,"system":true},"ownerContentType":false,"ownerScheme":true},{"identifier":"63865890-c863-43a1-ab61-4b495dba5eb5","systemAction":"EDIT","workflowAction":{"id":"ceca71a0-deee-4999-bd47-b01baa1bcfc8","name":"Save","schemeId":"d61a59e1-a49c-46f2-a929-db2b4bfa88b2","condition":"","nextStep":"ee24a4cb-2d15-4c98-b1bd-6327126451f3","nextAssign":"654b0931-1027-41f7-ad4d-173115ed8ec1","icon":"workflowIcon","roleHierarchyForAssign":false,"assignable":false,"commentable":false,"order":0,"metadata":{},"nextStepCurrentStep":false,"owner":null,"showOn":["UNPUBLISHED","PUBLISHED","NEW","EDITING","LOCKED"],"hasOnlyBatchActionlet":false,"hasPublishActionlet":false,"hasUnpublishActionlet":false,"hasArchiveActionlet":false,"hasUnarchiveActionlet":false,"hasDeleteActionlet":false,"hasDestroyActionlet":false,"hasCommentActionlet":false,"hasResetActionlet":false,"hasPushPublishActionlet":false,"hasMoveActionletActionlet":false,"hasMoveActionletHasPathActionlet":false,"hasSaveActionlet":true},"owner":{"id":"d61a59e1-a49c-46f2-a929-db2b4bfa88b2","creationDate":1750613982523,"name":"System Workflow","variableName":"SystemWorkflow","description":"","archived":false,"mandatory":false,"defaultScheme":false,"modDate":1750611827835,"entryActionId":null,"system":true},"ownerContentType":false,"ownerScheme":true},{"identifier":"3ec446c8-a9b6-47fe-830f-1e623493090c","systemAction":"UNPUBLISH","workflowAction":{"id":"38efc763-d78f-4e4b-b092-59cd8c579b93","name":"Unpublish","schemeId":"d61a59e1-a49c-46f2-a929-db2b4bfa88b2","condition":"","nextStep":"ee24a4cb-2d15-4c98-b1bd-6327126451f3","nextAssign":"654b0931-1027-41f7-ad4d-173115ed8ec1","icon":"workflowIcon","roleHierarchyForAssign":false,"assignable":false,"commentable":false,"order":0,"metadata":{},"nextStepCurrentStep":false,"owner":null,"showOn":["LISTING","UNLOCKED","PUBLISHED","LOCKED"],"hasOnlyBatchActionlet":false,"hasPublishActionlet":false,"hasUnpublishActionlet":true,"hasArchiveActionlet":false,"hasUnarchiveActionlet":false,"hasDeleteActionlet":false,"hasDestroyActionlet":false,"hasCommentActionlet":false,"hasResetActionlet":false,"hasPushPublishActionlet":false,"hasMoveActionletActionlet":false,"hasMoveActionletHasPathActionlet":false,"hasSaveActionlet":false},"owner":{"id":"d61a59e1-a49c-46f2-a929-db2b4bfa88b2","creationDate":1750613982523,"name":"System Workflow","variableName":"SystemWorkflow","description":"","archived":false,"mandatory":false,"defaultScheme":false,"modDate":1750611827835,"entryActionId":null,"system":true},"ownerContentType":false,"ownerScheme":true},{"identifier":"99019118-df2c-4297-a5aa-2fe3fe0f52ce","systemAction":"UNARCHIVE","workflowAction":{"id":"c92f9aa1-9503-4567-ac30-d3242b54d02d","name":"Unarchive","schemeId":"d61a59e1-a49c-46f2-a929-db2b4bfa88b2","condition":"","nextStep":"ee24a4cb-2d15-4c98-b1bd-6327126451f3","nextAssign":"654b0931-1027-41f7-ad4d-173115ed8ec1","icon":"workflowIcon","roleHierarchyForAssign":false,"assignable":false,"commentable":false,"order":0,"metadata":{},"nextStepCurrentStep":false,"owner":null,"showOn":["ARCHIVED","LISTING","UNLOCKED","LOCKED"],"hasOnlyBatchActionlet":false,"hasPublishActionlet":false,"hasUnpublishActionlet":false,"hasArchiveActionlet":false,"hasUnarchiveActionlet":true,"hasDeleteActionlet":false,"hasDestroyActionlet":false,"hasCommentActionlet":false,"hasResetActionlet":false,"hasPushPublishActionlet":false,"hasMoveActionletActionlet":false,"hasMoveActionletHasPathActionlet":false,"hasSaveActionlet":false},"owner":{"id":"d61a59e1-a49c-46f2-a929-db2b4bfa88b2","creationDate":1750613982523,"name":"System Workflow","variableName":"SystemWorkflow","description":"","archived":false,"mandatory":false,"defaultScheme":false,"modDate":1750611827835,"entryActionId":null,"system":true},"ownerContentType":false,"ownerScheme":true},{"identifier":"2016a72e-85c7-4ee0-936f-36ce52df355e","systemAction":"PUBLISH","workflowAction":{"id":"b9d89c80-3d88-4311-8365-187323c96436","name":"Publish","schemeId":"d61a59e1-a49c-46f2-a929-db2b4bfa88b2","condition":"","nextStep":"dc3c9cd0-8467-404b-bf95-cb7df3fbc293","nextAssign":"654b0931-1027-41f7-ad4d-173115ed8ec1","icon":"workflowIcon","roleHierarchyForAssign":false,"assignable":false,"commentable":false,"order":0,"metadata":{},"nextStepCurrentStep":false,"owner":null,"showOn":["LISTING","UNPUBLISHED","UNLOCKED","PUBLISHED","NEW","EDITING","LOCKED"],"hasOnlyBatchActionlet":false,"hasPublishActionlet":true,"hasUnpublishActionlet":false,"hasArchiveActionlet":false,"hasUnarchiveActionlet":false,"hasDeleteActionlet":false,"hasDestroyActionlet":false,"hasCommentActionlet":false,"hasResetActionlet":false,"hasPushPublishActionlet":false,"hasMoveActionletActionlet":false,"hasMoveActionletHasPathActionlet":false,"hasSaveActionlet":true},"owner":{"id":"d61a59e1-a49c-46f2-a929-db2b4bfa88b2","creationDate":1750613982523,"name":"System Workflow","variableName":"SystemWorkflow","description":"","archived":false,"mandatory":false,"defaultScheme":false,"modDate":1750611827835,"entryActionId":null,"system":true},"ownerContentType":false,"ownerScheme":true},{"identifier":"e7b8c8a3-e605-473c-8680-6d95cac15c9b","systemAction":"ARCHIVE","workflowAction":{"id":"4da13a42-5d59-480c-ad8f-94a3adf809fe","name":"Archive","schemeId":"d61a59e1-a49c-46f2-a929-db2b4bfa88b2","condition":"","nextStep":"d6b095b6-b65f-4bdb-bbfd-701d663dfee2","nextAssign":"654b0931-1027-41f7-ad4d-173115ed8ec1","icon":"workflowIcon","roleHierarchyForAssign":false,"assignable":false,"commentable":false,"order":0,"metadata":{},"nextStepCurrentStep":false,"owner":null,"showOn":["ARCHIVED","LISTING","UNPUBLISHED","UNLOCKED"],"hasOnlyBatchActionlet":false,"hasPublishActionlet":false,"hasUnpublishActionlet":false,"hasArchiveActionlet":true,"hasUnarchiveActionlet":false,"hasDeleteActionlet":false,"hasDestroyActionlet":false,"hasCommentActionlet":false,"hasResetActionlet":false,"hasPushPublishActionlet":false,"hasMoveActionletActionlet":false,"hasMoveActionletHasPathActionlet":false,"hasSaveActionlet":false},"owner":{"id":"d61a59e1-a49c-46f2-a929-db2b4bfa88b2","creationDate":1750613982523,"name":"System Workflow","variableName":"SystemWorkflow","description":"","archived":false,"mandatory":false,"defaultScheme":false,"modDate":1750611827835,"entryActionId":null,"system":true},"ownerContentType":false,"ownerScheme":true},{"identifier":"3d73437e-3f1c-8e5c-ac97-a25e9cddf320","systemAction":"DESTROY","workflowAction":{"id":"1e0f1c6b-b67f-4c99-983d-db2b4bfa88b2","name":"Destroy","schemeId":"d61a59e1-a49c-46f2-a929-db2b4bfa88b2","condition":"","nextStep":"d6b095b6-b65f-4bdb-bbfd-701d663dfee2","nextAssign":"654b0931-1027-41f7-ad4d-173115ed8ec1","icon":"workflowIcon","roleHierarchyForAssign":false,"assignable":false,"commentable":false,"order":0,"metadata":{},"nextStepCurrentStep":false,"owner":null,"showOn":["ARCHIVED","LISTING","UNLOCKED","EDITING","LOCKED"],"hasOnlyBatchActionlet":false,"hasPublishActionlet":false,"hasUnpublishActionlet":false,"hasArchiveActionlet":false,"hasUnarchiveActionlet":false,"hasDeleteActionlet":false,"hasDestroyActionlet":true,"hasCommentActionlet":false,"hasResetActionlet":false,"hasPushPublishActionlet":false,"hasMoveActionletActionlet":false,"hasMoveActionletHasPathActionlet":false,"hasSaveActionlet":false},"owner":{"id":"d61a59e1-a49c-46f2-a929-db2b4bfa88b2","creationDate":1750613982523,"name":"System Workflow","variableName":"SystemWorkflow","description":"","archived":false,"mandatory":false,"defaultScheme":false,"modDate":1750611827835,"entryActionId":null,"system":true},"ownerContentType":false,"ownerScheme":true},{"identifier":"d073436e-3c10-4e4c-8c97-225e9cddf320","systemAction":"DELETE","workflowAction":{"id":"777f1c6b-c877-4a37-ba4b-10627316c2cc","name":"Delete","schemeId":"d61a59e1-a49c-46f2-a929-db2b4bfa88b2","condition":"","nextStep":"d6b095b6-b65f-4bdb-bbfd-701d663dfee2","nextAssign":"654b0931-1027-41f7-ad4d-173115ed8ec1","icon":"workflowIcon","roleHierarchyForAssign":false,"assignable":false,"commentable":false,"order":0,"metadata":{},"nextStepCurrentStep":false,"owner":null,"showOn":["ARCHIVED","LISTING","UNLOCKED","EDITING","LOCKED"],"hasOnlyBatchActionlet":false,"hasPublishActionlet":false,"hasUnpublishActionlet":false,"hasArchiveActionlet":false,"hasUnarchiveActionlet":false,"hasDeleteActionlet":true,"hasDestroyActionlet":false,"hasCommentActionlet":false,"hasResetActionlet":false,"hasPushPublishActionlet":false,"hasMoveActionletActionlet":false,"hasMoveActionletHasPathActionlet":false,"hasSaveActionlet":false},"owner":{"id":"d61a59e1-a49c-46f2-a929-db2b4bfa88b2","creationDate":1750613982523,"name":"System Workflow","variableName":"SystemWorkflow","description":"","archived":false,"mandatory":false,"defaultScheme":false,"modDate":1750611827835,"entryActionId":null,"system":true},"ownerContentType":false,"ownerScheme":true}],"contentTpeSystemActionWorkflowActionMappings":[]}